-- MySQL dump 10.13  Distrib 8.0.37, for Linux (x86_64)
--
-- Host: localhost    Database: studynet
-- ------------------------------------------------------
-- Server version	8.0.37-0ubuntu0.23.10.2

/*!40101 SET @OLD_CHARACTER_SET_CLIENT=@@CHARACTER_SET_CLIENT */;
/*!40101 SET @OLD_CHARACTER_SET_RESULTS=@@CHARACTER_SET_RESULTS */;
/*!40101 SET @OLD_COLLATION_CONNECTION=@@COLLATION_CONNECTION */;
/*!50503 SET NAMES utf8mb4 */;
/*!40103 SET @OLD_TIME_ZONE=@@TIME_ZONE */;
/*!40103 SET TIME_ZONE='+00:00' */;
/*!40014 SET @OLD_UNIQUE_CHECKS=@@UNIQUE_CHECKS, UNIQUE_CHECKS=0 */;
/*!40014 SET @OLD_FOREIGN_KEY_CHECKS=@@FOREIGN_KEY_CHECKS, FOREIGN_KEY_CHECKS=0 */;
/*!40101 SET @OLD_SQL_MODE=@@SQL_MODE, SQL_MODE='NO_AUTO_VALUE_ON_ZERO' */;
/*!40111 SET @OLD_SQL_NOTES=@@SQL_NOTES, SQL_NOTES=0 */;

--
-- Current Database: `studynet`
--

CREATE DATABASE /*!32312 IF NOT EXISTS*/ `studynet` /*!40100 DEFAULT CHARACTER SET latin1 */ /*!80016 DEFAULT ENCRYPTION='N' */;

USE `studynet`;

--
-- Table structure for table `appreciationGenerale`
--

DROP TABLE IF EXISTS `appreciationGenerale`;
/*!40101 SET @saved_cs_client     = @@character_set_client */;
/*!50503 SET character_set_client = utf8mb4 */;
CREATE TABLE `appreciationGenerale` (
  `app_contenu` text,
  `etu_id` int NOT NULL,
  `pf_id` int NOT NULL,
  PRIMARY KEY (`etu_id`,`pf_id`),
  KEY `FK_participer_pf_id` (`pf_id`),
  CONSTRAINT `FK_participer_etu_id` FOREIGN KEY (`etu_id`) REFERENCES `etudiant` (`etu_id`),
  CONSTRAINT `FK_participer_pf_id` FOREIGN KEY (`pf_id`) REFERENCES `periodeformation` (`pf_id`)
) ENGINE=InnoDB DEFAULT CHARSET=utf8mb3 COMMENT='Table permettant de stocker la participation des étudiants à une formation';
/*!40101 SET character_set_client = @saved_cs_client */;

--
-- Dumping data for table `appreciationGenerale`
--

LOCK TABLES `appreciationGenerale` WRITE;
/*!40000 ALTER TABLE `appreciationGenerale` DISABLE KEYS */;
INSERT INTO `appreciationGenerale` VALUES ('Volontaire et assidu, Enzo s\'adapte bien aux nouveaux apprentissages et se fait fort de l\'accompagnement de ses équipiers.\r\nIl doit encore pratiquer assidûment pour appréhender plus facilement certains aspects techniques en cours d\'acquisition.',1,1),('Florian assimile bien les bases mais a tendance à se compliquer énormément la tâche. \r\nIl cherche des solutions qui sont dans sa logique mais qui ne représentent pas forcément une solution viable.\r\nIl a tendance à revenir trop souvent sur un traitement fonctionnel et, à force de le remanier, sans que cela soit nécessaire, a tendance à le rendre plus lourd que ce qu\'il était ou devrait être.\r\nIl n\'hésite pas cependant à demander de l\'aide et cela lui réussit.\r\nLa pratique et l\'expérience lui ouvriront d\'autres visions plus \"logiques\".',2,1),('Bon travail de remise à niveau en développement.\r\nD\'origine spécialisé dans le réseau, Eric fait preuve d\'une certaine logique qui lui a causé quelques soucis à l\'acquisition des bases du développement, surtout en objet.\r\nCette étape maintenant passée, Eric progresse bien et montre de grandes capacités d\'autonomie.\r\nAttention cependant à ne pas rester bloqué sur une solution, peut-être que d\'autres présentent d\'autres avantages même si ce n\'est pas la première à laquelle Eric a pensé.',3,1),('Guillaume fait preuve d\'une grande capacité d\'auto-apprentissage grâce à sa persévérance et son obstination.\r\nGuillaume doit cependant chercher à ne pas essayer de trouver la solution la plus complexe qui soit, il doit chercher à se simplifier le travail. ',4,1),('Bon travail, Anthony est volontaire et autonome et n\'hésite pas à faire partager ses acquis avec ceux qui peuvent avoir plus de difficultés. \r\nBelle application des acquis. ',5,1),('Malgré certaines difficultés à la compréhension de la logique du métier de développeur, Maxence a su prendre à bras le corps ses lacunes et parvient à acquérir les notions nécessaires à la réalisation des exercices demandés et à l\'apprentissage des technologies abordées.\r\nMaxence doit pratiquer pour améliorer ses acquis.',6,1),('Autonome et efficace, Séverine acquiert très bien les apprentissages et assimile de manière plutôt efficaces les techniques et technologies abordées.\r\nBon apprentissage et belle évolution.',7,1),('Bon travail, Loïc est efficace et volontaire. Il n\'hésite pas à aider ses camarades ni à proposer des solutions aux exercices demandés. ',8,1),('Rodolphe a très bien assimilé les notions de base et montre une belle évolution.\r\nIl doit cependant ne pas hésiter à demander de l\'aide lorsqu\'il bloque sur des points particuliers.\r\nMalgré le fait qu\'il parvienne a trouver les solutions, cela lui permettrait de se pencher sur d\'autres points qu\'il a pu laisser de côté.',9,1),('Belle progression, Nathalie a su acquérir efficacement les notions principales et les appliquer au delà des notions assimilées en cours. \r\nElle n\'hésite pas à demander de l\'aide et à remanier ses logiques en fonction des apports qu\'elle peut avoir.\r\nElle présente également une pédagogie intéressante pour retransmettre des informations qu\'elle a assimilées. \r\nBon travail, la pratique permettra de valoriser l\'investissement.',10,1),('Bon travail, les notions de bases sont acquises, Antoine doit encore pratiquer pour aller plus loin.\r\nAttention à ne pas être trop discret et ne pas hésiter à demander un coup de main pour se débloquer.',11,1),('Bon travail, belle implication dans les modules, tenace et déterminé, Mickael fait preuve d\'une belle efficacité dans son apprentissage.',12,1),('Vianelle a su faire preuve de persévérance pour assimiler les notions qu\'il lui manquaient au niveau des bases sur le développement. \r\nBon travail, belle implication générale, n\'hésite pas à demander de l\'aide pour débloquer certains points.\r\nLa pratique lui permettra de valider tous ces acquis et la rendra plus performante.',13,1),('Bon travail, bonne acquisition, David reste cependant trop discret. Il est difficile de dire si tout est acquis ou en cours d\'acquisition. David fait son petit bonhomme de chemin, réalise les travaux demandés, mais ne manifeste pas ou peu ses difficultés.',14,1),('Bonne progression, Axel assimile des notions qui lui étaient totalement étrangères et parvient à surmonter plutôt efficacement les difficultés qu\'il rencontre. Il n\'hésite pas à demander de l\'aide ou à se faire réexpliquer les notions qu\'il a pu ne pas saisir. \r\nIl faut persévérer en pratiquant pour devenir plus rapide et performant.',15,1),('Bon travail, quelques difficultés au début rencontrées sur la programmation mais que Charlie a su surmonter.\r\nBelle progression, un peu discret mais bien intégré.',16,1),('Bon travail, Benoît est volontaire et persévérant. Il n\'hésite pas à demander de l\'aide mais aussi à aider et fait preuve d\'une prise de hauteur plus efficace quand à l\'analyse des besoins et des spécifications. Ses réflexions sont pertinentes et il n\'hésite pas à les remettre en question si besoin.',17,1),('Les débuts ont été un peu difficiles pour Pauline mais elle a su rester forte devant les difficultés rencontrées et n\'a pas hésité à en parler pour que les intervenants et ses camarades puissent l\'accompagner plus efficacement.\r\nMaintenant, elle est beaucoup plus a l\'aise et a su se prouver qu\'elle en était tout à fait capable.\r\nElle a besoin de beaucoup de pratique pour assimiler parfaitement les notions mais elle est très volontaire et fait preuve d\'une grande force de caractère pour mener à bien ses missions. Bon travail, il faut continuer sur cette lancée.',18,1),('Elmin présente encore quelques lacunes sur des notions de bases mais se fait fort d\'y remédier en travaillant et en n’hésitant pas à aller chercher les informations qui lui permettront d\'avancer.\r\nElmin est très motivé et son évolution en est la preuve.',19,1),('Matthieu est assidu et volontaire, il assimile les notions au fur et à a mesure et les applique avec une certaine efficacité.\r\nMatthieu doit apprendre à organiser son code et a éviter le mode \"brouillon\" (des blocs de codes en commentaires un peu partout dans son source) ce qui lui permettra de comprendre et de répondre plus efficacement encore aux exercices demandés.\r\nLa pratique lui permettra également de faire correspondre plus facilement ses idées à ses réalisations. ',20,1),('Belle capacité d\'apprentissage, Bruce est autonome mais reste encore trop discret. Il apprend vite, bien, mais doit encore pratiquer pour parfaire son apprentissage et produire des réalisations plus performantes.',21,1),('Bonne progression, quelques difficultés surmontées soit de façon autonome, soit en s\'aidant des ressources autour de lui, Arthur est ouvert et volontaire.\r\nAvec plus de pratique, il n\'en sera que meilleur.',22,1),('Bénédicte assimile bien et retient les informations correctement. Elle doit cependant réussir à appliquer une certaine logique qu\'elle est en cours d\'acquisition pour que ses réalisations soient plus performantes et exploitables. \r\nBénédicte présente une belle courbe d\'apprentissage et sa persévérance lui permettra d\'aller encore plus loin.',23,1),('Très dynamique tant dans ses pensées que dans ses réalisations, Camille est très autonome tout en sachant s\'aider des ressources dont elle dispose.\r\nElle apprend vite, comprend vite et parvient à reproduire et produire des choses de qualités de manière assez intuitive et rapide.\r\nBon travail.',24,1),('Alexis assimile bien les notions et les applique sans trop de difficultés.\r\nBon apprentissage même si je pense qu\'un peu moins de discrétion lui serait bénéfique.',25,1),('Kévin a su produire des choses surprenantes. Il apprend bien, vite et malgré une grande discrétion (qui pourrait faire croire qu\'il a du mal a s\'intégrer), Kévin est capable de produire et de reproduire de belles réalisations. Attention toutefois à l\'organisation, tant au niveau du code que de ce qui l\'entoure. Bon travail.',26,1),('Avec des bases déjà bien assimilées, Yann est productif, efficace, meneur et force de proposition sur un certain nombre de technologies qu\'il a acquis. \r\nYann est également très à l\'aise dans l\'accompagnement, il aide beaucoup ses camarades et cela semble lui plaire.\r\nUne très belle intégration dans le groupe. ',27,1),('Autonome, efficace, persévérant, Alexandre fait preuve d\'une belle capacité d\'apprentissage et réalise des choses qui vont au delà des notions acquises sur les bases du métier de développeur. \r\nBon travail, également à l\'aise dans l’accompagnement de ses camarades, il ne demande pas beaucoup d\'aide mais sait trouver les réponses à ses questions quand il en a besoin.',28,1),('Bon apprentissage, Lucas est persévérant et motivé. Cela lui permet d\'acquérir les notions malgré certaines difficultés qui s\'estompent au fur et à mesure des apprentissages. Lucas doit pratiquer pour parfaire ses acquis et continuer sa progression. Bon travail.',29,1),('Bon travail, bon apprentissage, un peu trop discret mais Valentin sait trouver les réponses dont il a besoin. La pratique lui permettra de continuer sa progression et lui donnera la possibilité d\'assimiler plus efficacement certaines notions qu\'il ne maîtrise pas encore. ',30,1),(NULL,31,2),(NULL,32,2),(NULL,33,2),(NULL,34,2),(NULL,35,2),(NULL,36,2),(NULL,37,2),(NULL,38,2),(NULL,39,2),(NULL,40,4),(NULL,47,8),(NULL,48,8),(NULL,49,8),(NULL,50,8),(NULL,51,8),(NULL,52,8),(NULL,53,8),(NULL,54,8),(NULL,55,8),(NULL,56,8),(NULL,57,8),(NULL,58,8),(NULL,59,8),(NULL,60,8),(NULL,61,8),(NULL,62,8),(NULL,63,8),(NULL,64,8),(NULL,65,8),(NULL,66,8),(NULL,67,8),(NULL,68,8),(NULL,69,8),(NULL,70,8),(NULL,71,8),(NULL,72,8),('Bon travail et acquisition des notions fondamentales, Joffrey fait preuve d\'une approche technique bien assise mais doit faire attention à l\'implémentation des notions qui lui sont demandées. Joffrey reste encore un peu brouillon dans ses idées et la retranscription des traitements s\'en ressent.\r\nDe la pratique lui permettra de palier à cela et lui donnera les éléments nécessaires pour être pleinement à l\'aise sur le sujet.\r\nUn peu plus de participation serait profitable également.',72,37),(NULL,73,8),(NULL,74,8),(NULL,75,8),(NULL,76,8),(NULL,77,8),(NULL,78,8),(NULL,79,8),(NULL,80,8),(NULL,81,8),(NULL,82,8),(NULL,83,7),(NULL,83,17),(NULL,84,7),(NULL,85,7),(NULL,86,7),(NULL,87,7),(NULL,88,7),(NULL,89,7),(NULL,90,7),(NULL,91,7),(NULL,92,7),(NULL,93,7),(NULL,94,7),(NULL,95,7),(NULL,96,7),(NULL,97,7),(NULL,98,7),(NULL,99,7),(NULL,100,7),(NULL,101,7),(NULL,102,7),(NULL,103,7),(NULL,104,7),(NULL,105,7),(NULL,106,7),(NULL,107,7),(NULL,108,7),(NULL,109,7),(NULL,110,7),(NULL,111,7),(NULL,112,7),(NULL,113,6),(NULL,114,6),(NULL,115,6),(NULL,116,6),(NULL,117,6),(NULL,118,6),(NULL,119,6),(NULL,120,6),(NULL,121,6),(NULL,122,6),(NULL,123,6),(NULL,124,6),(NULL,125,6),(NULL,126,6),(NULL,127,6),(NULL,128,6),(NULL,129,6),(NULL,130,6),(NULL,131,6),(NULL,132,6),(NULL,133,6),(NULL,134,6),(NULL,135,6),(NULL,136,6),(NULL,137,6),(NULL,138,6),(NULL,139,6),(NULL,140,6),(NULL,141,6),(NULL,142,6),(NULL,143,6),(NULL,144,6),(NULL,145,6),(NULL,146,6),(NULL,147,6),(NULL,148,6),(NULL,149,6),(NULL,150,6),(NULL,151,6),(NULL,152,6),(NULL,153,6),(NULL,154,6),(NULL,155,6),(NULL,156,6),(NULL,157,6),(NULL,158,6),(NULL,159,6),(NULL,160,6),(NULL,161,6),(NULL,162,5),(NULL,163,5),(NULL,164,5),(NULL,165,5),(NULL,166,5),(NULL,167,5),(NULL,168,5),(NULL,169,5),(NULL,170,5),(NULL,171,5),(NULL,172,5),(NULL,173,5),(NULL,174,5),(NULL,175,5),(NULL,176,5),(NULL,177,5),(NULL,178,5),(NULL,179,5),(NULL,180,5),(NULL,181,5),(NULL,182,5),(NULL,183,5),(NULL,184,5),(NULL,185,5),(NULL,186,5),(NULL,187,5),(NULL,188,5),(NULL,189,5),(NULL,190,5),(NULL,191,5),(NULL,192,5),(NULL,193,5),(NULL,194,5),(NULL,195,5),(NULL,196,5),(NULL,197,5),(NULL,198,5),(NULL,199,5),(NULL,200,5),(NULL,201,5),(NULL,202,5),(NULL,203,5),(NULL,204,5),(NULL,205,5),(NULL,206,5),(NULL,207,5),(NULL,208,5),(NULL,209,5),(NULL,210,5),(NULL,211,5),(NULL,212,5),(NULL,213,5),(NULL,214,4),(NULL,215,4),(NULL,216,4),(NULL,217,4),(NULL,218,4),(NULL,219,4),(NULL,220,4),(NULL,221,4),(NULL,222,4),(NULL,223,4),(NULL,224,4),(NULL,225,4),(NULL,226,4),(NULL,227,4),(NULL,228,4),(NULL,229,4),(NULL,230,4),(NULL,231,4),(NULL,232,4),(NULL,233,4),(NULL,234,4),(NULL,235,4),(NULL,236,4),(NULL,237,4),(NULL,238,4),(NULL,239,4),(NULL,240,4),(NULL,241,4),(NULL,242,4),(NULL,243,4),(NULL,244,4),(NULL,245,4),(NULL,246,4),(NULL,247,4),(NULL,248,4),(NULL,249,4),(NULL,250,4),(NULL,251,4),(NULL,252,4),(NULL,253,4),(NULL,254,4),(NULL,255,4),('Marc-Robert est assidu et attentif, il enregistre les informations, parvient à retranscrire les éléments mais nécessite de pratiquer encore plus pour bien en appréhender les tenants et les aboutissants.\r\nLe module de SQL a été satisfaisant malgré une évaluation pour laquelle il a paniqué et s\'est mélangé dans les réponses.\r\nConcernant le module de développement Web, Marc-Robert a bien assimilé les connaissances de bases et parvient à s\'y retrouver assez bien, il a besoin de temps pour bien en assimiler les subtilités.',256,10),(NULL,257,10),('Saloua présente une bonne courbe d\'apprentissage malgré quelques difficultés à assimiler en profondeur des notions particulières concernant la programmation. Cependant, elle présente assez de persévérance et de volonté pour lui permettre de comprendre et d\'assimiler à son rythme les notions élémentaires. Bon travail. Encore de la pratique pour progresser.',258,10),('David est un apprenant assidu et régulier, il assimile correctement les informations qui lui sont transmises et parvient à de bons résultats dans la réalisation des exercices et des TP. Il reste assez discret et pose peu de questions mais cela ne semble pas le désavantager. Bon travail.',259,10),('Mouhamed est un apprenant curieux et volontaire. Il participe assez facilement, n\'hésite pas à poser des questions et assimile beaucoup par auto-apprentissage. Bon profil, il a besoin de pratiquer pour compléter sa formation.',260,10),('Alizée est à l\'aise dans le développement et l\'apprentissage des notions relatives à ce domaine de compétences. Elle parvient à réaliser aisément les exercices, persévérante et attentive, elle présente une très bonne coure d\'apprentissage. Elle s\'intéresse et pose des questions, elle aide également ses camarades autant qu\'elle peut. Très bon profil.',261,10),('Montasser est attentif et assidu, participatif et autonome. Il n\'hésite pas à poser des questions sur les points qu\'il ne comprend pas forcément et complète facilement les informations par les recherches qu\'il effectue aisément sur le net. Montasser peut manquer un peu de rigueur dans son code mais la pratique et l\'expérience lui permettront de résoudre ce point.',262,10),('Rémy est un apprenant efficace et très autonome mais trop discret. Il est difficile de juger de sa capacité d\'assimilation durant les phases théoriques mais la pratique ne pose pas de soucis particulier. Bon travail, bon apprentissage, Rémy doit apprendre à s\'ouvrir un peu plus pour lui permettre de progresser plus rapidement.',263,10),('Sébastien présente un profil très efficace, autonome mais peut-être un peu trop perfectionniste. Il assimile bien, comprend vite, est curieux, pose des questions, n\'hésite pas à s\'aventurer hors de sa zone de confort. Bon apprentissage, doit encore pratiquer pour gagner en aisance sur le développement.',264,10),('Antoine est persévérant et déterminé, il met de gros efforts dans la réalisation de ce qu\'il fait, il n\'hésite pas à essayer des choses qu\'il n\'a pas encore bien compris et parvient malgré tout à des résultats probants. Il est très motivé par le développement Web et met de grands espoirs dans ce domaine. Bon travail, perfectionniste et assidu, il n\'hésite pas à poser des questions et à compléter son apprentissage par des recherches ciblées.',265,10),('Max-Charles est un apprenant motivé et intéressé. Il présente certaines aptitudes d\'apprentissage et dispose d\'une belle faculté d\'adaptation et de compréhension technique. Il est participatif et intégré, accompagne facilement ses camarades. Juste une petite tendance à douter de ses capacités mais qui ne l\'empêche pas d\'évoluer. Bon travail',266,10),('Jordan est relativement discret mais cela ne l\'empêche pas de réaliser une bonne courbe d\'apprentissage. Attentif et intéressé, il a besoin de pratiquer pour assimiler pleinement les différentes subtilités des techniques apprises. Il présente un intérêt certain pour des techniques particulières et certaines notions liées à l\'infrastructure et au réseau. Il sait trouver de bonnes solutions aux exercices et n\'hésite pas à sortir un peu de sa zone de confort même si on sent bien qu\'il n\'est pas à l\'aise à 100%. Bon travail, doit continuer à pratiquer.',267,10),(NULL,268,10),(NULL,269,11),(NULL,270,11),(NULL,271,11),(NULL,272,11),(NULL,273,11),(NULL,274,11),(NULL,275,11),(NULL,276,11),(NULL,277,11),(NULL,278,11),(NULL,279,11),(NULL,280,11),(NULL,281,11),(NULL,282,11),(NULL,283,11),(NULL,284,11),(NULL,285,11),(NULL,286,11),(NULL,287,11),('En plus d\'être ouvert et curieux, David est constructif dans son apprentisage. Il acquiert les modules, malgré certaines lacunes techniques qu\'il parvient à effacer en travaillant. Bon comportement général, approche professionnelle sérieuse.',288,13),('Pierre est un étudiant assidu et impliqué, il acquiert les notions à son rythme sans faillir et obtiens des résultats intéressants sur les modules.\r\nIntérêt serieux et appliqué, approche professionnelle réelle, comportement ouvert et correct.',289,13),('Emeline est efficace et persévérente, belle courbe d\'apprentissage, bons acquis.\r\nDe part ses expériences, elle a une apporche plutôt professionnelle même si elle ne se mets pas assez en valeur et devrait apprendre à s\'affirmer plus.',290,13),('Bonne acquisition générale de la formation et des modules suivis. Benjamin est efficace et assidu, impliqué et professionnel.',291,13),('A l\'aise dans un certain nombre de modules, Jonathan a su mettre à profit ses acquis passés et les mixer avec les encours.\r\nJonathan est encore jeune et doit encore acquérir de la maturité pour profiter pleinement de ses acquisition en entreprise et en équipe.',292,13),('Kateryna est impliquée et attentive. Elle fourni beaucoup d\'efforts pour apprendre et ces efforts sont porteurs. Cependant, elle reste un peu en retrait car manque de pratique et a besoin de plus de temps pour appréhender les notions un peu complexes. \r\nElle sait demander de l\'aide et n\'hésite pas à poser des questions. Elle mettra un peu plus de temps à gagner en autonomie mais son acharnement est réel et efficace.',293,13),('Impliqué et productif, Jérémy est efficace dans son apprentissage. Manquant un peu de participation et de curiosité, il n\'hésite pas à s\'entourer des éléments qui lui permettront d\'avancer.\r\nD\'un naturel assez discret, il s\'inclut dans les conversations mais ne présente pas un profil de meneur. Approche professionnelle sérieuse.',294,13),('Bons acquis, malgré des difficultés techniques qui l\'ont mise à mal plus d\'une fois, elle a su rebondir et se faire aider pour parvenir à surmonter les épreuves.\r\nBon travail.\r\nCaractère assez fort, elle saura s\'intégrer dans une équipe et se faire entendre si besoin.\r\nApproche professionnelle intéressante, à adapter en fonction des situations.',295,13),('Jimmy n\'est pas un technicien à l\'origine mais il a su s\'intéresser et progresser dans les modules.\r\nApproche professionnelle très axée sur le dialogue, le partage et le dynamisme. Commercial dans l\'âme, il fera un très bon technico-commercial et par l\'expérience passera facilement au dessus des postes de management.',296,13),('Assez discret mais d\'un naturel curieux, Aurélien acquiert les modules avec une belle facilité.\r\nIl doit encore pratiquer pour maîtriser les notions avancées.\r\nBonne approche professionnelle.',297,13),('Très discrète, Elodie ne pose pas beaucoup de question mais celles qu\'elle entreprend de poser sont fondées et mûrement réfléchies. Constructive et productive, Elodie est efficace et acquiert les modules avec brio.\r\nApproche professionnelle encore un peu fébrile mais l\'exérience lui permettra d\'être plus à l\'aise et son intégration n\'en sera que plus facile.',298,13),(NULL,299,13),(NULL,300,13),(NULL,301,13),(NULL,302,13),('M.G. : Le module MERISE n\'a pu être évalué. Cependant, lors des travaux dans les autres modules et le projet, Fleur a su démontrer un bon niveau d\'acquisition des principes de ce module.',303,13),(NULL,304,13),('M.G. : Module MERISE non évaluable. Cependant, Benjamin a su démontrer, au cours des autres modules et du projet, une bonne acquisition des principes de ce module.\r\nBenjamin a tendance à toujours compliquer ses traitement et fait beaucoup de petites erreurs d\'étourderie. Cependant, il est persévérant et méthodique, ce qui lui permet de bien appréhender l\'intégralité de ce qu\'il écrit. \r\nBonne intégration, il est un bon accompagnant dans les projets et n\'hésite pas à prendre des initiatives pour aider les autres.',305,13),('Très assidue et persévérante, Mélissa sait combler ses quelques lacunes techniques par une implication à la hauteur de ce qu\'elle souhaite qualitativement produire.\r\nAppliquée et à l\'écoute. \r\nUne certaine curiosité malgré une forte propension à se dépatouiller par elle-même. \r\nBonne intégration',306,13),('Une très belle implication, très productive malgré une apprente sensation d\'être complètement largué. Glenn est curieux et n\'hésite pas à chercher de l\'aide ni à en demander lorsqu\'il bloque.',307,13),('Très impliquée et appliquée, Sirika sait utiliser efficacement ses apprentissages et mettre à profit tous les TP et exercices pour acquérir les modules.',308,13),('Très impliqué et curieux, Jérémie est un élément très agréable, courtois et respectueux.\r\nIl a une forte tendance à se compliquer les choses et à être très pointilleux et perfectionniste ce qui lui fait perdre du temps. Il doit apprendre à s\'organiser différemment pour être encore plus efficace.\r\nIl est un élément fort qui accompagnera et tirera ses équipe vers l\'avant mais a tendance à beaucoup douter de ses propres décisions.\r\nTrès bonne implication, très bon travail.',309,13),('Maxime cache bien son jeu. Il est assidu et attentif, à l\'écoute et prêt à aider mais reste très discret en participation.\r\nPourtant, son travail est de qualité et son implication est réelle et sérieuse.\r\nBon travail.',310,13),('Très discret, Benjamin gagnera à s\'exprimer pour évoluer et progresser. \r\nBon travail, bon apprentissage.\r\nLes bases sont acquises, à pratiquer pour être plus à l\'aise.',311,13),('Avec de bonnes bases déjà acquises, Soren a profité des apports de la formation pour se perfectionner.\r\nBon élément, toujous prêt à aider et accompagner.\r\nMériterait de se rapprocher un peu plus des autres, donne l\'impression d\'être assez solitaire même si ce n\'est pas le cas lorsque le besoin est présent.\r\nBon travail',312,13),('Bon élément, très impliqué et intéressé. Communiquant, n\'hésite pas à demander de l\'aide.\r\nBon travail, belle courbe d\'apprentissage.',313,13),('Très impliqué et sérieux, curieux et professionnel, Etienne est porteur d\'une belle mission d\'accompagnement de Katerina. Il est capable d\'adapter ses explications et se met facilement au nveau de son auditoire.\r\nTrès bonne courbe d\'apprentissage. Bon travail',314,13),('Constructive et impliquée, Stéphanie est un élément moteur et meneur.\r\nElle n\'hésite pas à prendre des décision mais n\'impose jamais ses choix et sait attendre le consentement de son équipe.\r\nElle doit apprendre à simplifier son code pour progresser encore plus.\r\nBon travail, bonne courbe d\'apprentissage avec des bases déjà bien comprises.',315,13),('Florian est très discret, il est difficile de savoir si il est en difficulté ou pas.\r\nPourtant les travaux rendus sont correctement réalisés et compris. \r\nDoit apprendre à s\'exprimer et se rapprocher des autres pour progresser plus.\r\nBon travail',316,13),(NULL,317,13),('',318,14),(NULL,319,14),(NULL,320,14),(NULL,321,14),(NULL,322,14),(NULL,323,14),(NULL,324,14),(NULL,325,14),('Bon apprentissage, Amélie est efficace et construite. Sa logique lui permet d\'appréhender assez bien les modules, même pour les points plus complexes et elle n\'hésite à partager ses acquis.\r\nElle acuiqert assez facilement les notions principales et n\'héiste pas à pratiquer pour faire évoluer ses techniques.\r\nElle mériterait de participer un peu plus et de partager ses acquis pour gagner en aisance et en qualité d\'apprentissage.\r\nBonne progression.',326,20),('Loïc est très volontaire et curieux, ce qui lui permet d\'appréhender les modules dans de bonnes conditions.\r\nLoïc dit apprendre à simplifier et organiser ses pensées et leurs applications.\r\nSa curiosité le pousse à poser beaucoup de questions pertinentes et son apprentissage s\'en ressent mais Loïc doit s\'appliquer à structurer plus efficacement son travail pour en acquérir les fondements.\r\nBon apprentissage.',327,20),('Guillaume est un apprenant efficace et attentif, il dispose de certaines facilités liées à ses expériences personnelles et gagnera à les partager plus librement.\r\nIl fait preuve d\'une belle curiosité et d\'une bonne autonomie.\r\nAttention toutefois à ne pas perdre trop de temps sur des principes qui ne sont pas vitaux.\r\nBonne acquisition générale des différents modules.',328,20),('Victor fait preuve d\'une belle autonomie et en retire une acquisition efficace des modules mais ne doit pas s\'entêter inutilement. \r\nIl doit apprendre à poser des questions et demander de l\'aide.\r\nIl reste encore des points qu\'il doit pratiquer pour les appréhender correctement mais c\'est une belle acquisition générale des modules.\r\nBon travail',329,20),('Mélissa présente une belle capacité d\'engagement et d\'apprentissage, curieuse et ouverte, elle n\'hésite pas à demander de l\'aide et à apporter la sienne.\r\nBonne progression, doit pratiquer pour qualifier ses apprentissages.',330,20),('Awa est pleine de ressources, elle acquiert les notions principales et n\'hesite pas à mettre sa curiosité en application pour comprendre et appréhender les notions plus complexes.\r\nAwa a besoin de pratiquer et de s\'exercer et à cette volonté naturelle.\r\nNe pas hésiter à poser des questions lui permettra d\'améliorer son apprentissage.',331,20),('Romain est consciencieux et appliqué et mériterait de s\'ouvrir un peu pour faire partager ses doutes et ses expériences.\r\nRomain va à l\'essentiel et acquiert progressivement et sûrement les compétences.\r\nBonne courbe d\'apprentissage.',332,20),('Plutôt discret et avenant, Kévin fait preuve d\'une belle capacité d\'apprentissage et d\'acquisition.\r\nIl sait utiliser ses acquis pour avancer dans les modules et fait preuve d\'une bonne autonomie.\r\nIl gagnerait beaucoup à ne pas hésiter à demander de l\'aide lorsqu\'il bloque sur des point techniques particuliers.\r\nKévin doit pratiquer pour mettre à profit ses apprentissages.\r\nBon travail.',333,20),('Rubina fait preuve d\'une belle persévérence qui lui permet d\'acquérir les compétences et les notions principales.\r\nCependant, elle doit apprendre à ne pas se décourager lorqu\'elle rencontre des difficultés.\r\nSa curiosité et son ouverture lui permettent de s\'accrocher et elle doit continuer dans cette voie.\r\nBonne progression.',334,20),('Bon apprentissage, Kelly a su prendre le dessus sur des points techniques qui la métaient en difficulté.\r\nElle doit persévérer pour acquérir au mieux les différentes technologies et les techniques plus abouties.\r\nBonne progression.\r\n',335,20),('Laurent est curieux et assidu, ce qui lui permet de suivre une belle courbe de progression au travers des mdules.\r\nIl doit ne pas hésiter à poser des questions, ce qui lui permettra de gagner en aisance sur l\'approche de certains points.\r\nIl est efficace et va à l\'essentiel, un peu plus de rigueur lui permettra d\'être plus à l\'aise sur ses techniques.\r\nBon apprentissage.',336,20),('Jérémy est efficace et persévérent, ce qui lui permet d\'apprendre et de comprendre les principes fondamentaux sans trop de difficulté.\r\nIl doit continuer dans sa lancée pour acquérir les derniers points mais il présente une belle courbe d\'aprentissage qui ne serait que plus importante encore en s\'ouvrant pour poser des questions et demander de l\'aide quand nécssaire. \r\nJérémy n\'hésite pas à venir en aide aux autres.\r\nBon apprentissage.',337,20),(NULL,340,23),('Victor est persévérent et efficace. Sans aucune notion de départ, il assimile bien et reproduit assez efficacement.\r\nIl doit pratiquer pour être plus à l\'aise et autonome. Il est en bonne voie pour évoluer rapidement et aller vite.\r\nIl a besoin d\'apprendre à simplifier sa perception pour être encore plus efficace.\r\nBon travail. Bonne courbe d\'apprentissage.',341,24),('Apprenant travailleur et assidu, persévérent. Doit pratiquer pour être plus autonome et confiant.\r\nOlivier a tendance à revenir assez souvent sur des notions déjà vues même si il les a déjà comprises, démontre un esprit perfectionniste.\r\nBonne implication, travail sérieux.',342,24),('Emilient possède déjà certaines bases. Ce module lui a permis de confirmer son acquis.\r\nCurieux et souvent a l\'écoute des autres pour les aider.\r\nBon esprit d\'initiatives, belle implication.',343,24),('Fernanda est persévérente et aime approfondir son apprentissage.\r\nElle a déjà des bases sur lesquelles elle avait quelques difficultés. Ce module lui a permis de comprendre et d\'appréhender les choses sous un autre angle.\r\nAutonome et curieuse, elle s\'applique à tout comprendre au maximum et n\'hésite pas à appeler à l\'aide si besoin.\r\nBon apprentissage, sérieux et productif.',344,24),('Didier est appliqué et impliqué, c\'est nécessaire pour lui permettre d\'acquérir les informations et les modules.\r\nIl prend un peu plus de temps que d\'autres pour comprendre mais par sa persévérence, parvient à suivre et à évoluer dans le bon sens.\r\nA besoin de pratiquer sur des cas concrets pour gagner en autonomie.\r\nBon travail',345,24),('Rémy est efficace, il a déjà des bases intéressantes, il sait les appliquer mais a besoin de pratiquer pour apprendre a simplifier ses traitements.\r\nRémy est un atout pour aider et expliquer à ses camarades, il est acteur sur l\'accompagnement des autres apprenants sur les points qu\'il maîtrise. \r\nBon esprit d\'initiatives, bon travail.',346,24),('Claire est efficace mais très discrète.\r\nIl est difficile de jauger son apprentissage car elle pose peu de questions mais elle acquiert les informations et la pratique lui permet d\'appliquer correctement les modules.\r\nElle est très autonome, peut-être trop pour s\'intégrer avec aisance dans une équipe.\r\nElle n\'est pas fermée, au contraire, participe assez facilement aux échanges mais n\'est pas meneuse dans ces échanges.\r\nBonne courbe d\'apprentissage, bonne implication',347,24),('Vincent est ouvert à tous, il participe quand il y en a besoin, il accompagne les autres si il le peut et n\'hésite pas à poser des questions si besoin.\r\nSon apprentissage est efficace, il s\'intègre facilement au sein d\'une équipe.\r\nBon travail, courbe d\'apprentissage positive.',348,24),('Elsa est une force tranquille. Elle assimile, elle reproduit, elle exécute sans sourciller et n\'hésite pas à sortir de sa zone de confort.\r\nC\'est une bonne alliée dans les modules en équipe qui n\'hésite pas à demander de l\'aide si elle ne peut vraiment pas trouver de solution.\r\nElle est très persévérente et étudie les différentes possibilités d\'arriver à ses fins.\r\nBon travail. Bonne implication.',349,24),('Georgina est efficace et assimile très bien les éléments des modules. Elle demande de l\'aide si besoin et reste assez autonome pour que son apprentissage lui soit profitable.\r\nSa bonne humeur et sa vivacité en fon un atout dans une équipe, et qui plus est son implication lui permet d\'être productive assez rapidement.\r\nBonne implication, bon travail.',350,24),(NULL,351,25),(NULL,351,33),(NULL,352,25),(NULL,352,33),(NULL,353,25),(NULL,353,33),(NULL,354,25),(NULL,354,33),(NULL,355,25),(NULL,355,33),(NULL,356,25),(NULL,356,33),(NULL,357,25),(NULL,357,33),(NULL,358,25),(NULL,358,33),(NULL,359,25),(NULL,359,33),(NULL,360,25),(NULL,360,33),(NULL,361,25),(NULL,361,33),(NULL,362,25),(NULL,362,33),(NULL,363,25),(NULL,363,33),(NULL,365,25),(NULL,365,33),(NULL,366,25),(NULL,366,33),(NULL,367,25),(NULL,367,33),(NULL,368,25),(NULL,368,33),(NULL,369,25),(NULL,369,33),(NULL,370,25),(NULL,370,33),(NULL,371,25),(NULL,371,33),(NULL,372,25),(NULL,372,33),(NULL,373,25),(NULL,373,33),(NULL,374,25),(NULL,374,33),(NULL,375,25),(NULL,375,33),('Victorien a bien compris les principes, a su les retranscrire assez aisément mais a besoin de pratiquer plus pour orienter ses réflexions. Il se pose beaucoup de question car il possède un bagage technique plus léger que les autres stagiaires. Du coup, il prend plus de temps pour assimiler mais reste efficace et productif.\r\nBon apprentissage, stagiaire agréable et intéressé, doit pratiquer pour approfondir.',376,29),('Lena a des souvenirs du SQL que la formation a su faire revenir. Elle reste très ancrée aux habitudes de SAS mais parvient à assimiler les notions du SQL assez facilement. Elle n\'utilisera pas le PL/SQL ni le DDL mais elle a su en acquérir les fondements. Elle a besoin de pratiquer pour faciliter son analyse et sa conception logique de programmes.\r\nBonne courbe d\'apprentissage, stagiaire participative et intéressée.',377,29),('A l\'instard de Lena, Paule est très habituée à SAS et use et abuse de ces habitudes. Cependant, elle a su profiter de cette formation pour comprendre plus en profondeur ce qu\'elle réalise et se rendre compte que le SQL permet beucoup de choses sans forcément devoir décomposer les traitements. \r\nElle a acquis les bases et compris les notions fondamentales, elle doit encore pratiquer pour être plus à l\'aise, surtout sur les sous-requêtes et les jointures.\r\nBon apprentissage, stagiaire très agréable et participative qui n\'hésite pas à faire savoir quand elle ne comprend pas. Bel esprit d\'initiatives.',378,29),('Jérôme a su acquérir les notions fondamentales et a fait preuve d\'une grande autonomie dans la réalisation des exercices. Il a compris les notions de bases et doit encore pratiquer pour gagner en aisance et en rapidité de conception des programmes.\r\nBonne courbe d\'apprentissage, plus discret pendant les cours que les autres stagiaires mais efficace et productif. ',379,29),('Jérémy a des bases techniques plus abouties que les autres stagiaires de la formation. Il a été plus à l\'aise sur les notions de bases et sur la partie conception et programmation. Il a su produire des résultats intéressants et utiliser ce qu\'il apprenait durant la formation à bon escient. Attention toutefois à ne pas trop compliquer les traitements, Jérémy a tendance a se lancer directement dans le code et mériterait, par ses acquis, de prendre le temps de réfléchir à la solution avant. Il y gagnerait en qualité et en efficacité. \r\nBonne courbe d\'apprentissage, stagiaire intéressé, participatif et qui n\'hésite pas à venir en aide aux autres. Bel esprit.',380,29),('Bonne courbe de progression, Maryline était plus a l\'aise car elle possédait certaines notions techniques de programmation qui lui ont permis d\'appréhender la formation et de réaliser les exercices plus facilement.\r\nIntéressée et curieuse, elle apporte une vision pertinente sur l\'analyse des problèmes proposés.',381,30),('Bon apprentissage, courbe de progression réelle et intéressante.\r\nDominique a su profiter de la formation pour comprendre les notions qu\'elle appliquait sans avoir vraiment de certitudes sur ce qu\'elle faisait.\r\nLes points sur le SQL lui ont permis d\'approfondir ses connaissances et sa maîtrise.\r\nLes rudiments de la programmation viendront par la pratique avec l\'application des notions qu\'elle a acquis durant cette formation.\r\nIntéressée et curieuse, Dominique pose des questions pertinentes, très orientées avec un but précis.',382,30),('Belle courbe d\'apprentissage, Josiane commençait la formation avec un bagage technique bien en dessous de ses collègues mais elle a su profiter des apports de la formation pour se mettre à niveau et réaliser les exercices.\r\nElle a besoin d\'un peu plus de temps pour appréhender les solutions qu\'elle doit mettre en place mais elle y parvient à force de persévérence et de curiosité.\r\nLa programmation est encore un peu floue pour elle, elle n\'a pas encore bien acquis les besoins mais à compris les principes.\r\nElle doit pratiquer pour appliquer ce qu\'elle a appris. ',383,30),('Profil très intéressé et curieux, Guillaume aime comprendre et entre en profondeur dans les concepts qu\'ils appréhende.\r\nBonne courbe d\'apprentissage, les principes sont acquis, ne lui reste qu\'à les pratiquer pour les mettre en oeuvre.',384,31),('Karelle est plutôt à l\'aise dans l\'ensemble de part ses fonctions actuelles et son apprentissage précédent en développement.\r\nElle a besoin de pratiquer pour être pleinement à l\'aise sur les notions avancées de la programmation objet. \r\nElle est efficace et obtient rapidement de bons résultats. \r\nBonne courbe de progression.',385,31),('Avelino dispose de ressources technique qu\'il sait exploiter efficacement et parvient à acquérir les points assez rapidement.\r\nEfficace et productif, il doit encore pratiquer pour être à l\'aise avec la conception d\'applications et apprendre à simplifier ses traitements.\r\nBon apprentissage, courbe de progression positive.',386,31),('Avec très peu de notions en développement d\'une manière générale, Caroline a su appliquer son expérience de conceptrice aux bases de Java mais manque de pratique et d\'expérience pour être autonome en développement d\'applications. \r\nLa programmation objet est encore pour elle assez difficile à appréhender mais elle est persévérente et a présenté un bonne courbe d\'acquisition dans ce module. \r\nReste à pratiquer et approfondir les principes.',387,31),('Alexandre est assez discret mais n\'hésite pas à poser des questions bien ciblées. \r\nAvec un passif de développeur, il acquiert assez facilement les rudiments et doit pratiquer pour appliquer son apprentissage. \r\nBon profil, bonne courbe d\'apprentissage, fait preuve d\'une certaine rigueur dans son code.',388,31),('Hervé est très orienté conception et ne pratique pas assez le développement pour être complètement opérationnel en Java.\r\nIl acquiert les principes et a encore besoin de pratique et d\'accompagnement pour les appliquer et être à l\'aise. \r\nBonne courbe de progression, il n\'avait pas de notions en Java et peu de notions en programmation objet par contre, son expérience en conception lui a permis de progresser et d\'appréhender assez efficacement les bases en Java.',389,31),('Bonne courbe d\'apprentissage, encore du travail à faire sur la manipulation des modèles et l\'exploitation des bases de données. Implication correcte, doit pratiquer pour être à l\'aise.',391,34),('Participation et implication un peu légère pour être à l\'aise sur l\'acquisition des principes avancés. Apprentissage correct qui mérite d\'approfondir.',392,34),('Acquisition général correcte mais manque de travail personnel pour assurer un apprentissage de qualité. Doit participer et ne pas hésiter à demander de l\'aide si besoin.',393,34),('Bonne implication, travaux rendus correctement réalisés, doit encore pratiquer pour être à l\'aise sur toutes les notions du module. Courbe d\'apprentissage positive. Bonne participation.',394,34),('Bon travail, participation pertinente, doit pratiquer pour être à l\'aise sur les points plus techniques tels que l\'exploitation des bases de données. Bonne courbe d\'apprentissage.',395,34),('Travail correct, malgré un manque de participation. Mériterait de s\'impliquer un peu plus sur son travail personnel. Il faut apprendre à simplifier pour gagner en efficacité. Doit pratiquer pour gagner en analyse et en compréhension des méthodes.',396,34),('Très bon travail, belle acquisition des compétences et des méthodes avancées. Très participatif, cohérent et constructif. A poursuivre.',397,34),('Bonne courbe d\'apprentissage, très participatif et constructif, bonne implication. Manque peut-être de rigueur sur les méthodes de conception et d\'analyse mais cela sera réglé avec de la pratique concrète. ',398,34),('Bonne implication, participation intéressante, pratique constructive. Courbe de progression positive, à persévérer pour gagner en \"productivité\".',399,34),(NULL,400,34),(NULL,401,34),(NULL,402,34),(NULL,403,34),(NULL,404,34),(NULL,405,34),(NULL,406,34),(NULL,407,34),(NULL,408,34),(NULL,409,34),(NULL,410,34),(NULL,411,34),(NULL,412,34),(NULL,413,34),(NULL,414,34),(NULL,415,34),(NULL,416,34),(NULL,417,34),(NULL,418,34),(NULL,419,34),(NULL,420,34),(NULL,421,34),(NULL,422,34),(NULL,423,34),(NULL,424,34),(NULL,425,34),(NULL,426,34),(NULL,427,34),(NULL,428,34),(NULL,429,34),(NULL,430,34),(NULL,431,34),(NULL,432,34),(NULL,433,34),(NULL,434,34),(NULL,435,34),(NULL,436,34),(NULL,437,34),(NULL,438,34),(NULL,439,34),(NULL,440,34),('Avec des notions en développement assez lointaines, Céline a su mettre en application ses expériences précédentes pour intégrer au maximum les bases du langage. Elle manque de pratique réelle pour être autonome mais démontre une belle implication et une forte persévérence qui lui permettront de mettre à profit ses acquis. La programmation objet et la manipulation de collections restent encore sa bête noire mais les notions et les principes démontrés lors de la formation lui permettront d\'appliquer et d\'acquérir ces éléments dans les projets. Céline a démontré un bonne courbe d\'acquisition dans ce module. Reste à pratiquer et approfondir.',441,36),('Christophe ne possédait pas d\'expérience en développement et a su montrer une grande capacité d\'assimilation et de compréhension sur ce module. Très attaché à l\'écoute, le fait de pratiquer en parallèle lui a permis de démistifier certains point et les notions de la programmation objet ont pu être abordées sans trop de difficulté. Il reste à Christophe à pratiquer un maximum pour pouvoir acquérir pleinement les notions abordées et devenir autonome et efficace. Christophe a fait preuve d\'une belle courbe de progression, à approfondir par la pratique.',442,36),('Session très constructive, Christophe a fait preuve de beaucoup d\'intérêt pour le contenu de cette formation et surtout sur le déboguage d\'une application Javascript.\r\nLes points importants de la programmation en Javascript ont été acquis, certains restent encore à pratiquer.\r\nLa progression a été continue et réelle, l\'assimilation est bonne et les rendus sont de qualité.\r\nBon travail',442,42),('Bonne participation, intéressé et concret.\r\nElie a tendance à compliquer ses traitements mais il reste cohérent.\r\nBonne acquisition des notions, implémentation satisfaisante.',444,37),('Bonne acquisition des notions du module, à l\'aise avec les notions avancées.\r\nL\'approfondissement viendra avec la pratique.\r\nAssez discret, même si le principes sont acquis, Jean-Christophe gagnerait à être plus participatif.',445,37),('Bonne participation, des notions déjà bien connues, reste à pratiquer plus pour appréhender au maximum les possibilités du scripting.\r\nDes réflexions cohérentes sur les sujets, Clelia est intéressé et constructif.',446,37),('Participation active et constructive, Arthur a su apporter des réponses variées et fonctionnelles.\r\nIl doit encore pratiquer pour approfondir ses notions déjà acquises surtout concernant la modularité des scripts et l\'implémentation de fonctions.\r\nBon travail.',447,37),('Très bonne participation, actif et intéressé, avec une certaine anticipation sur les éléments demandés.\r\nLes réponses données par Arthur sont fonctionnelles et cohérentes. Elle mériterait peut-être une petite touche d\'optimisation mais les acquis sont bien ancrés et très bien retranscrits.',449,37),('Bonne acquisition des notions élémentaires, Julien a besoin de pratiquer les principes de la programmation avancée pour être plus à l\'aise avec l\'implémentation de scripts et de modules de scripts.\r\nAssez discret, le travail de Julien mériterait plus de participation pour obtenir certains détails utiles à l\'implémentation des traitements qui lui sont demandés.',450,37),('Bonne implémentation des notions apportées, Cédric semble avoir acquis correctement les éléments fondamentaux et doit encore travailler les notions avancées pour être à l\'aise, notamment concernant l\'écriture de scripts et la modularité des traitements.\r\nAssez discret, une participation un peu plus présente serait un plus pour son acquisition.\r\nBon travail',451,37),('Actif et intéressé, Maxim fait preuve d\'une bonne acquisition des notions apportées.\r\nBon travail, malgré les difficultés rencontrées, doit encore pratiquer pour être à l\'aise avec les notions avancées.',452,37),('Participatif, communiquant et à l\'aise avec les notions, élémentaires et avancées, Benjamin est un élément moteur dans un groupe de travail.\r\nAvec un bagage technique déjà bien présent, le module lui a permis de compléter certains informations et de préciser des notions qu\'il avait pu essayer sans forcément les pratiquer intégralement.\r\nTrès bon travail, reste plus qu\'à optimiser ses idées.',453,37),('Bon acquisition, des notions déjà maîtrisées, Axel fait preuve d\'une bonne pratique des notions élémentaires et pourra compléter ses acquis par une pratique plus poussée, surtout en terme d\'écriture de scripts, fonctions et modules.\r\nParticipation intéressante, bon travail.',454,37),('Bonne acquisition des notions élémentaires et des principales notions avancées, doit encore pratiquer l\'écriture de script et l\'implémentation de fonctions et modules.\r\nAvec plus de participation, Hugo pourrait tirer encore plus d\'acquis sur ce module.\r\nBon travail',455,37),('Lilian est trop discret et les réponses apportées demontrent qu\'il a encore besoin de pratiquer les notions élémentaires pour être pleinement à l\'aise sur la réalisation des traitements demandés.\r\nDommage que le second TP n\'ai pas été réalisé car cela lui aurait permis de comprendre certaines notions qui pourraient lui faire défaut.\r\nDoit pratiquer pour acquérir les notions avancées.',457,37),('Bonne participation, intéressé et impliqué, Antoine doit être attentif à ses traitements pour être certain de leur bon déroulement.\r\nLa pratique lui permettra de consolider ses acquis et le rendra plus à l\'aise sur leur implémentation.\r\nBon travail ',458,37),('Bonne participation, des interventions pertinentes et cohérentes, apportant des notions déjà bien acquises, Boris a su profiter des élément apportés par ce module pour compléter ses acquis sur les notions élémentaires.\r\nBon travail, nonne implication, à persévérer. ',459,37),('Possédant d\'jà de bons acquis, Peïo a su profiter des notions complémentaires apportées par ce module pour optimiser et améliorer sa conception de scripts.\r\nTrès bon travail, bonne participation, un autre élément moteur dans un groupe de travail.',460,37),('Bon travail, les notions semblent acquises mais Julien reste trop discret et cela lui fait défaut car une participation un peu plus active lui permettrait d\'obtenir des précisions sur des notions complémentaires qui méritent un peu plus d\'attention.\r\nDoit pratiquer pour approfondir les acquis, dommage que le second TP n\'ait pas été réalisé.',461,37),('Adrien fait preuve d\'un intéressement certain aux notions abordées mais manque de pratique pour les maîtriser pleinement.\r\nLes travaus rendus sont corrects et fonctionnels, peut-être encore un peu d\'approfondissement sur les notions abordées pour optimiser et implémenter au mieux les principes avancés.\r\nBon travail',462,37),('Curieux et participatif, Romain est un élément moteur également dans un grouep de travail.\r\nSes acquis lui permettent d\'être pleinement autonome et il n\'hésite pas à demander de l\'aide ou des détails pour appréhender au mieux les notions qui lui font défaut.\r\nBonne participation, bon travail, continuer.',463,37),('Bon travail, les acquis sont corrects et les rendus opérationnels et fonctionnels.\r\nLouis-Armand mériterait d\'être un peu plus participatif pour lui permettre d\'obtenir des compléments sur ses notions acquises et être plus à même d\'optimiser et de modulariser ses traitements efficacement.',464,37),('Assez discret, Gilles est très à l\'écoute des informations et assimile très bien le contenu.\r\nCurieux, il n\'hésite pas à s\'aventurer sur des points plus complexes et sait demander de l\'aide si besoin.\r\nBonne acquisition des notions abordées qui sont venues compléter celles qu\'il avait déjà. Bon travail.',465,38),('Malgré un profil non développeur, Franck a su comprendre et assimiler les notions de ce module et les retranscrire.\r\nBonne participation, la progression est réelle et l\'acquisition des techniques lui permettra de réaliser ses missions.\r\nIl faudra qu\'il pratique pour ne pas perdre les automatismes. Sa persévérence lui a permis de venir à bout de ses difficultés.\r\nBon travail.',466,38),('Guylaine était très sceptique à la fois sur ses capacités et son profil mais cette formation lui a permis de découvrir et d\'apprendre beaucoup de notions qu\'elle a su retenir et reproduire, à son rythme mais efficacement.\r\nTrès persévérente et n\'hésitant pas à demander de l\'aide, elle saura intégrer ces notions dans ses réalisations.\r\nLa pratique lui permettra de compléter son apprentissage et la rendra plus à l\'aise dans l\'écriture des codes nécessaires.\r\nLa courbe de progression est très postive et encourageante. Bon travail.',467,38),('Avec de bonnes bases de développement déjà acquises, Jean-Christophe a su profiter de toutes les notions du module pour comprendre et reproduire les points abordés.\r\nL\'acquisition de ce module lui permettra de compléter efficacement ses compétences et de réaliser des développements efficaces et productifs.\r\nBonne participation, bonne progression.',468,38),('Sébastien a su mettre à profit ses notions de développeur et mettre en application efficacement tous les points de ce module. \r\nLes bases sont bien acquises, la pratique viendra compléter les notions de librairies et de framework dans lesquels il trouvera de quoi améliorer encore sa technique et continuer son évolution.\r\nBonne participation, bon travail, progression réelle.',469,38),('Nicolas avait déjà des bases en développement, ce qui lui a permis de se concentrer sur l\'essentiel et d\'acquérir efficacement les notions abordées. \r\nLa pratique lui permettra de compléter et d\'appréhender plus facilement les quelques subtilités des langages.\r\nBonne participation, progression efficace et réelle.',470,38),('Jean-Noël avait déjà quelques bases sur le développement web. Ce module lui a permis de remettre ses notions en pratique et en ordre et de bien assimiler les différentes interactions entre les technologies et les langages. Posé et consciencieux, ses interventions sont construites et constructives.\r\nLa pratique lui permettra de parfaire son acquisition et de mettre en application les notions avancées abordées dans ce module.\r\nBonne progression, bon travail.',471,38),('Jean-Luc a su apprendre et comprendre les notions abordées dans ce module et reproduire efficacement les exercices, en y ajoutant une touche de découverte non négligeable. Progression efficace, Jean-Luc devra pratiquer pour compléter les notions acquises et assurer des développements efficaces et productifs. \r\nBon apprentissage, bon travail.',472,38),('Eric est très motivé et persévérent.\r\nIl a vraiment montré une réelle montée en compétences en appliquant les principes acquis au cours de la formation sur un projet personnel.\r\nLes points très techniques (MVC principalement) nécessitent d\'être encore pratiqués mais la compréhension de la logique et sa mise en application est bonne.\r\nEric doit maintenant pratiquer pour que tout rentre dans ses habitudes et qu\'il puisse évoluer encore plus dans la direction qu\'il prend.\r\nIl sait profiter de son esprit curieux et persévérant, il a démontré une réelle implication et a su rester à l\'écoute jusqu\'au bout même lorsque ça se compliquait.',473,39),('Cédric est assidu et attentif. Il fait preuve d\'une curiosité constructive qui lui permet de bien appréhender les points techniques du programme.\r\nLa courbe de progression est réelle, Cédric a fait preuve de très bonnes capacités dans la réalisation des exercices.\r\nIl ne lui reste plus qu\'à pratiquer pour être plus à l\'aise avec les notions fondamentales et avancées.',474,40),(NULL,475,41),(NULL,476,41),(NULL,477,41),(NULL,478,41),(NULL,479,41),(NULL,480,41),(NULL,481,41),(NULL,482,41),(NULL,483,41),(NULL,484,41),('Bon apprentissage et assimilation des notions élémentaires.\r\nCécile n\'avait pas forcément de bases avancées en programmation mais son implication et sa volonté l\'ont amenée à bien comprendre les principes de base et à assimiler les points du programme, même certains qui pouvaient être plus pointus.\r\nElle aura besoin de pratiquer et de se mettre à niveau en UML pour parfaire sa compréhension de la POO.',485,43),('Bonne courbe d\'apprentissage de la part d\'Antoine qui a fait preuve d\'un raisonnement efficace dans l\'assimilation des notions du langage.\r\nLa manipulation des objets a été comprise, il reste encore à approfondir par la pratique et ces notions seront bien acquises.\r\nBon travail',486,43),('Très bonne acquisition des principales fonctionnalités du langage et de l\'environnement.\r\nLa POO reste encore à travailler pour en acquérir les fondements mais l\'apprentissage est efficace et l\'implication d\'Alexandre conforte son assimilation.\r\nBon travail',487,43),('Yann avait pour objectif principal de comprendre et d\'appréhender le language et les outils, ce que cette formation lui a permis d\'apprendre.\r\nEn terme de développement et d\'implémentation du langage, Yann a su reproduire les exercices et appliquer les notions fondamentales mais n\'a pas été à l\'aise sur les notions plus avancées. \r\nToutefois, ces points là ont été compris et sont en cours d\'acquisition.\r\nBon travail',488,43),('De bonnes bases déjà disponibles, Arnaud est à l\'aise avec les notions du programme.\r\nL\'acquisition des nouvbelles terminologies est bonne, le Javascript nécessite encore de la pratique pour être bien maîtrisé.\r\nBonne acquisition, bon travail',489,44),('Bonne implication et acquisition des éléments principaux du programme.\r\nGilles doit encore pratiquer pour être parfaitement à l\'aise.\r\nBon travail',490,44),('Bonne acquisition et implémentation des notions du programme.\r\nLa pratique permettra à Loïc d\'être encore plus efficace et productif.\r\nBon travail',491,44),('Bonne acquisition des principes généraux, Stéphane a fait preuve d\'une bonne implication et compréhension des notions.\r\nIl doit pratiquer tous ces points pour parfaire leur acquisition, déjà en bonne voie.\r\nBon travail, sa persévérence lui permettra de devenir plus efficace sur ses réalisations.',492,44),('Bruno a su implémenter et appliquer les notions abordées au fil du programme.\r\nDe la pratique lui sera nécessaire pour être parfaitement à l\'aise avec toutes les subtilités des technologies.\r\nBon travail',493,44),('Salvatore a su profiter de cette formation pour acquérir des notions essentielles au développement web.\r\nIl doit encore poursuivre son apprentissage par la pratique, surtout en Javascript mais cela ne devrait pas poser de soucis, il est appliqué et persévérant.\r\nBonne courbe de progression, bon travail.',494,44),('Très attentive et perfectionniste, application parfaite des éléments abordés pendant la session de formation.\r\nElora bénéficie d\'une très bonne expérience avec Synfony et Doctrine et a su profiter de ses acquis pour en comprendre encore mieux les subtilités durant ce \"retour aux sources\" grandement apprecié et productif.\r\nTrès bonne assimilitation de tous les points du programme, bravo.',495,45),('Assez discret, les notions abordées sont retenues, il faut encore de la pratique et du travail pour les acquérir pleinement.',496,46),('Très discret mais n\'hésite pas à poser des questions sur des points complexes',497,46),('Peu de participation mais présente une bonne capacité d\'acquisition des informations',498,46),('Bonne compréhension, doit pratiquer les notions abordées de manière plus systématiques pour les acquérir pleinement',499,46),('Curieux et appliqué, doit persévérer dans les exercices pour gagner en \"endurance\" et en \"automatisme\"',500,46),('Posséde déjà des notions d\'algo et des bases de développement, bonne acquisition mais son travail mériterait un peu plus de rigueur',501,46),('Consciencieux et pointilleux, bonne acquisition en général',502,46),(NULL,503,47),(NULL,504,47),(NULL,505,47),(NULL,506,47),(NULL,507,47),(NULL,508,47),(NULL,509,47),(NULL,510,47),(NULL,511,47),(NULL,512,47),(NULL,513,47),(NULL,514,47),(NULL,515,47),(NULL,516,47),(NULL,517,47),(NULL,518,47);
/*!40000 ALTER TABLE `appreciationGenerale` ENABLE KEYS */;
UNLOCK TABLES;

--
-- Table structure for table `composer`
--

DROP TABLE IF EXISTS `composer`;
/*!40101 SET @saved_cs_client     = @@character_set_client */;
/*!50503 SET character_set_client = utf8mb4 */;
CREATE TABLE `composer` (
  `unit_id` int NOT NULL,
  `promo_id` int NOT NULL,
  `comp_chrono` int NOT NULL DEFAULT '1',
  PRIMARY KEY (`unit_id`,`promo_id`),
  KEY `FK_COMP_PROMO` (`promo_id`),
  CONSTRAINT `FK_COMP_PROMO` FOREIGN KEY (`promo_id`) REFERENCES `promotion` (`promo_id`),
  CONSTRAINT `FK_COMP_UNIT` FOREIGN KEY (`unit_id`) REFERENCES `uniteenseignement` (`unit_id`)
) ENGINE=InnoDB DEFAULT CHARSET=latin1;
/*!40101 SET character_set_client = @saved_cs_client */;

--
-- Dumping data for table `composer`
--

LOCK TABLES `composer` WRITE;
/*!40000 ALTER TABLE `composer` DISABLE KEYS */;
INSERT INTO `composer` VALUES (1,2,2),(1,3,2),(2,3,3),(2,4,13),(3,3,4),(4,2,7),(4,3,5),(5,1,6),(5,3,6),(6,1,8),(6,2,9),(6,3,7),(6,4,3),(7,2,10),(7,3,8),(7,4,4),(8,3,9),(9,3,10),(10,3,11),(11,3,12),(12,3,13),(13,2,3),(14,2,4),(15,2,5),(16,2,6),(17,2,8),(18,1,11),(18,2,12),(18,3,15),(19,1,12),(19,2,13),(20,1,13),(20,2,14),(21,1,2),(22,1,3),(23,1,4),(24,1,5),(25,1,7),(26,1,9),(27,4,14),(28,4,16),(29,4,12),(30,4,11),(31,4,10),(32,4,9),(33,4,8),(34,4,7),(35,4,6),(36,4,5),(37,4,2),(52,1,10),(52,2,11),(52,3,14),(52,4,15),(53,1,1),(53,2,1),(53,3,1),(53,4,1);
/*!40000 ALTER TABLE `composer` ENABLE KEYS */;
UNLOCK TABLES;

--
-- Table structure for table `contenumodule`
--

DROP TABLE IF EXISTS `contenumodule`;
/*!40101 SET @saved_cs_client     = @@character_set_client */;
/*!50503 SET character_set_client = utf8mb4 */;
CREATE TABLE `contenumodule` (
  `cmod_id` int NOT NULL AUTO_INCREMENT,
  `cmod_libelle` varchar(250) NOT NULL,
  `cmod_details` text,
  `cmod_chrono` tinyint NOT NULL,
  `mod_id` int NOT NULL,
  PRIMARY KEY (`cmod_id`),
  KEY `FK_contenumodule_mod_id` (`mod_id`),
  CONSTRAINT `FK_contenumodule_mod_id` FOREIGN KEY (`mod_id`) REFERENCES `module` (`mod_id`)
) ENGINE=InnoDB AUTO_INCREMENT=338 DEFAULT CHARSET=utf8mb3 COMMENT='Table contenant les fonctionnalités abordés dans un module';
/*!40101 SET character_set_client = @saved_cs_client */;

--
-- Dumping data for table `contenumodule`
--

LOCK TABLES `contenumodule` WRITE;
/*!40000 ALTER TABLE `contenumodule` DISABLE KEYS */;
INSERT INTO `contenumodule` VALUES (1,'Comprendre le fonctionnement d\'un SGBDR',NULL,1,1),(2,'Créer une base et des tables',NULL,2,1),(3,'Interroger la base et son contenu',NULL,3,1),(4,'Insérer et modifier des données',NULL,4,1),(5,'Créer, ajouter des contraintes d\'intégrité',NULL,5,1),(6,'Définir et utiliser des jointures de tables',NULL,1,2),(7,'Définir et utiliser des requêtes et sous-requêtes',NULL,2,2),(8,'Créer des vues, des index',NULL,3,2),(9,'Accès utilisateur, partage de données',NULL,4,2),(10,'Créer et modifier des procédures stockées',NULL,1,3),(11,'Créer des triggers',NULL,2,3),(12,'Appeler une procédure',NULL,3,3),(13,'Définir et utiliser des curseurs',NULL,4,3),(14,'Comprendre et utiliser les mécanismes inhérents au développement sous MySql',NULL,1,4),(15,'Créer et développer un jeu d’essais. Gérer les requêtes avancées',NULL,2,4),(16,'Retrouver la description et les relations d’une table existante, la modifier',NULL,3,4),(17,'Pratiquer le langage HTML et ses dérivés',NULL,1,5),(18,'Utiliser les feuilles de style CSS',NULL,2,5),(19,'Intégrer les notions basiques de Javascript',NULL,3,5),(20,'Réaliser un site Web adaptatif avec la technologie HTML5/CSS3',NULL,1,6),(21,'Utiliser un framework CSS (Bootstrap)',NULL,2,6),(22,'Fabriquer des programmes en JavaScript les intégrer dans des pages Web',NULL,1,7),(23,'Intégrer des traitements et des manipulations du DOM',NULL,2,7),(24,'Comprendre le modèle AJAX, de charger un document XML dans un objet javascript',NULL,1,8),(25,'Accéder aux données via le DOM et XMLHttpRequest',NULL,2,8),(26,'Maîtriser la syntaxe et les structures du langage PHP5',NULL,1,9),(27,'La programmation orienté objet',NULL,2,9),(28,'La génération de DOM',NULL,3,9),(29,'La gestion des fichiers et dossiers',NULL,4,9),(30,'La gestion des erreurs',NULL,5,9),(31,'L’accès aux bases de données',NULL,6,9),(32,'La gestion des persistantes',NULL,7,9),(33,'Développer des applications Web performantes avec AngularJS',NULL,1,10),(34,'Savoir développer des applications WEB complexes avec Symfony 2',NULL,1,11),(35,'Comprendre le fonctionnement d\'un SGBDR',NULL,1,26),(36,'Créer une base et des tables',NULL,2,26),(37,'Interroger la base et son contenu',NULL,7,26),(38,'Insérer et modifier des données',NULL,6,26),(39,'Créer, ajouter des contraintes d\'intégrité',NULL,4,26),(40,'Définir et utiliser des jointures de tables',NULL,8,26),(41,'Définir et utiliser des requêtes et sous-requêtes',NULL,9,26),(42,'Créer des vues, des index',NULL,3,26),(43,'Accès utilisateur, partage de données',NULL,5,26),(44,'Pratiquer le langage HTML et ses dérivés',NULL,1,27),(45,'Utiliser les feuilles de style CSS',NULL,2,27),(46,'Intégrer les notions basiques de Javascript',NULL,6,27),(47,'Fabriquer des programmes en JavaScript les intégrer dans des pages Web',NULL,8,27),(48,'Intégrer des traitements et des manipulations du DOM',NULL,9,27),(49,'Construire une page HTML présentant du contenu',NULL,3,27),(50,'Construire une page HTML présentant un formulaire de saisie',NULL,5,27),(51,'Utiliser les éléments basiques du HTML (tableau, input, select, ...)',NULL,4,27),(52,'Valider la saisie des informations par du javascript',NULL,7,27),(53,'Comprendre le fonctionnement d\'un SGBDR',NULL,1,38),(54,'Créer une base et des tables',NULL,2,38),(55,'Interroger la base et son contenu',NULL,1,39),(56,'Insérer et modifier des données',NULL,2,39),(57,'Créer, ajouter des contraintes d\'intégrité',NULL,4,38),(58,'Définir et utiliser des jointures de tables',NULL,3,39),(59,'Définir et utiliser des requêtes et sous-requêtes',NULL,4,39),(60,'Créer des vues, des index',NULL,3,38),(61,'Créer et modifier des procédures stockées',NULL,1,40),(62,'Créer des triggers',NULL,2,40),(63,'Appeler une procédure',NULL,3,40),(64,'Pratiquer le langage HTML et ses dérivés',NULL,1,41),(65,'Utiliser les feuilles de style CSS',NULL,5,41),(66,'Intégrer les notions basiques de Javascript',NULL,1,42),(67,'Fabriquer des programmes en JavaScript les intégrer dans des pages Web',NULL,3,42),(68,'Intégrer des traitements et des manipulations du DOM',NULL,2,42),(69,'Comprendre le modèle AJAX, de charger un document XML dans un objet javascript',NULL,1,43),(70,'Accéder aux données via le DOM et XMLHttpRequest',NULL,2,43),(71,'Intégrer un librairie JS (JQuery)',NULL,4,42),(72,'Construire une page Web Statique en utilisant les balises standard',NULL,2,41),(73,'Construire un formulaire de saisie en HTML',NULL,3,41),(74,'Savoir utiliser les sélecteurs CSS',NULL,4,41),(75,'Maîtriser la syntaxe et les structures du langage PHP',NULL,1,44),(76,'La programmation orienté objet',NULL,3,44),(77,'La génération de DOM',NULL,2,44),(78,'La gestion des fichiers et dossiers',NULL,4,44),(79,'La gestion des erreurs',NULL,5,44),(80,'L’accès aux bases de données',NULL,6,44),(81,'La gestion des persistantes',NULL,7,44),(82,'Théorie des bases de données',NULL,1,45),(83,'Lecture d\'un MCD',NULL,2,45),(84,'Les formes normales',NULL,3,45),(85,'Conception d\'un MCD',NULL,4,45),(86,'Passage au MLD',NULL,5,45),(87,'Validation d\'un MCD par les MED',NULL,6,45),(88,'Notion de programme et sous-programme',NULL,1,49),(89,'Les types de données',NULL,2,49),(90,'Les structures conditionnelles',NULL,3,49),(91,'Les structures itératives',NULL,4,49),(92,'Les tests unitaires',NULL,5,49),(93,'La gestion des erreurs',NULL,6,49),(94,'Résolution de problème par algo',NULL,7,49),(95,'Analyse d\'un algo',NULL,8,49),(96,'Comprendre les principes de la POO',NULL,9,49),(97,'Mettre en oeuvre la POO',NULL,10,49),(98,'Les méthodes de modélisation',NULL,1,46),(99,'Les diagrammes de processus',NULL,2,46),(100,'Les diagrammes de données',NULL,3,46),(101,'Les diagrammes d\'échange et fonctions',NULL,4,46),(102,'Les design patterns',NULL,5,46),(103,'Installation et paramétrage',NULL,1,48),(104,'Manipulation des bases de données',NULL,2,48),(105,'Manipulation des objets de bases de données',NULL,3,48),(106,'Développement sous MySQL',NULL,4,48),(107,'Prise en main du langage Java',NULL,1,47),(108,'Traduire un algorithme en Java',NULL,2,47),(109,'Les objets en Java',NULL,3,47),(110,'La manipulation des fichiers en Java',NULL,5,47),(111,'L\'accès aux bases de données en Java',NULL,6,47),(112,'Construire une application en Java',NULL,4,47),(113,'Comprendre et utiliser le SDK',NULL,1,50),(114,'Installer le SDK et les outils',NULL,2,50),(115,'Comprendre l\'architecture d\'une application',NULL,3,50),(116,'Utiliser les Activités, les Intents',NULL,4,50),(117,'Comprendre les ressources (Strings, ...)',NULL,5,50),(118,'Utiliser les ressources',NULL,6,50),(119,'L\'internationalisation',NULL,7,50),(120,'L\'accès aux bases de données',NULL,8,50),(121,'Comprendre le fonctionnement d\'un serveur Web',NULL,1,51),(122,'Préparer l\'hôte du serveur Web',NULL,2,51),(123,'Télécharger et installer le serveur Web',NULL,3,51),(124,'Configurer le serveur Web',NULL,4,51),(125,'Publier du contenu',NULL,5,51),(126,'Sécuriser les accès aux ressources',NULL,6,51),(127,'Ajouter des composants',NULL,7,51),(128,'Comprendre le fonctionnement d\'un serveur applicatif Java',NULL,1,52),(129,'Installer et paramétrer le serveur',NULL,2,52),(130,'Publier du contenu',NULL,3,52),(131,'Sécuriser les accès aux ressources',NULL,4,52),(132,'Lier les composants et les sources de données',NULL,5,52),(133,'Comprendre le fonctionnement d\'un serveur de base de données',NULL,1,53),(134,'Appréhender l\'architecture Oracle',NULL,2,53),(135,'Installer et paramétrer le serveur',NULL,3,53),(136,'Créer et publier une base de données',NULL,4,53),(137,'Gérer les utilisateurs et les accès',NULL,5,53),(138,'Intégrer du script PL/SQL',NULL,6,53),(139,'Comprendre le fonctionnement d\'un serveur de base de données',NULL,1,54),(140,'Appréhender l\'architecture SQL Server',NULL,2,54),(141,'Installer et paramétrer le serveur',NULL,3,54),(142,'Créer et publier une base de données',NULL,4,54),(143,'Gérer les utilisateurs et les accès',NULL,5,54),(144,'Intégrer du script T-SQL',NULL,6,54),(145,'Comprendre le fonctionnement SQL Server',NULL,1,66),(146,'Appréhender l\'architecture SQL Server et les éditions',NULL,2,66),(147,'Installer et paramétrer le serveur',NULL,3,66),(148,'Créer et publier une base de données',NULL,4,66),(149,'Gérer les utilisateurs et les accès',NULL,5,66),(150,'Effectuer des tâches d\'administration basiques',NULL,6,66),(151,'Paramétrer et planifier les sauvegardes',NULL,7,66),(152,'Aspects Avancés du Langage (Exception, API, ...)',NULL,7,47),(153,'Appréhender l\'architecture Android',NULL,1,67),(154,'Comprendre la construction d\'une application Android',NULL,2,67),(155,'Construire une Activité (Layout, ...)',NULL,3,67),(156,'Faire communiquer des activités (Intent, ...)',NULL,4,67),(157,'Utiliser une base de données',NULL,5,67),(158,'Utiliser une source de données distante (API, Webservice, ...)',NULL,6,67),(159,'Utiliser les capteurs de l\'appareil (Géoloc, Camera, ...)',NULL,7,67),(160,'Comprendre le fonctionnement d\'un SGBDR','',1,79),(161,'Créer, modifier et supprimer des objets','',2,79),(162,'Insérer, modifier et supprimer des données','',3,79),(163,'Créer, modifier et supprimer des contraintes d\'intégrité','',4,79),(164,'Définir et utiliser des requêtes simples','',1,80),(165,'Définir et utiliser des jointures de tables','',2,80),(166,'Définir et utiliser des requêtes et sous-requêtes','',3,80),(167,'Utiliser les fonctions intégrées au SGBDR','',4,80),(168,'Créer et modifier des procédures stockées','',1,81),(169,'Créer et modifier des fonctions','',2,81),(170,'Appeler et débugger des procédures / fonctions','',3,81),(171,'Créer et utiliser des triggers','',4,81),(172,'Comprendre le fonctionnement d\'un SGBDR','',1,82),(173,'Créer, modifier et supprimer des objets','',2,82),(174,'Insérer, modifier et supprimer des données','',3,82),(175,'Créer, modifier et supprimer des contraintes d\'intégrité','',4,82),(176,'Définir et utiliser des requêtes simples','',1,83),(177,'Définir et utiliser des jointures de tables','',2,83),(178,'Définir et utiliser des requêtes et sous-requêtes','',3,83),(179,'Utiliser les fonctions intégrées au SGBDR','',4,83),(180,'Créer et modifier des procédures stockées / fonction','',1,84),(181,'Utiliser des variables, des structures conditionnelles et itératives','',2,84),(182,'Appeler et débugger des procédures / fonctions','',3,84),(183,'Créer et utiliser des curseurs','',4,84),(184,'Installation et paramétrage des outils',NULL,1,85),(185,'Comprendre JDK - JRE',NULL,2,85),(186,'Compilation et exécution',NULL,3,85),(187,'Les types primitifs',NULL,1,86),(188,'Variables et Structures',NULL,2,86),(189,'Manipuler les tableaux',NULL,3,86),(190,'Les entrées / sorties',NULL,4,86),(191,'Comprendre les packages',NULL,1,87),(192,'Concevoir des classes, des interfaces, des objets',NULL,2,87),(193,'Comprendre les classes etméthodes abstraites',NULL,3,87),(194,'L\'héritage, l\'encapsulation et le polymorphisme',NULL,4,87),(195,'La gestion des exceptions',NULL,5,87),(196,'Manipuler des collections',NULL,6,87),(197,'Manipuler des fichiers CSV / JSON / XML',NULL,1,88),(198,'Communiquer avec une API, un WebService',NULL,2,88),(199,'Communiquer avec JDBC',NULL,1,89),(200,'Manipuler avec JDBC',NULL,2,89),(201,'Construire une IHM',NULL,1,90),(202,'Exécuter une IHM',NULL,2,90),(203,'Interragir avec une IHM',NULL,3,90),(204,'Comprendre l\'algèbre de Boole','',1,76),(205,'Variables et fonctions logiques','',2,76),(206,'Opérateurs booléens','',3,76),(207,'Commutativité, distribituvité, associativité','',4,76),(208,'Expressions algébriques, OU, ET, NON OU, NON ET','',5,76),(209,'Fonctions booléennes','',6,76),(210,'Programmes et sous-programmes','',1,68),(211,'Types et données','',2,68),(212,'Structures Algorithmiques','',3,68),(213,'Tests unitaires et débogage','',4,68),(214,'Gestion des cas d\'erreur','',5,68),(215,'Accès aux fichiers','',6,68),(216,'Structures de recherche, de parcours, ...','',7,68),(217,'Structure de données récursives et itérations','',8,68),(218,'Analyse d\'un algorithme','',9,68),(219,'Edition, compiltation et exécution dans Eclipse','',1,70),(220,'Les entrées / sorties dans la console','',2,70),(221,'Les types de variables','',3,70),(222,'Les structures conditionnelles et itératives','',4,70),(223,'La gestion des tableaux','',5,70),(224,'Manipulation des méthodes','',6,70),(225,'Gestion des exceptions','',7,70),(226,'Comprendre les principes de la programmation orientée objet','',1,69),(227,'Gestion des classes, des objets, des interfaces','',2,69),(228,'Encapsulation, Héritage et Polymorphisme','',3,69),(229,'Conventions de nommage','',4,69),(230,'Associations, liens et agrégation','',5,69),(231,'Concepts Client / Serveur','',1,77),(232,'Principes de couches applicatives et répartition des traitements','',2,77),(233,'Le modèle MVC','',3,77),(234,'Comprendre un diagramme de classes','',1,71),(235,'Traduire un diagramme de classes en classes Java','',2,71),(236,'Créer des objets','',3,71),(237,'Comparer des objets','',4,71),(238,'Gestionnaire d\'exceptions','',5,71),(239,'Accéder et manipuler des fichiers plats (csv)','',1,72),(240,'Accéder et manipuler des fichiers XML','',2,72),(241,'Accéder et manipuler des bases de données','',3,72),(242,'Implémenter le modèle MVC','',4,72),(243,'Concevoir une maquette graphique','',1,73),(244,'Concevoir une interface graphique SWING','',2,73),(245,'Concevoir une maquette de rapport imprimé','',1,74),(246,'Réaliser un PDF en Java','',2,74),(247,'Interfacer un rapport avec une base de données','',3,74),(248,'Planifier et réaliser les tests d\'une application','',1,75),(249,'Evaluer les forces, les faiblesses des solutions proposées','',2,75),(250,'Modélisation Entité - Association','',1,107),(251,'Modélisation MCD','',2,107),(252,'Modélisation MLD','',3,107),(253,'Modélisation MPD','',4,107),(254,'Les Formes Normales','',5,107),(255,'Conception SQL','',6,107),(256,'Exploitation SQL','',7,107),(257,'Introduction à UNIX','',1,108),(258,'SHELL : Commandes de base','',2,108),(259,'SHELL : Métacaractères, grep et expressions régulières','',3,108),(260,'SHELL : Redirections entrée / sortie et tubes','',4,108),(261,'SHELL : La programmation en Bash','',5,108),(262,'SHELL : Scripts et commandes avancées','',6,108),(263,'Concevoir une page Web en HTML','',1,109),(264,'Les balise textuelles et les images','',2,109),(265,'Les balises structurantes','',3,109),(266,'Les listes et les tableaux','',4,109),(267,'Les formulaires et éléments de saisie','',5,109),(268,'Comprendre la mise en forme d\'une page web','',6,109),(269,'Les styles CSS internes','',7,109),(270,'Les feuilles de styles CSS ','',8,109),(271,'Intégrer un script Javascript','',9,109),(272,'Interagir avec l\'utilisateur en Javascript','',10,109),(273,'Intégrer des librairies Javascript (JQuery)','',11,109),(274,'Utiliser un framework CSS (Bootstrap)','',12,109),(275,'Manipulation des bases de données','',1,110),(276,'Manipulation des sous-requêtes','',2,110),(277,'Manipulation des jointures','',3,110),(278,'Découverte de la programmation Objet en PHP','',1,111),(279,'Implémentation du modèle MVC','',2,111),(280,'Intégration et utilisation de Javascript','',1,112),(281,'Utilisation de AJAX','',2,112),(282,'Implémentation de JQuery','',3,112),(283,'La syntaxe général','',1,113),(284,'Intégration de PHP dans le HTML','',2,113),(285,'Utilisation des variables','',3,113),(286,'Utilisation des tableaux','',4,113),(287,'Les structures conditionnelles','',5,113),(288,'Les structures itératives','',6,113),(289,'Les fonctions et procédures','',7,113),(290,'Inclusion de fichiers scripts externes','',8,113),(291,'Manipulation des fichiers (CSV)','',9,113),(292,'Manipulation de MySQL (CRUD)','',10,113),(293,'Les technologies du Web','',1,114),(294,'Introduction à Javascript (Variables, tableaux, structures conditionnelles et itératives, concepts Objets)','',2,114),(295,'Evénements et données (DOM, Event et Listeners)','',3,114),(296,'Manipulation du DOM','',4,114),(297,'Manipulation du JSON','',5,114),(298,'Interaction avec les feuilles de styles','',6,114),(299,'Ajax','',7,114),(300,'JQuery','',8,114),(301,'Concevoir une page Web en HTML','',1,115),(302,'Les balise textuelles et les images','',2,115),(303,'Les balises structurantes','',3,115),(304,'Les listes et les tableaux','',4,115),(305,'Les formulaires et éléments de saisie','',5,115),(306,'Comprendre la mise en forme d\'une page web','',6,115),(307,'Les styles CSS internes','',7,115),(308,'Les feuilles de styles CSS ','',8,115),(309,'Intégrer un script Javascript','',9,115),(310,'Interagir avec l\'utilisateur en Javascript','',10,115),(311,'Les bases de PHP, boucles, fonctions, ...','',1,116),(312,'Utilisation avancée des tableaux','',2,116),(313,'Manipuler les chaînes de caractères','',3,116),(314,'Gestion des erreurs et exceptions','',4,116),(315,'Rappels sur la POO','',1,117),(316,'Classes, interfaces et enumérations','',2,117),(317,'Ecapsulation, héritage et polymorphisme','',3,117),(318,'Rappels sur le SQL','',1,118),(319,'Manipuler des données avec PDO','',2,118),(320,'Optimiser les accès aux bases de données','',3,118),(321,'Gérer les transactions','',4,118),(322,'Gestion des données, requêtes simples et requêtes paramétrées','',5,118),(323,'Implémentation MVC','',1,119),(324,'JSON et API','',2,119),(325,'Gestion des saisiées utilisateurs','',3,119),(326,'Les attaques XSS','',4,119),(327,'Analyser et Concevoir une base de données (MCD - MLD)','',1,120),(328,'Exploiter un SGBDR (MySQL)','',2,120),(329,'Exploiter une base de données (SQL)','',3,120),(330,'Principes de fonctionnement d\'un site web','',1,121),(331,'Concevoir du contenu (HTML)','',2,121),(332,'Donner du style à son contenu (CSS)','',3,121),(333,'Rendre interactif son contenu (JavaScript)','',4,121),(334,'Traiter les requêtes Asynchrones (JavaScript)','',5,121),(335,'Exploiter du contenu dynamique (PHP)','',6,121),(336,'Utiliser les données (SQL - PHP)','',7,121),(337,'POO et MVC (PHP)','',8,121);
/*!40000 ALTER TABLE `contenumodule` ENABLE KEYS */;
UNLOCK TABLES;

--
-- Table structure for table `dispenser`
--

DROP TABLE IF EXISTS `dispenser`;
/*!40101 SET @saved_cs_client     = @@character_set_client */;
/*!50503 SET character_set_client = utf8mb4 */;
CREATE TABLE `dispenser` (
  `mod_id` int NOT NULL,
  `int_id` int NOT NULL,
  `pf_id` int NOT NULL,
  PRIMARY KEY (`mod_id`,`int_id`,`pf_id`),
  KEY `FK_DISP_PF` (`pf_id`),
  KEY `FK_DISP_INT` (`int_id`),
  CONSTRAINT `FK_DISP_INT` FOREIGN KEY (`int_id`) REFERENCES `intervenant` (`int_id`),
  CONSTRAINT `FK_DISP_MOD` FOREIGN KEY (`mod_id`) REFERENCES `module` (`mod_id`),
  CONSTRAINT `FK_DISP_PF` FOREIGN KEY (`pf_id`) REFERENCES `periodeformation` (`pf_id`)
) ENGINE=InnoDB DEFAULT CHARSET=latin1;
/*!40101 SET character_set_client = @saved_cs_client */;

--
-- Dumping data for table `dispenser`
--

LOCK TABLES `dispenser` WRITE;
/*!40000 ALTER TABLE `dispenser` DISABLE KEYS */;
INSERT INTO `dispenser` VALUES (1,4,1),(2,4,1),(3,4,1),(4,4,1),(5,4,1),(6,4,1),(7,4,1),(8,4,1),(9,4,1),(10,4,1),(11,4,1),(28,4,1),(23,4,2),(12,5,5),(25,5,5),(29,4,5),(31,4,5),(32,3,5),(33,7,5),(34,8,5),(35,6,5),(36,8,5),(37,8,5),(21,4,6),(22,4,6),(20,4,7),(15,4,8),(16,4,8),(17,13,8),(18,4,8),(61,4,8),(26,4,10),(27,4,10),(30,4,11),(38,4,13),(39,4,13),(40,4,13),(41,4,13),(42,4,13),(43,4,13),(44,4,13),(45,10,13),(46,3,13),(47,6,13),(48,10,13),(49,3,13),(67,4,13),(50,4,14),(59,4,17),(60,4,17),(55,4,18),(38,4,20),(39,4,20),(51,4,20),(52,4,20),(53,4,20),(54,4,20),(66,4,20),(38,4,24),(39,4,24),(40,4,24),(38,4,25),(39,4,25),(40,4,25),(41,16,25),(42,4,25),(43,4,25),(45,10,25),(46,3,25),(48,4,25),(68,2,25),(69,2,25),(70,10,25),(71,10,25),(72,6,25),(73,6,25),(74,6,25),(75,6,25),(76,15,25),(77,17,25),(78,2,28),(79,4,29),(80,4,29),(81,4,29),(82,4,30),(83,4,30),(84,4,30),(85,4,31),(86,4,31),(87,4,31),(88,4,31),(89,4,31),(90,4,31),(91,18,33),(92,19,33),(93,19,33),(94,19,33),(95,19,33),(96,21,33),(97,20,33),(98,6,33),(99,14,33),(100,21,33),(101,24,33),(102,3,33),(103,22,33),(104,6,33),(105,6,33),(106,6,33),(107,4,34),(85,4,36),(86,4,36),(87,4,36),(88,4,36),(89,4,36),(90,4,36),(108,4,37),(109,4,38),(110,4,39),(111,4,39),(112,4,39),(113,4,40),(114,4,42),(85,4,43),(86,4,43),(87,4,43),(88,4,43),(89,4,43),(90,4,43),(109,4,44),(115,4,44),(116,4,45),(117,4,45),(118,4,45),(119,4,45),(120,4,46),(121,4,46),(122,4,47),(123,4,47),(124,4,47),(125,4,47),(126,4,47),(127,4,47),(128,4,47);
/*!40000 ALTER TABLE `dispenser` ENABLE KEYS */;
UNLOCK TABLES;

--
-- Table structure for table `documentsevaluation`
--

DROP TABLE IF EXISTS `documentsevaluation`;
/*!40101 SET @saved_cs_client     = @@character_set_client */;
/*!50503 SET character_set_client = utf8mb4 */;
CREATE TABLE `documentsevaluation` (
  `doce_id` int NOT NULL AUTO_INCREMENT,
  `doce_titre` varchar(250) NOT NULL,
  `doce_emplacement` varchar(250) NOT NULL,
  `eval_id` int NOT NULL,
  PRIMARY KEY (`doce_id`),
  KEY `FK_DOCEVAL_EVAL` (`eval_id`),
  CONSTRAINT `FK_DOCEVAL_EVAL` FOREIGN KEY (`eval_id`) REFERENCES `evaluation` (`eval_id`)
) ENGINE=InnoDB AUTO_INCREMENT=2 DEFAULT CHARSET=latin1;
/*!40101 SET character_set_client = @saved_cs_client */;

--
-- Dumping data for table `documentsevaluation`
--

LOCK TABLES `documentsevaluation` WRITE;
/*!40000 ALTER TABLE `documentsevaluation` DISABLE KEYS */;
INSERT INTO `documentsevaluation` VALUES (1,'Cas AQUIFLOR','CAS AQUIFLOR.pdf',1);
/*!40000 ALTER TABLE `documentsevaluation` ENABLE KEYS */;
UNLOCK TABLES;

--
-- Table structure for table `documentsmemoire`
--

DROP TABLE IF EXISTS `documentsmemoire`;
/*!40101 SET @saved_cs_client     = @@character_set_client */;
/*!50503 SET character_set_client = utf8mb4 */;
CREATE TABLE `documentsmemoire` (
  `docm_id` int NOT NULL AUTO_INCREMENT,
  `docm_titre` varchar(250) NOT NULL,
  `docm_emplacement` varchar(250) NOT NULL,
  `docm_dateenvoi` date NOT NULL,
  `mem_id` int NOT NULL,
  PRIMARY KEY (`docm_id`),
  KEY `FK_DOCM_MEM` (`mem_id`),
  CONSTRAINT `FK_DOCM_MEM` FOREIGN KEY (`mem_id`) REFERENCES `memoire` (`mem_id`)
) ENGINE=InnoDB DEFAULT CHARSET=latin1;
/*!40101 SET character_set_client = @saved_cs_client */;

--
-- Dumping data for table `documentsmemoire`
--

LOCK TABLES `documentsmemoire` WRITE;
/*!40000 ALTER TABLE `documentsmemoire` DISABLE KEYS */;
/*!40000 ALTER TABLE `documentsmemoire` ENABLE KEYS */;
UNLOCK TABLES;

--
-- Table structure for table `ecole`
--

DROP TABLE IF EXISTS `ecole`;
/*!40101 SET @saved_cs_client     = @@character_set_client */;
/*!50503 SET character_set_client = utf8mb4 */;
CREATE TABLE `ecole` (
  `eco_id` int NOT NULL AUTO_INCREMENT,
  `eco_nom` varchar(50) NOT NULL,
  `eco_logo` varchar(255) DEFAULT NULL,
  PRIMARY KEY (`eco_id`)
) ENGINE=InnoDB AUTO_INCREMENT=19 DEFAULT CHARSET=utf8mb3 COMMENT='Table contenant les écoles';
/*!40101 SET character_set_client = @saved_cs_client */;

--
-- Dumping data for table `ecole`
--

LOCK TABLES `ecole` WRITE;
/*!40000 ALTER TABLE `ecole` DISABLE KEYS */;
INSERT INTO `ecole` VALUES (1,'EPSI','logos_ecoles/epsi.png'),(2,'WIS','logos_ecoles/wis.png'),(3,'U\'DEV','logos_ecoles/udev.png'),(4,'CGI','logos_ecoles/cgi.png'),(5,'CAP GEMINI','logos_ecoles/capgemini.png'),(6,'SQLi','logos_ecoles/sqli.png'),(7,'CDISCOUNT','logos_ecoles/cdiscount.png'),(8,'AVALONE','logos_ecoles/avalone.png'),(9,'APSIDE','logos_ecoles/apside.png'),(10,'SOGETI','logos_ecoles/sogeti.png'),(11,'CHEOPS TECHNOLOGY','logos_ecoles/cheops.png'),(12,'test',''),(13,'Boomerang Consulting','logos_ecoles/boomerang consulting.png'),(14,'ESME SUDRIA','logos_ecoles/esme sudria.png'),(15,'YNOV','logos_ecoles/ynov.png'),(16,'ADHENIA','logos_ecoles/adhenia.png'),(17,'Univers Formation','logos_ecoles/univers formation.png'),(18,'ECE','logos_ecoles/ece.jpg');
/*!40000 ALTER TABLE `ecole` ENABLE KEYS */;
UNLOCK TABLES;

--
-- Table structure for table `etu_resp_form_evalens`
--

DROP TABLE IF EXISTS `etu_resp_form_evalens`;
/*!40101 SET @saved_cs_client     = @@character_set_client */;
/*!50503 SET character_set_client = utf8mb4 */;
CREATE TABLE `etu_resp_form_evalens` (
  `etu_id` int NOT NULL,
  `formresp_id` int NOT NULL,
  `pf_id` int NOT NULL,
  `valeur` text,
  PRIMARY KEY (`etu_id`,`formresp_id`,`pf_id`),
  KEY `FK_RESP_RESP_EVALENS` (`formresp_id`),
  KEY `FK_RESP_PF_EVALENS` (`pf_id`),
  CONSTRAINT `FK_RESP_ETU_EVALENS` FOREIGN KEY (`etu_id`) REFERENCES `etudiant` (`etu_id`),
  CONSTRAINT `FK_RESP_PF_EVALENS` FOREIGN KEY (`pf_id`) REFERENCES `periodeformation` (`pf_id`),
  CONSTRAINT `FK_RESP_RESP_EVALENS` FOREIGN KEY (`formresp_id`) REFERENCES `form_reponse_evalens` (`formresp_id`)
) ENGINE=InnoDB DEFAULT CHARSET=latin1;
/*!40101 SET character_set_client = @saved_cs_client */;

--
-- Dumping data for table `etu_resp_form_evalens`
--

LOCK TABLES `etu_resp_form_evalens` WRITE;
/*!40000 ALTER TABLE `etu_resp_form_evalens` DISABLE KEYS */;
/*!40000 ALTER TABLE `etu_resp_form_evalens` ENABLE KEYS */;
UNLOCK TABLES;

--
-- Table structure for table `etudiant`
--

DROP TABLE IF EXISTS `etudiant`;
/*!40101 SET @saved_cs_client     = @@character_set_client */;
/*!50503 SET character_set_client = utf8mb4 */;
CREATE TABLE `etudiant` (
  `etu_id` int NOT NULL AUTO_INCREMENT,
  `etu_photo` varchar(255) DEFAULT NULL,
  `pers_id` int NOT NULL,
  PRIMARY KEY (`etu_id`),
  KEY `FK_ETU_PERS` (`pers_id`),
  CONSTRAINT `FK_ETU_PERS` FOREIGN KEY (`pers_id`) REFERENCES `personne` (`pers_id`)
) ENGINE=InnoDB AUTO_INCREMENT=519 DEFAULT CHARSET=utf8mb3 COMMENT='Table contenant les étudiants';
/*!40101 SET character_set_client = @saved_cs_client */;

--
-- Dumping data for table `etudiant`
--

LOCK TABLES `etudiant` WRITE;
/*!40000 ALTER TABLE `etudiant` DISABLE KEYS */;
INSERT INTO `etudiant` VALUES (1,'photo_AVINIO_Enzo.',8),(2,NULL,9),(3,NULL,10),(4,NULL,11),(5,NULL,12),(6,NULL,13),(7,NULL,14),(8,NULL,15),(9,NULL,16),(10,NULL,17),(11,NULL,18),(12,'',19),(13,NULL,20),(14,NULL,21),(15,NULL,22),(16,NULL,23),(17,NULL,24),(18,NULL,25),(19,NULL,26),(20,NULL,27),(21,NULL,28),(22,NULL,29),(23,NULL,30),(24,NULL,31),(25,NULL,32),(26,NULL,33),(27,NULL,34),(28,NULL,35),(29,NULL,36),(30,NULL,37),(31,NULL,38),(32,NULL,39),(33,NULL,40),(34,NULL,41),(35,NULL,42),(36,NULL,43),(37,NULL,44),(38,NULL,45),(39,NULL,46),(40,NULL,50),(47,NULL,63),(48,NULL,64),(49,'',65),(50,'',66),(51,'',67),(52,'',68),(53,'',69),(54,'',70),(55,'',71),(56,'',72),(57,'',73),(58,'',74),(59,'',75),(60,'',76),(61,'',77),(62,'',78),(63,'',79),(64,'',80),(65,'',81),(66,'',82),(67,'',83),(68,'',84),(69,'',85),(70,'',86),(71,'',87),(72,NULL,88),(73,'',89),(74,'',90),(75,'',91),(76,'',92),(77,'',93),(78,'',94),(79,'',95),(80,'',96),(81,'',97),(82,'',98),(83,'',99),(84,'',100),(85,'',101),(86,'',102),(87,'',103),(88,'',104),(89,'',105),(90,'',106),(91,'',107),(92,'',108),(93,'',109),(94,'',110),(95,'',111),(96,'',112),(97,'',113),(98,'',114),(99,'',115),(100,'',116),(101,'',117),(102,'',118),(103,'',119),(104,'',120),(105,'',121),(106,'',122),(107,'',123),(108,'',124),(109,'',125),(110,'',126),(111,'',127),(112,'',128),(113,'',129),(114,'',130),(115,'',131),(116,'',132),(117,'',133),(118,'',134),(119,'',135),(120,'',136),(121,'',137),(122,'',138),(123,'',139),(124,'',140),(125,'',141),(126,'',142),(127,'',143),(128,'',144),(129,'',145),(130,'',146),(131,'',147),(132,'',148),(133,'',149),(134,'',150),(135,'',151),(136,'',152),(137,'',153),(138,'',154),(139,'',155),(140,'',156),(141,'',157),(142,'',158),(143,'',159),(144,'',160),(145,'',161),(146,'',162),(147,'',163),(148,'',164),(149,'',165),(150,'',166),(151,'',167),(152,'',168),(153,'',169),(154,'',170),(155,'',171),(156,'',172),(157,'',173),(158,'',174),(159,'',175),(160,'',176),(161,'',177),(162,'',178),(163,'',179),(164,'',180),(165,'',181),(166,'',182),(167,'',183),(168,'',184),(169,'',185),(170,'',186),(171,'',187),(172,'',188),(173,'',189),(174,'',190),(175,'',191),(176,'',192),(177,'',193),(178,'',194),(179,'',195),(180,'',196),(181,'',197),(182,'',198),(183,'',199),(184,'',200),(185,'',201),(186,'',202),(187,'',203),(188,'',204),(189,'',205),(190,'',206),(191,'',207),(192,'',208),(193,'',209),(194,'',210),(195,'',211),(196,'',212),(197,'',213),(198,'',214),(199,'',215),(200,'',216),(201,'',217),(202,'',218),(203,'',219),(204,'',220),(205,'',221),(206,'',222),(207,'',223),(208,'',224),(209,'',225),(210,'',226),(211,'',227),(212,'',228),(213,'',229),(214,'',230),(215,'',231),(216,'',232),(217,'',233),(218,'',234),(219,'',235),(220,'',236),(221,'',237),(222,'',238),(223,'',239),(224,'',240),(225,'',241),(226,'',242),(227,'',243),(228,'',244),(229,'',245),(230,'',246),(231,'',247),(232,'',248),(233,'',249),(234,'',250),(235,'',251),(236,'',252),(237,'',253),(238,'',254),(239,'',255),(240,'',256),(241,'',257),(242,'',258),(243,'',259),(244,'',260),(245,'',261),(246,'',262),(247,'',263),(248,'',264),(249,'',265),(250,'',266),(251,'',267),(252,'',268),(253,'',269),(254,'',270),(255,'',271),(256,NULL,272),(257,NULL,273),(258,NULL,274),(259,NULL,275),(260,NULL,276),(261,NULL,277),(262,NULL,278),(263,NULL,279),(264,NULL,280),(265,NULL,281),(266,NULL,282),(267,NULL,283),(268,NULL,284),(269,'',285),(270,'',286),(271,'',287),(272,'',288),(273,'',289),(274,'',290),(275,'',291),(276,'',292),(277,'',293),(278,'',294),(279,'',295),(280,'',296),(281,'',297),(282,'',298),(283,'',299),(284,'',300),(285,'',301),(286,'',302),(287,'',303),(288,NULL,308),(289,NULL,309),(290,NULL,310),(291,NULL,311),(292,NULL,312),(293,NULL,313),(294,NULL,314),(295,NULL,315),(296,NULL,316),(297,NULL,317),(298,NULL,318),(299,NULL,319),(300,NULL,320),(301,NULL,321),(302,NULL,322),(303,NULL,323),(304,NULL,324),(305,NULL,325),(306,NULL,326),(307,NULL,327),(308,NULL,328),(309,NULL,329),(310,NULL,330),(311,NULL,331),(312,NULL,332),(313,NULL,333),(314,NULL,334),(315,NULL,335),(316,NULL,336),(317,NULL,337),(318,NULL,342),(319,NULL,343),(320,NULL,344),(321,NULL,345),(322,NULL,346),(323,NULL,347),(324,NULL,348),(325,NULL,349),(326,NULL,351),(327,NULL,352),(328,NULL,353),(329,NULL,354),(330,NULL,355),(331,NULL,356),(332,NULL,357),(333,NULL,358),(334,NULL,359),(335,NULL,360),(336,NULL,361),(337,NULL,362),(340,NULL,366),(341,NULL,367),(342,NULL,368),(343,NULL,369),(344,NULL,370),(345,NULL,371),(346,NULL,372),(347,NULL,373),(348,NULL,374),(349,NULL,375),(350,NULL,376),(351,NULL,377),(352,NULL,378),(353,NULL,379),(354,NULL,380),(355,NULL,381),(356,NULL,382),(357,NULL,383),(358,NULL,384),(359,NULL,385),(360,NULL,386),(361,NULL,387),(362,NULL,388),(363,NULL,389),(365,NULL,391),(366,NULL,392),(367,NULL,393),(368,NULL,394),(369,NULL,395),(370,NULL,396),(371,NULL,397),(372,NULL,398),(373,NULL,399),(374,NULL,400),(375,NULL,401),(376,NULL,405),(377,NULL,406),(378,NULL,407),(379,NULL,408),(380,NULL,409),(381,NULL,411),(382,NULL,412),(383,NULL,413),(384,NULL,414),(385,NULL,415),(386,NULL,416),(387,NULL,417),(388,NULL,418),(389,NULL,419),(391,'',427),(392,'',428),(393,'',429),(394,'',430),(395,'',431),(396,'',432),(397,'',433),(398,'',434),(399,'',435),(400,'',436),(401,'',437),(402,'',438),(403,'',439),(404,'',440),(405,'',441),(406,'',442),(407,'',443),(408,'',444),(409,'',445),(410,'',446),(411,'',447),(412,'',448),(413,'',449),(414,'',450),(415,'',451),(416,'',452),(417,'',453),(418,'',454),(419,'',455),(420,'',456),(421,'',457),(422,'',458),(423,'',459),(424,'',460),(425,'',461),(426,'',462),(427,'',463),(428,'',464),(429,'',465),(430,'',466),(431,'',467),(432,'',468),(433,'',469),(434,'',470),(435,'',471),(436,'',472),(437,'',473),(438,'',474),(439,'',475),(440,'',476),(441,NULL,481),(442,NULL,482),(444,'',484),(445,'',485),(446,'',486),(447,'',487),(449,'',489),(450,'',490),(451,'',491),(452,'',492),(453,'',493),(454,'',494),(455,'',495),(457,'',497),(458,'',498),(459,'',499),(460,'',500),(461,'',501),(462,'',502),(463,'',503),(464,'',504),(465,NULL,505),(466,NULL,506),(467,NULL,507),(468,NULL,508),(469,NULL,509),(470,NULL,510),(471,NULL,511),(472,NULL,512),(473,NULL,513),(474,NULL,514),(475,'',515),(476,'',516),(477,'',517),(478,'',518),(479,'',519),(480,'',520),(481,'',521),(482,'',522),(483,'',523),(484,'',524),(485,NULL,525),(486,NULL,526),(487,NULL,527),(488,NULL,528),(489,NULL,529),(490,NULL,530),(491,NULL,531),(492,NULL,532),(493,NULL,533),(494,NULL,534),(495,NULL,535),(496,NULL,536),(497,NULL,537),(498,NULL,538),(499,NULL,539),(500,NULL,540),(501,NULL,541),(502,NULL,542),(503,'',543),(504,'',544),(505,'',545),(506,'',546),(507,'',547),(508,'',548),(509,'',549),(510,'',550),(511,'',551),(512,'',552),(513,'',553),(514,'',554),(515,'',555),(516,'',556),(517,'',557),(518,'',558);
/*!40000 ALTER TABLE `etudiant` ENABLE KEYS */;
UNLOCK TABLES;

--
-- Table structure for table `evaluation`
--

DROP TABLE IF EXISTS `evaluation`;
/*!40101 SET @saved_cs_client     = @@character_set_client */;
/*!50503 SET character_set_client = utf8mb4 */;
CREATE TABLE `evaluation` (
  `eval_id` int NOT NULL AUTO_INCREMENT,
  `eval_date` date NOT NULL,
  `eval_duree` int DEFAULT '0',
  `eval_sujet` varchar(250) DEFAULT NULL,
  `eval_coefficient` float(5,2) NOT NULL DEFAULT '1.00',
  `type_id` int NOT NULL DEFAULT '1',
  `mod_id` int NOT NULL,
  PRIMARY KEY (`eval_id`),
  KEY `FK_EVAL_TYPE` (`type_id`),
  KEY `FK_EVAL_MOD` (`mod_id`),
  CONSTRAINT `FK_EVAL_MOD` FOREIGN KEY (`mod_id`) REFERENCES `module` (`mod_id`),
  CONSTRAINT `FK_EVAL_TYPE` FOREIGN KEY (`type_id`) REFERENCES `typeevaluation` (`type_id`)
) ENGINE=InnoDB AUTO_INCREMENT=4 DEFAULT CHARSET=latin1;
/*!40101 SET character_set_client = @saved_cs_client */;

--
-- Dumping data for table `evaluation`
--

LOCK TABLES `evaluation` WRITE;
/*!40000 ALTER TABLE `evaluation` DISABLE KEYS */;
INSERT INTO `evaluation` VALUES (1,'2018-01-23',120,'Cas Aquiflor',2.00,1,21),(2,'2018-01-25',0,'Cas Divers',1.00,5,21),(3,'2018-03-06',120,'Cas SQL',1.00,5,15);
/*!40000 ALTER TABLE `evaluation` ENABLE KEYS */;
UNLOCK TABLES;

--
-- Table structure for table `evaluer`
--

DROP TABLE IF EXISTS `evaluer`;
/*!40101 SET @saved_cs_client     = @@character_set_client */;
/*!50503 SET character_set_client = utf8mb4 */;
CREATE TABLE `evaluer` (
  `eval_commentaire` text,
  `eval_acquis` tinyint(1) NOT NULL,
  `eval_enacquisition` tinyint(1) NOT NULL,
  `eval_nonacquis` tinyint(1) NOT NULL,
  `int_id` int NOT NULL,
  `etu_id` int NOT NULL,
  `cmod_id` int NOT NULL,
  PRIMARY KEY (`int_id`,`etu_id`,`cmod_id`),
  KEY `FK_evaluer_etu_id` (`etu_id`),
  KEY `FK_evaluer_cmod_id` (`cmod_id`),
  CONSTRAINT `FK_evaluer_cmod_id` FOREIGN KEY (`cmod_id`) REFERENCES `contenumodule` (`cmod_id`),
  CONSTRAINT `FK_evaluer_etu_id` FOREIGN KEY (`etu_id`) REFERENCES `etudiant` (`etu_id`),
  CONSTRAINT `FK_evaluer_int_id` FOREIGN KEY (`int_id`) REFERENCES `intervenant` (`int_id`)
) ENGINE=InnoDB DEFAULT CHARSET=utf8mb3 COMMENT='Table permettant de stocker les évaluation des étudiants pour les contenus de modules par les intervenants';
/*!40101 SET character_set_client = @saved_cs_client */;

--
-- Dumping data for table `evaluer`
--

LOCK TABLES `evaluer` WRITE;
/*!40000 ALTER TABLE `evaluer` DISABLE KEYS */;
INSERT INTO `evaluer` VALUES ('',0,0,1,2,351,210),('',0,0,1,2,351,211),('',0,0,1,2,351,212),('',0,0,1,2,351,213),('',0,0,1,2,351,214),('',0,0,1,2,351,215),('',0,0,1,2,351,216),('',0,0,1,2,351,217),('',0,0,1,2,351,218),('',0,0,1,2,351,226),('',0,0,1,2,351,227),('',0,0,1,2,351,228),('',0,0,1,2,351,229),('',0,0,1,2,351,230),('',0,0,1,2,352,210),('',0,0,1,2,352,211),('',0,0,1,2,352,212),('',0,0,1,2,352,213),('',0,0,1,2,352,214),('',0,0,1,2,352,215),('',0,0,1,2,352,216),('',0,0,1,2,352,217),('',0,0,1,2,352,218),('',0,0,1,2,352,226),('',0,0,1,2,352,227),('',0,0,1,2,352,228),('',0,0,1,2,352,229),('',0,0,1,2,352,230),('',1,0,0,3,288,88),('',1,0,0,3,288,89),('',1,0,0,3,288,90),('',1,0,0,3,288,91),('',0,1,0,3,288,92),('',0,1,0,3,288,93),('',0,1,0,3,288,94),('',1,0,0,3,288,95),('',0,1,0,3,288,96),('',0,1,0,3,288,97),('',0,1,0,3,288,98),('',0,1,0,3,288,99),('',0,1,0,3,288,100),('',0,1,0,3,288,101),('',0,1,0,3,288,102),('',0,1,0,3,289,88),('',1,0,0,3,289,89),('',1,0,0,3,289,90),('',1,0,0,3,289,91),('',0,1,0,3,289,92),('',0,1,0,3,289,93),('',0,1,0,3,289,94),('',0,1,0,3,289,95),('',0,1,0,3,289,96),('',0,1,0,3,289,97),('',0,1,0,3,289,98),('',0,1,0,3,289,99),('',0,1,0,3,289,100),('',0,1,0,3,289,101),('',0,1,0,3,289,102),('',1,0,0,3,290,88),('',1,0,0,3,290,89),('',1,0,0,3,290,90),('',1,0,0,3,290,91),('',0,1,0,3,290,92),('',0,1,0,3,290,93),('',0,1,0,3,290,94),('',1,0,0,3,290,95),('',0,1,0,3,290,96),('',0,1,0,3,290,97),('',0,1,0,3,290,98),('',0,1,0,3,290,99),('',0,1,0,3,290,100),('',0,1,0,3,290,101),('',0,1,0,3,290,102),('',1,0,0,3,291,88),('',1,0,0,3,291,89),('',1,0,0,3,291,90),('',1,0,0,3,291,91),('',0,1,0,3,291,92),('',0,1,0,3,291,93),('',1,0,0,3,291,94),('',1,0,0,3,291,95),('',1,0,0,3,291,96),('',0,1,0,3,291,97),('',0,1,0,3,291,98),('',0,1,0,3,291,99),('',0,1,0,3,291,100),('',0,1,0,3,291,101),('',0,1,0,3,291,102),('',1,0,0,3,292,88),('',1,0,0,3,292,89),('',1,0,0,3,292,90),('',1,0,0,3,292,91),('',1,0,0,3,292,92),('',0,1,0,3,292,93),('',1,0,0,3,292,94),('',1,0,0,3,292,95),('',0,1,0,3,292,96),('',0,1,0,3,292,97),('',0,1,0,3,292,98),('',0,1,0,3,292,99),('',0,1,0,3,292,100),('',0,1,0,3,292,101),('',0,1,0,3,292,102),('',0,1,0,3,293,88),('',1,0,0,3,293,89),('',1,0,0,3,293,90),('',1,0,0,3,293,91),('',0,1,0,3,293,92),('',0,1,0,3,293,93),('',0,1,0,3,293,94),('',1,0,0,3,293,95),('',0,1,0,3,293,96),('',0,1,0,3,293,97),('',0,1,0,3,293,98),('',0,1,0,3,293,99),('',0,1,0,3,293,100),('',0,1,0,3,293,101),('',0,1,0,3,293,102),('',1,0,0,3,294,88),('',1,0,0,3,294,89),('',1,0,0,3,294,90),('',1,0,0,3,294,91),('',0,1,0,3,294,92),('',0,1,0,3,294,93),('',1,0,0,3,294,94),('',1,0,0,3,294,95),('',1,0,0,3,294,96),('',0,1,0,3,294,97),('',0,1,0,3,294,98),('',0,1,0,3,294,99),('',0,1,0,3,294,100),('',0,1,0,3,294,101),('',0,1,0,3,294,102),('',1,0,0,3,295,88),('',1,0,0,3,295,89),('',1,0,0,3,295,90),('',1,0,0,3,295,91),('',0,1,0,3,295,92),('',0,1,0,3,295,93),('',0,1,0,3,295,94),('',1,0,0,3,295,95),('',0,1,0,3,295,96),('',0,1,0,3,295,97),('',0,1,0,3,295,98),('',0,1,0,3,295,99),('',0,1,0,3,295,100),('',0,1,0,3,295,101),('',0,1,0,3,295,102),('',1,0,0,3,296,88),('',1,0,0,3,296,89),('',1,0,0,3,296,90),('',1,0,0,3,296,91),('',0,1,0,3,296,92),('',0,1,0,3,296,93),('',0,1,0,3,296,94),('',1,0,0,3,296,95),('',0,1,0,3,296,96),('',0,1,0,3,296,97),('',0,1,0,3,296,98),('',0,1,0,3,296,99),('',0,1,0,3,296,100),('',0,1,0,3,296,101),('',0,1,0,3,296,102),('',1,0,0,3,297,88),('',1,0,0,3,297,89),('',1,0,0,3,297,90),('',1,0,0,3,297,91),('',0,1,0,3,297,92),('',0,1,0,3,297,93),('',0,1,0,3,297,94),('',0,1,0,3,297,95),('',0,1,0,3,297,96),('',0,1,0,3,297,97),('',0,1,0,3,297,98),('',0,1,0,3,297,99),('',0,1,0,3,297,100),('',0,1,0,3,297,101),('',0,1,0,3,297,102),('',1,0,0,3,298,88),('',1,0,0,3,298,89),('',1,0,0,3,298,90),('',1,0,0,3,298,91),('',0,1,0,3,298,92),('',0,1,0,3,298,93),('',0,1,0,3,298,94),('',1,0,0,3,298,95),('',0,1,0,3,298,96),('',0,1,0,3,298,97),('',0,1,0,3,298,98),('',0,1,0,3,298,99),('',0,1,0,3,298,100),('',0,1,0,3,298,101),('',0,1,0,3,298,102),('',1,0,0,3,299,88),('',1,0,0,3,299,89),('',1,0,0,3,299,90),('',1,0,0,3,299,91),('',1,0,0,3,299,92),('',0,1,0,3,299,93),('',1,0,0,3,299,94),('',1,0,0,3,299,95),('',0,1,0,3,299,96),('',1,0,0,3,299,97),('',0,1,0,3,299,98),('',0,1,0,3,299,99),('',0,1,0,3,299,100),('',0,1,0,3,299,101),('',0,1,0,3,299,102),('',1,0,0,3,300,88),('',1,0,0,3,300,89),('',1,0,0,3,300,90),('',1,0,0,3,300,91),('',1,0,0,3,300,92),('',1,0,0,3,300,93),('',0,1,0,3,300,94),('',1,0,0,3,300,95),('',1,0,0,3,300,96),('',1,0,0,3,300,97),('',0,1,0,3,300,98),('',0,1,0,3,300,99),('',0,1,0,3,300,100),('',0,1,0,3,300,101),('',0,1,0,3,300,102),('',1,0,0,3,301,88),('',1,0,0,3,301,89),('',1,0,0,3,301,90),('',1,0,0,3,301,91),('',1,0,0,3,301,92),('',1,0,0,3,301,93),('',1,0,0,3,301,94),('',1,0,0,3,301,95),('',1,0,0,3,301,96),('',1,0,0,3,301,97),('',0,1,0,3,301,98),('',0,1,0,3,301,99),('',0,1,0,3,301,100),('',0,1,0,3,301,101),('',0,1,0,3,301,102),('',1,0,0,3,302,88),('',1,0,0,3,302,89),('',1,0,0,3,302,90),('',1,0,0,3,302,91),('',0,1,0,3,302,92),('',0,1,0,3,302,93),('',0,1,0,3,302,94),('',1,0,0,3,302,95),('',1,0,0,3,302,96),('',0,1,0,3,302,97),('',0,1,0,3,302,98),('',0,1,0,3,302,99),('',0,1,0,3,302,100),('',0,1,0,3,302,101),('',0,1,0,3,302,102),('',1,0,0,3,303,88),('',1,0,0,3,303,89),('',1,0,0,3,303,90),('',1,0,0,3,303,91),('',0,1,0,3,303,92),('',0,1,0,3,303,93),('',0,1,0,3,303,94),('',0,1,0,3,303,95),('',0,1,0,3,303,96),('',0,1,0,3,303,97),('',0,1,0,3,303,98),('',0,1,0,3,303,99),('',0,1,0,3,303,100),('',0,1,0,3,303,101),('',0,1,0,3,303,102),('',1,0,0,3,304,88),('',1,0,0,3,304,89),('',1,0,0,3,304,90),('',1,0,0,3,304,91),('',1,0,0,3,304,92),('',1,0,0,3,304,93),('',1,0,0,3,304,94),('',1,0,0,3,304,95),('',1,0,0,3,304,96),('',1,0,0,3,304,97),('',0,1,0,3,304,98),('',0,1,0,3,304,99),('',0,1,0,3,304,100),('',0,1,0,3,304,101),('',0,1,0,3,304,102),('',1,0,0,3,305,88),('',1,0,0,3,305,89),('',1,0,0,3,305,90),('',1,0,0,3,305,91),('',0,1,0,3,305,92),('',0,1,0,3,305,93),('',1,0,0,3,305,94),('',1,0,0,3,305,95),('',0,1,0,3,305,96),('',0,1,0,3,305,97),('',0,1,0,3,305,98),('',0,1,0,3,305,99),('',0,1,0,3,305,100),('',0,1,0,3,305,101),('',0,1,0,3,305,102),('',1,0,0,3,306,88),('',1,0,0,3,306,89),('',1,0,0,3,306,90),('',1,0,0,3,306,91),('',0,1,0,3,306,92),('',0,1,0,3,306,93),('',1,0,0,3,306,94),('',1,0,0,3,306,95),('',0,1,0,3,306,96),('',0,1,0,3,306,97),('',0,1,0,3,306,98),('',0,1,0,3,306,99),('',0,1,0,3,306,100),('',0,1,0,3,306,101),('',0,1,0,3,306,102),('',1,0,0,3,307,88),('',1,0,0,3,307,89),('',1,0,0,3,307,90),('',1,0,0,3,307,91),('',1,0,0,3,307,92),('',0,1,0,3,307,93),('',1,0,0,3,307,94),('',1,0,0,3,307,95),('',0,1,0,3,307,96),('',0,1,0,3,307,97),('',0,1,0,3,307,98),('',0,1,0,3,307,99),('',0,1,0,3,307,100),('',0,1,0,3,307,101),('',0,1,0,3,307,102),('',1,0,0,3,308,88),('',1,0,0,3,308,89),('',1,0,0,3,308,90),('',1,0,0,3,308,91),('',0,1,0,3,308,92),('',0,1,0,3,308,93),('',1,0,0,3,308,94),('',1,0,0,3,308,95),('',0,1,0,3,308,96),('',0,1,0,3,308,97),('',0,1,0,3,308,98),('',0,1,0,3,308,99),('',0,1,0,3,308,100),('',0,1,0,3,308,101),('',0,1,0,3,308,102),('',1,0,0,3,309,88),('',1,0,0,3,309,89),('',1,0,0,3,309,90),('',1,0,0,3,309,91),('',1,0,0,3,309,92),('',0,1,0,3,309,93),('',1,0,0,3,309,94),('',1,0,0,3,309,95),('',1,0,0,3,309,96),('',1,0,0,3,309,97),('',0,1,0,3,309,98),('',0,1,0,3,309,99),('',0,1,0,3,309,100),('',0,1,0,3,309,101),('',0,1,0,3,309,102),('',1,0,0,3,310,88),('',1,0,0,3,310,89),('',1,0,0,3,310,90),('',1,0,0,3,310,91),('',1,0,0,3,310,92),('',0,1,0,3,310,93),('',1,0,0,3,310,94),('',1,0,0,3,310,95),('',1,0,0,3,310,96),('',0,1,0,3,310,97),('',0,1,0,3,310,98),('',0,1,0,3,310,99),('',0,1,0,3,310,100),('',0,1,0,3,310,101),('',0,1,0,3,310,102),('',1,0,0,3,311,88),('',1,0,0,3,311,89),('',1,0,0,3,311,90),('',1,0,0,3,311,91),('',0,1,0,3,311,92),('',0,1,0,3,311,93),('',0,1,0,3,311,94),('',1,0,0,3,311,95),('',0,1,0,3,311,96),('',0,1,0,3,311,97),('',0,1,0,3,311,98),('',0,1,0,3,311,99),('',0,1,0,3,311,100),('',0,1,0,3,311,101),('',0,1,0,3,311,102),('',1,0,0,3,312,88),('',1,0,0,3,312,89),('',1,0,0,3,312,90),('',1,0,0,3,312,91),('',1,0,0,3,312,92),('',1,0,0,3,312,93),('',1,0,0,3,312,94),('',1,0,0,3,312,95),('',1,0,0,3,312,96),('',1,0,0,3,312,97),('',0,1,0,3,312,98),('',0,1,0,3,312,99),('',0,1,0,3,312,100),('',0,1,0,3,312,101),('',0,1,0,3,312,102),('',1,0,0,3,313,88),('',1,0,0,3,313,89),('',1,0,0,3,313,90),('',1,0,0,3,313,91),('',0,1,0,3,313,92),('',0,1,0,3,313,93),('',1,0,0,3,313,94),('',1,0,0,3,313,95),('',0,1,0,3,313,96),('',0,1,0,3,313,97),('',0,1,0,3,313,98),('',0,1,0,3,313,99),('',0,1,0,3,313,100),('',0,1,0,3,313,101),('',0,1,0,3,313,102),('',1,0,0,3,314,88),('',1,0,0,3,314,89),('',1,0,0,3,314,90),('',1,0,0,3,314,91),('',1,0,0,3,314,92),('',1,0,0,3,314,93),('',1,0,0,3,314,94),('',1,0,0,3,314,95),('',1,0,0,3,314,96),('',0,1,0,3,314,97),('',0,1,0,3,314,98),('',0,1,0,3,314,99),('',0,1,0,3,314,100),('',0,1,0,3,314,101),('',0,1,0,3,314,102),('',1,0,0,3,315,88),('',1,0,0,3,315,89),('',1,0,0,3,315,90),('',1,0,0,3,315,91),('',1,0,0,3,315,92),('',0,1,0,3,315,93),('',1,0,0,3,315,94),('',1,0,0,3,315,95),('',1,0,0,3,315,96),('',0,1,0,3,315,97),('',0,1,0,3,315,98),('',0,1,0,3,315,99),('',0,1,0,3,315,100),('',0,1,0,3,315,101),('',0,1,0,3,315,102),('',1,0,0,3,316,88),('',1,0,0,3,316,89),('',1,0,0,3,316,90),('',1,0,0,3,316,91),('',0,1,0,3,316,92),('',0,1,0,3,316,93),('',0,1,0,3,316,94),('',0,1,0,3,316,95),('',0,1,0,3,316,96),('',0,1,0,3,316,97),('',0,1,0,3,316,98),('',0,1,0,3,316,99),('',0,1,0,3,316,100),('',0,1,0,3,316,101),('',0,1,0,3,316,102),('',0,0,1,3,351,98),('',0,0,1,3,351,99),('',0,0,1,3,351,100),('',0,0,1,3,351,101),('',0,0,1,3,351,102),('',0,0,1,3,352,98),('',0,0,1,3,352,99),('',0,0,1,3,352,100),('',0,0,1,3,352,101),('',0,0,1,3,352,102),(NULL,1,0,0,4,1,1),(NULL,1,0,0,4,1,2),(NULL,1,0,0,4,1,3),(NULL,1,0,0,4,1,4),(NULL,1,0,0,4,1,5),(NULL,0,1,0,4,1,6),(NULL,0,1,0,4,1,7),(NULL,0,1,0,4,1,8),(NULL,0,1,0,4,1,9),(NULL,1,0,0,4,1,10),(NULL,1,0,0,4,1,11),(NULL,1,0,0,4,1,12),(NULL,0,1,0,4,1,13),(NULL,1,0,0,4,1,14),(NULL,1,0,0,4,1,15),(NULL,1,0,0,4,1,16),(NULL,1,0,0,4,1,17),(NULL,1,0,0,4,1,18),(NULL,0,1,0,4,1,19),(NULL,0,1,0,4,1,20),(NULL,0,1,0,4,1,21),(NULL,0,1,0,4,1,22),(NULL,0,1,0,4,1,23),(NULL,0,0,1,4,1,24),(NULL,0,0,1,4,1,25),(NULL,1,0,0,4,1,26),(NULL,0,1,0,4,1,27),(NULL,1,0,0,4,1,28),(NULL,0,1,0,4,1,29),(NULL,0,1,0,4,1,30),(NULL,0,1,0,4,1,31),(NULL,0,1,0,4,1,32),(NULL,0,0,1,4,1,33),(NULL,0,0,1,4,1,34),(NULL,1,0,0,4,2,1),(NULL,1,0,0,4,2,2),(NULL,1,0,0,4,2,3),(NULL,1,0,0,4,2,4),(NULL,1,0,0,4,2,5),(NULL,0,1,0,4,2,6),(NULL,1,0,0,4,2,7),(NULL,0,1,0,4,2,8),(NULL,0,1,0,4,2,9),(NULL,1,0,0,4,2,10),(NULL,1,0,0,4,2,11),(NULL,1,0,0,4,2,12),(NULL,0,1,0,4,2,13),(NULL,1,0,0,4,2,14),(NULL,1,0,0,4,2,15),(NULL,1,0,0,4,2,16),(NULL,1,0,0,4,2,17),(NULL,1,0,0,4,2,18),(NULL,0,1,0,4,2,19),(NULL,0,1,0,4,2,20),(NULL,0,1,0,4,2,21),(NULL,0,1,0,4,2,22),(NULL,0,1,0,4,2,23),(NULL,0,1,0,4,2,24),(NULL,0,1,0,4,2,25),(NULL,1,0,0,4,2,26),(NULL,0,1,0,4,2,27),(NULL,1,0,0,4,2,28),(NULL,0,1,0,4,2,29),(NULL,0,1,0,4,2,30),(NULL,0,1,0,4,2,31),(NULL,0,1,0,4,2,32),(NULL,0,0,1,4,2,33),(NULL,0,0,1,4,2,34),(NULL,1,0,0,4,3,1),(NULL,1,0,0,4,3,2),(NULL,1,0,0,4,3,3),(NULL,1,0,0,4,3,4),(NULL,1,0,0,4,3,5),(NULL,1,0,0,4,3,6),(NULL,0,1,0,4,3,7),(NULL,0,1,0,4,3,8),(NULL,0,1,0,4,3,9),(NULL,0,1,0,4,3,10),(NULL,0,1,0,4,3,11),(NULL,0,1,0,4,3,12),(NULL,0,1,0,4,3,13),(NULL,1,0,0,4,3,14),(NULL,1,0,0,4,3,15),(NULL,1,0,0,4,3,16),(NULL,1,0,0,4,3,17),(NULL,1,0,0,4,3,18),(NULL,1,0,0,4,3,19),(NULL,0,1,0,4,3,20),(NULL,0,1,0,4,3,21),(NULL,0,1,0,4,3,22),(NULL,0,1,0,4,3,23),(NULL,0,1,0,4,3,24),(NULL,0,1,0,4,3,25),(NULL,1,0,0,4,3,26),(NULL,0,1,0,4,3,27),(NULL,0,1,0,4,3,28),(NULL,0,1,0,4,3,29),(NULL,0,1,0,4,3,30),(NULL,0,1,0,4,3,31),(NULL,0,1,0,4,3,32),(NULL,0,0,1,4,3,33),(NULL,0,0,1,4,3,34),(NULL,1,0,0,4,4,1),(NULL,1,0,0,4,4,2),(NULL,1,0,0,4,4,3),(NULL,1,0,0,4,4,4),(NULL,1,0,0,4,4,5),(NULL,1,0,0,4,4,6),(NULL,1,0,0,4,4,7),(NULL,0,1,0,4,4,8),(NULL,0,1,0,4,4,9),(NULL,1,0,0,4,4,10),(NULL,0,1,0,4,4,11),(NULL,1,0,0,4,4,12),(NULL,0,1,0,4,4,13),(NULL,1,0,0,4,4,14),(NULL,1,0,0,4,4,15),(NULL,1,0,0,4,4,16),(NULL,1,0,0,4,4,17),(NULL,1,0,0,4,4,18),(NULL,1,0,0,4,4,19),(NULL,0,1,0,4,4,20),(NULL,0,1,0,4,4,21),(NULL,1,0,0,4,4,22),(NULL,1,0,0,4,4,23),(NULL,0,1,0,4,4,24),(NULL,0,1,0,4,4,25),(NULL,1,0,0,4,4,26),(NULL,1,0,0,4,4,27),(NULL,1,0,0,4,4,28),(NULL,0,1,0,4,4,29),(NULL,1,0,0,4,4,30),(NULL,1,0,0,4,4,31),(NULL,1,0,0,4,4,32),(NULL,0,0,1,4,4,33),(NULL,0,0,1,4,4,34),(NULL,1,0,0,4,5,1),(NULL,1,0,0,4,5,2),(NULL,1,0,0,4,5,3),(NULL,1,0,0,4,5,4),(NULL,1,0,0,4,5,5),(NULL,1,0,0,4,5,6),(NULL,1,0,0,4,5,7),(NULL,0,1,0,4,5,8),(NULL,0,1,0,4,5,9),(NULL,1,0,0,4,5,10),(NULL,1,0,0,4,5,11),(NULL,1,0,0,4,5,12),(NULL,0,1,0,4,5,13),(NULL,1,0,0,4,5,14),(NULL,1,0,0,4,5,15),(NULL,1,0,0,4,5,16),(NULL,1,0,0,4,5,17),(NULL,1,0,0,4,5,18),(NULL,1,0,0,4,5,19),(NULL,0,1,0,4,5,20),(NULL,0,1,0,4,5,21),(NULL,0,1,0,4,5,22),(NULL,1,0,0,4,5,23),(NULL,0,1,0,4,5,24),(NULL,0,1,0,4,5,25),(NULL,1,0,0,4,5,26),(NULL,1,0,0,4,5,27),(NULL,1,0,0,4,5,28),(NULL,0,1,0,4,5,29),(NULL,0,1,0,4,5,30),(NULL,0,1,0,4,5,31),(NULL,0,1,0,4,5,32),(NULL,0,0,1,4,5,33),(NULL,0,0,1,4,5,34),(NULL,1,0,0,4,6,1),(NULL,1,0,0,4,6,2),(NULL,1,0,0,4,6,3),(NULL,1,0,0,4,6,4),(NULL,0,1,0,4,6,5),(NULL,1,0,0,4,6,6),(NULL,0,1,0,4,6,7),(NULL,0,1,0,4,6,8),(NULL,0,1,0,4,6,9),(NULL,0,1,0,4,6,10),(NULL,0,1,0,4,6,11),(NULL,0,1,0,4,6,12),(NULL,0,1,0,4,6,13),(NULL,1,0,0,4,6,14),(NULL,1,0,0,4,6,15),(NULL,1,0,0,4,6,16),(NULL,1,0,0,4,6,17),(NULL,0,1,0,4,6,18),(NULL,0,1,0,4,6,19),(NULL,0,1,0,4,6,20),(NULL,0,1,0,4,6,21),(NULL,0,1,0,4,6,22),(NULL,0,1,0,4,6,23),(NULL,0,1,0,4,6,24),(NULL,0,1,0,4,6,25),(NULL,1,0,0,4,6,26),(NULL,0,1,0,4,6,27),(NULL,0,1,0,4,6,28),(NULL,0,1,0,4,6,29),(NULL,0,1,0,4,6,30),(NULL,0,1,0,4,6,31),(NULL,0,1,0,4,6,32),(NULL,0,0,1,4,6,33),(NULL,0,0,1,4,6,34),(NULL,1,0,0,4,7,1),(NULL,1,0,0,4,7,2),(NULL,1,0,0,4,7,3),(NULL,1,0,0,4,7,4),(NULL,1,0,0,4,7,5),(NULL,1,0,0,4,7,6),(NULL,0,1,0,4,7,7),(NULL,0,1,0,4,7,8),(NULL,0,1,0,4,7,9),(NULL,1,0,0,4,7,10),(NULL,0,1,0,4,7,11),(NULL,1,0,0,4,7,12),(NULL,0,1,0,4,7,13),(NULL,1,0,0,4,7,14),(NULL,1,0,0,4,7,15),(NULL,1,0,0,4,7,16),(NULL,1,0,0,4,7,17),(NULL,1,0,0,4,7,18),(NULL,1,0,0,4,7,19),(NULL,0,1,0,4,7,20),(NULL,0,1,0,4,7,21),(NULL,0,1,0,4,7,22),(NULL,0,1,0,4,7,23),(NULL,0,1,0,4,7,24),(NULL,0,1,0,4,7,25),(NULL,1,0,0,4,7,26),(NULL,0,1,0,4,7,27),(NULL,0,1,0,4,7,28),(NULL,0,1,0,4,7,29),(NULL,0,1,0,4,7,30),(NULL,0,1,0,4,7,31),(NULL,0,1,0,4,7,32),(NULL,0,0,1,4,7,33),(NULL,0,0,1,4,7,34),(NULL,1,0,0,4,8,1),(NULL,1,0,0,4,8,2),(NULL,1,0,0,4,8,3),(NULL,1,0,0,4,8,4),(NULL,1,0,0,4,8,5),(NULL,1,0,0,4,8,6),(NULL,1,0,0,4,8,7),(NULL,0,1,0,4,8,8),(NULL,0,1,0,4,8,9),(NULL,1,0,0,4,8,10),(NULL,1,0,0,4,8,11),(NULL,1,0,0,4,8,12),(NULL,0,1,0,4,8,13),(NULL,1,0,0,4,8,14),(NULL,1,0,0,4,8,15),(NULL,1,0,0,4,8,16),(NULL,1,0,0,4,8,17),(NULL,1,0,0,4,8,18),(NULL,1,0,0,4,8,19),(NULL,0,1,0,4,8,20),(NULL,0,1,0,4,8,21),(NULL,1,0,0,4,8,22),(NULL,1,0,0,4,8,23),(NULL,0,1,0,4,8,24),(NULL,0,1,0,4,8,25),(NULL,1,0,0,4,8,26),(NULL,1,0,0,4,8,27),(NULL,1,0,0,4,8,28),(NULL,0,1,0,4,8,29),(NULL,0,1,0,4,8,30),(NULL,1,0,0,4,8,31),(NULL,1,0,0,4,8,32),(NULL,0,0,1,4,8,33),(NULL,0,0,1,4,8,34),(NULL,1,0,0,4,9,1),(NULL,1,0,0,4,9,2),(NULL,1,0,0,4,9,3),(NULL,1,0,0,4,9,4),(NULL,1,0,0,4,9,5),(NULL,1,0,0,4,9,6),(NULL,1,0,0,4,9,7),(NULL,0,1,0,4,9,8),(NULL,0,1,0,4,9,9),(NULL,0,1,0,4,9,10),(NULL,0,1,0,4,9,11),(NULL,0,1,0,4,9,12),(NULL,0,1,0,4,9,13),(NULL,1,0,0,4,9,14),(NULL,1,0,0,4,9,15),(NULL,1,0,0,4,9,16),(NULL,1,0,0,4,9,17),(NULL,1,0,0,4,9,18),(NULL,1,0,0,4,9,19),(NULL,0,1,0,4,9,20),(NULL,0,1,0,4,9,21),(NULL,0,1,0,4,9,22),(NULL,0,1,0,4,9,23),(NULL,0,1,0,4,9,24),(NULL,0,1,0,4,9,25),(NULL,1,0,0,4,9,26),(NULL,0,1,0,4,9,27),(NULL,1,0,0,4,9,28),(NULL,0,1,0,4,9,29),(NULL,0,1,0,4,9,30),(NULL,0,1,0,4,9,31),(NULL,0,1,0,4,9,32),(NULL,0,0,1,4,9,33),(NULL,0,0,1,4,9,34),(NULL,1,0,0,4,10,1),(NULL,1,0,0,4,10,2),(NULL,1,0,0,4,10,3),(NULL,1,0,0,4,10,4),(NULL,1,0,0,4,10,5),(NULL,1,0,0,4,10,6),(NULL,1,0,0,4,10,7),(NULL,0,1,0,4,10,8),(NULL,0,1,0,4,10,9),(NULL,1,0,0,4,10,10),(NULL,1,0,0,4,10,11),(NULL,1,0,0,4,10,12),(NULL,0,1,0,4,10,13),(NULL,1,0,0,4,10,14),(NULL,1,0,0,4,10,15),(NULL,1,0,0,4,10,16),(NULL,1,0,0,4,10,17),(NULL,1,0,0,4,10,18),(NULL,1,0,0,4,10,19),(NULL,0,1,0,4,10,20),(NULL,0,1,0,4,10,21),(NULL,0,1,0,4,10,22),(NULL,0,1,0,4,10,23),(NULL,0,1,0,4,10,24),(NULL,0,1,0,4,10,25),(NULL,1,0,0,4,10,26),(NULL,1,0,0,4,10,27),(NULL,1,0,0,4,10,28),(NULL,0,1,0,4,10,29),(NULL,0,1,0,4,10,30),(NULL,0,1,0,4,10,31),(NULL,0,1,0,4,10,32),(NULL,0,0,1,4,10,33),(NULL,0,0,1,4,10,34),(NULL,1,0,0,4,11,1),(NULL,1,0,0,4,11,2),(NULL,1,0,0,4,11,3),(NULL,1,0,0,4,11,4),(NULL,1,0,0,4,11,5),(NULL,1,0,0,4,11,6),(NULL,1,0,0,4,11,7),(NULL,0,1,0,4,11,8),(NULL,0,1,0,4,11,9),(NULL,1,0,0,4,11,10),(NULL,1,0,0,4,11,11),(NULL,1,0,0,4,11,12),(NULL,0,1,0,4,11,13),(NULL,1,0,0,4,11,14),(NULL,1,0,0,4,11,15),(NULL,1,0,0,4,11,16),(NULL,1,0,0,4,11,17),(NULL,1,0,0,4,11,18),(NULL,1,0,0,4,11,19),(NULL,0,1,0,4,11,20),(NULL,0,1,0,4,11,21),(NULL,0,1,0,4,11,22),(NULL,0,1,0,4,11,23),(NULL,0,1,0,4,11,24),(NULL,0,1,0,4,11,25),(NULL,1,0,0,4,11,26),(NULL,1,0,0,4,11,27),(NULL,1,0,0,4,11,28),(NULL,0,1,0,4,11,29),(NULL,0,1,0,4,11,30),(NULL,1,0,0,4,11,31),(NULL,1,0,0,4,11,32),(NULL,0,0,1,4,11,33),(NULL,0,0,1,4,11,34),(NULL,1,0,0,4,12,1),(NULL,1,0,0,4,12,2),(NULL,1,0,0,4,12,3),(NULL,1,0,0,4,12,4),(NULL,1,0,0,4,12,5),(NULL,1,0,0,4,12,6),(NULL,1,0,0,4,12,7),(NULL,0,1,0,4,12,8),(NULL,0,1,0,4,12,9),(NULL,1,0,0,4,12,10),(NULL,1,0,0,4,12,11),(NULL,1,0,0,4,12,12),(NULL,0,1,0,4,12,13),(NULL,1,0,0,4,12,14),(NULL,1,0,0,4,12,15),(NULL,1,0,0,4,12,16),(NULL,1,0,0,4,12,17),(NULL,1,0,0,4,12,18),(NULL,1,0,0,4,12,19),(NULL,0,1,0,4,12,20),(NULL,0,1,0,4,12,21),(NULL,0,1,0,4,12,22),(NULL,0,1,0,4,12,23),(NULL,0,1,0,4,12,24),(NULL,0,1,0,4,12,25),(NULL,1,0,0,4,12,26),(NULL,1,0,0,4,12,27),(NULL,1,0,0,4,12,28),(NULL,0,1,0,4,12,29),(NULL,0,1,0,4,12,30),(NULL,1,0,0,4,12,31),(NULL,1,0,0,4,12,32),(NULL,0,0,1,4,12,33),(NULL,0,0,1,4,12,34),(NULL,1,0,0,4,13,1),(NULL,1,0,0,4,13,2),(NULL,1,0,0,4,13,3),(NULL,1,0,0,4,13,4),(NULL,1,0,0,4,13,5),(NULL,1,0,0,4,13,6),(NULL,1,0,0,4,13,7),(NULL,0,1,0,4,13,8),(NULL,0,1,0,4,13,9),(NULL,1,0,0,4,13,10),(NULL,0,1,0,4,13,11),(NULL,1,0,0,4,13,12),(NULL,0,1,0,4,13,13),(NULL,1,0,0,4,13,14),(NULL,1,0,0,4,13,15),(NULL,1,0,0,4,13,16),(NULL,1,0,0,4,13,17),(NULL,1,0,0,4,13,18),(NULL,1,0,0,4,13,19),(NULL,0,1,0,4,13,20),(NULL,0,1,0,4,13,21),(NULL,0,1,0,4,13,22),(NULL,0,1,0,4,13,23),(NULL,0,1,0,4,13,24),(NULL,0,1,0,4,13,25),(NULL,1,0,0,4,13,26),(NULL,1,0,0,4,13,27),(NULL,1,0,0,4,13,28),(NULL,0,1,0,4,13,29),(NULL,0,1,0,4,13,30),(NULL,1,0,0,4,13,31),(NULL,1,0,0,4,13,32),(NULL,0,0,1,4,13,33),(NULL,0,0,1,4,13,34),(NULL,1,0,0,4,14,1),(NULL,1,0,0,4,14,2),(NULL,1,0,0,4,14,3),(NULL,1,0,0,4,14,4),(NULL,1,0,0,4,14,5),(NULL,1,0,0,4,14,6),(NULL,0,1,0,4,14,7),(NULL,0,1,0,4,14,8),(NULL,0,1,0,4,14,9),(NULL,1,0,0,4,14,10),(NULL,0,1,0,4,14,11),(NULL,1,0,0,4,14,12),(NULL,0,1,0,4,14,13),(NULL,1,0,0,4,14,14),(NULL,1,0,0,4,14,15),(NULL,1,0,0,4,14,16),(NULL,1,0,0,4,14,17),(NULL,1,0,0,4,14,18),(NULL,0,1,0,4,14,19),(NULL,0,1,0,4,14,20),(NULL,0,1,0,4,14,21),(NULL,0,1,0,4,14,22),(NULL,0,1,0,4,14,23),(NULL,0,1,0,4,14,24),(NULL,0,1,0,4,14,25),(NULL,1,0,0,4,14,26),(NULL,0,1,0,4,14,27),(NULL,1,0,0,4,14,28),(NULL,0,1,0,4,14,29),(NULL,0,1,0,4,14,30),(NULL,0,1,0,4,14,31),(NULL,0,1,0,4,14,32),(NULL,0,0,1,4,14,33),(NULL,0,0,1,4,14,34),(NULL,1,0,0,4,15,1),(NULL,1,0,0,4,15,2),(NULL,1,0,0,4,15,3),(NULL,1,0,0,4,15,4),(NULL,1,0,0,4,15,5),(NULL,1,0,0,4,15,6),(NULL,0,1,0,4,15,7),(NULL,0,1,0,4,15,8),(NULL,0,1,0,4,15,9),(NULL,0,1,0,4,15,10),(NULL,0,1,0,4,15,11),(NULL,0,1,0,4,15,12),(NULL,0,1,0,4,15,13),(NULL,1,0,0,4,15,14),(NULL,1,0,0,4,15,15),(NULL,1,0,0,4,15,16),(NULL,1,0,0,4,15,17),(NULL,1,0,0,4,15,18),(NULL,0,1,0,4,15,19),(NULL,0,1,0,4,15,20),(NULL,0,1,0,4,15,21),(NULL,0,1,0,4,15,22),(NULL,0,1,0,4,15,23),(NULL,0,1,0,4,15,24),(NULL,0,1,0,4,15,25),(NULL,1,0,0,4,15,26),(NULL,0,1,0,4,15,27),(NULL,1,0,0,4,15,28),(NULL,0,1,0,4,15,29),(NULL,0,1,0,4,15,30),(NULL,0,1,0,4,15,31),(NULL,0,1,0,4,15,32),(NULL,0,0,1,4,15,33),(NULL,0,0,1,4,15,34),(NULL,1,0,0,4,16,1),(NULL,1,0,0,4,16,2),(NULL,1,0,0,4,16,3),(NULL,1,0,0,4,16,4),(NULL,1,0,0,4,16,5),(NULL,1,0,0,4,16,6),(NULL,0,1,0,4,16,7),(NULL,0,1,0,4,16,8),(NULL,0,1,0,4,16,9),(NULL,1,0,0,4,16,10),(NULL,0,1,0,4,16,11),(NULL,0,1,0,4,16,12),(NULL,0,1,0,4,16,13),(NULL,1,0,0,4,16,14),(NULL,1,0,0,4,16,15),(NULL,1,0,0,4,16,16),(NULL,1,0,0,4,16,17),(NULL,1,0,0,4,16,18),(NULL,0,1,0,4,16,19),(NULL,0,1,0,4,16,20),(NULL,0,1,0,4,16,21),(NULL,0,1,0,4,16,22),(NULL,0,1,0,4,16,23),(NULL,0,1,0,4,16,24),(NULL,0,1,0,4,16,25),(NULL,1,0,0,4,16,26),(NULL,0,1,0,4,16,27),(NULL,1,0,0,4,16,28),(NULL,0,1,0,4,16,29),(NULL,0,1,0,4,16,30),(NULL,1,0,0,4,16,31),(NULL,0,1,0,4,16,32),(NULL,0,0,1,4,16,33),(NULL,0,0,1,4,16,34),(NULL,1,0,0,4,17,1),(NULL,1,0,0,4,17,2),(NULL,1,0,0,4,17,3),(NULL,1,0,0,4,17,4),(NULL,1,0,0,4,17,5),(NULL,1,0,0,4,17,6),(NULL,1,0,0,4,17,7),(NULL,0,1,0,4,17,8),(NULL,0,1,0,4,17,9),(NULL,1,0,0,4,17,10),(NULL,1,0,0,4,17,11),(NULL,1,0,0,4,17,12),(NULL,0,1,0,4,17,13),(NULL,1,0,0,4,17,14),(NULL,1,0,0,4,17,15),(NULL,1,0,0,4,17,16),(NULL,1,0,0,4,17,17),(NULL,1,0,0,4,17,18),(NULL,1,0,0,4,17,19),(NULL,0,1,0,4,17,20),(NULL,0,1,0,4,17,21),(NULL,1,0,0,4,17,22),(NULL,0,1,0,4,17,23),(NULL,0,1,0,4,17,24),(NULL,0,1,0,4,17,25),(NULL,1,0,0,4,17,26),(NULL,1,0,0,4,17,27),(NULL,1,0,0,4,17,28),(NULL,0,1,0,4,17,29),(NULL,0,1,0,4,17,30),(NULL,1,0,0,4,17,31),(NULL,1,0,0,4,17,32),(NULL,0,0,1,4,17,33),(NULL,0,0,1,4,17,34),(NULL,1,0,0,4,18,1),(NULL,1,0,0,4,18,2),(NULL,1,0,0,4,18,3),(NULL,1,0,0,4,18,4),(NULL,1,0,0,4,18,5),(NULL,1,0,0,4,18,6),(NULL,0,1,0,4,18,7),(NULL,0,1,0,4,18,8),(NULL,0,1,0,4,18,9),(NULL,1,0,0,4,18,10),(NULL,0,1,0,4,18,11),(NULL,1,0,0,4,18,12),(NULL,0,1,0,4,18,13),(NULL,1,0,0,4,18,14),(NULL,1,0,0,4,18,15),(NULL,1,0,0,4,18,16),(NULL,1,0,0,4,18,17),(NULL,1,0,0,4,18,18),(NULL,1,0,0,4,18,19),(NULL,0,1,0,4,18,20),(NULL,0,1,0,4,18,21),(NULL,0,1,0,4,18,22),(NULL,0,1,0,4,18,23),(NULL,0,1,0,4,18,24),(NULL,0,1,0,4,18,25),(NULL,1,0,0,4,18,26),(NULL,0,1,0,4,18,27),(NULL,1,0,0,4,18,28),(NULL,0,1,0,4,18,29),(NULL,0,1,0,4,18,30),(NULL,0,1,0,4,18,31),(NULL,0,1,0,4,18,32),(NULL,0,0,1,4,18,33),(NULL,0,0,1,4,18,34),(NULL,1,0,0,4,19,1),(NULL,1,0,0,4,19,2),(NULL,1,0,0,4,19,3),(NULL,1,0,0,4,19,4),(NULL,1,0,0,4,19,5),(NULL,1,0,0,4,19,6),(NULL,0,1,0,4,19,7),(NULL,0,1,0,4,19,8),(NULL,0,1,0,4,19,9),(NULL,1,0,0,4,19,10),(NULL,0,1,0,4,19,11),(NULL,1,0,0,4,19,12),(NULL,0,1,0,4,19,13),(NULL,1,0,0,4,19,14),(NULL,1,0,0,4,19,15),(NULL,1,0,0,4,19,16),(NULL,1,0,0,4,19,17),(NULL,1,0,0,4,19,18),(NULL,0,1,0,4,19,19),(NULL,0,1,0,4,19,20),(NULL,0,1,0,4,19,21),(NULL,0,1,0,4,19,22),(NULL,0,1,0,4,19,23),(NULL,0,1,0,4,19,24),(NULL,0,1,0,4,19,25),(NULL,1,0,0,4,19,26),(NULL,0,1,0,4,19,27),(NULL,0,1,0,4,19,28),(NULL,0,1,0,4,19,29),(NULL,0,1,0,4,19,30),(NULL,1,0,0,4,19,31),(NULL,0,1,0,4,19,32),(NULL,0,0,1,4,19,33),(NULL,0,0,1,4,19,34),(NULL,1,0,0,4,20,1),(NULL,1,0,0,4,20,2),(NULL,1,0,0,4,20,3),(NULL,1,0,0,4,20,4),(NULL,1,0,0,4,20,5),(NULL,1,0,0,4,20,6),(NULL,0,1,0,4,20,7),(NULL,0,1,0,4,20,8),(NULL,0,1,0,4,20,9),(NULL,0,1,0,4,20,10),(NULL,0,1,0,4,20,11),(NULL,0,1,0,4,20,12),(NULL,0,1,0,4,20,13),(NULL,1,0,0,4,20,14),(NULL,1,0,0,4,20,15),(NULL,1,0,0,4,20,16),(NULL,1,0,0,4,20,17),(NULL,1,0,0,4,20,18),(NULL,0,1,0,4,20,19),(NULL,0,1,0,4,20,20),(NULL,0,1,0,4,20,21),(NULL,0,1,0,4,20,22),(NULL,0,1,0,4,20,23),(NULL,0,1,0,4,20,24),(NULL,0,1,0,4,20,25),(NULL,1,0,0,4,20,26),(NULL,0,1,0,4,20,27),(NULL,0,1,0,4,20,28),(NULL,0,1,0,4,20,29),(NULL,0,1,0,4,20,30),(NULL,0,1,0,4,20,31),(NULL,0,1,0,4,20,32),(NULL,0,0,1,4,20,33),(NULL,0,0,1,4,20,34),(NULL,1,0,0,4,21,1),(NULL,1,0,0,4,21,2),(NULL,1,0,0,4,21,3),(NULL,1,0,0,4,21,4),(NULL,1,0,0,4,21,5),(NULL,1,0,0,4,21,6),(NULL,1,0,0,4,21,7),(NULL,0,1,0,4,21,8),(NULL,0,1,0,4,21,9),(NULL,1,0,0,4,21,10),(NULL,0,1,0,4,21,11),(NULL,1,0,0,4,21,12),(NULL,0,1,0,4,21,13),(NULL,1,0,0,4,21,14),(NULL,1,0,0,4,21,15),(NULL,1,0,0,4,21,16),(NULL,1,0,0,4,21,17),(NULL,1,0,0,4,21,18),(NULL,0,1,0,4,21,19),(NULL,0,1,0,4,21,20),(NULL,0,1,0,4,21,21),(NULL,0,1,0,4,21,22),(NULL,0,1,0,4,21,23),(NULL,0,1,0,4,21,24),(NULL,0,1,0,4,21,25),(NULL,1,0,0,4,21,26),(NULL,0,1,0,4,21,27),(NULL,1,0,0,4,21,28),(NULL,0,1,0,4,21,29),(NULL,0,1,0,4,21,30),(NULL,1,0,0,4,21,31),(NULL,0,1,0,4,21,32),(NULL,0,0,1,4,21,33),(NULL,0,0,1,4,21,34),(NULL,1,0,0,4,22,1),(NULL,1,0,0,4,22,2),(NULL,1,0,0,4,22,3),(NULL,1,0,0,4,22,4),(NULL,1,0,0,4,22,5),(NULL,1,0,0,4,22,6),(NULL,1,0,0,4,22,7),(NULL,0,1,0,4,22,8),(NULL,0,1,0,4,22,9),(NULL,1,0,0,4,22,10),(NULL,0,1,0,4,22,11),(NULL,1,0,0,4,22,12),(NULL,0,1,0,4,22,13),(NULL,1,0,0,4,22,14),(NULL,1,0,0,4,22,15),(NULL,1,0,0,4,22,16),(NULL,1,0,0,4,22,17),(NULL,1,0,0,4,22,18),(NULL,1,0,0,4,22,19),(NULL,0,1,0,4,22,20),(NULL,0,1,0,4,22,21),(NULL,0,1,0,4,22,22),(NULL,0,1,0,4,22,23),(NULL,0,1,0,4,22,24),(NULL,0,1,0,4,22,25),(NULL,1,0,0,4,22,26),(NULL,1,0,0,4,22,27),(NULL,1,0,0,4,22,28),(NULL,0,1,0,4,22,29),(NULL,0,1,0,4,22,30),(NULL,1,0,0,4,22,31),(NULL,0,1,0,4,22,32),(NULL,0,0,1,4,22,33),(NULL,0,0,1,4,22,34),(NULL,1,0,0,4,23,1),(NULL,1,0,0,4,23,2),(NULL,1,0,0,4,23,3),(NULL,1,0,0,4,23,4),(NULL,1,0,0,4,23,5),(NULL,1,0,0,4,23,6),(NULL,0,1,0,4,23,7),(NULL,0,1,0,4,23,8),(NULL,0,1,0,4,23,9),(NULL,0,1,0,4,23,10),(NULL,0,1,0,4,23,11),(NULL,0,1,0,4,23,12),(NULL,0,1,0,4,23,13),(NULL,1,0,0,4,23,14),(NULL,1,0,0,4,23,15),(NULL,1,0,0,4,23,16),(NULL,1,0,0,4,23,17),(NULL,1,0,0,4,23,18),(NULL,0,1,0,4,23,19),(NULL,0,1,0,4,23,20),(NULL,0,1,0,4,23,21),(NULL,0,1,0,4,23,22),(NULL,0,1,0,4,23,23),(NULL,0,1,0,4,23,24),(NULL,0,1,0,4,23,25),(NULL,1,0,0,4,23,26),(NULL,0,1,0,4,23,27),(NULL,0,1,0,4,23,28),(NULL,0,1,0,4,23,29),(NULL,0,1,0,4,23,30),(NULL,1,0,0,4,23,31),(NULL,0,1,0,4,23,32),(NULL,0,0,1,4,23,33),(NULL,0,0,1,4,23,34),(NULL,1,0,0,4,24,1),(NULL,1,0,0,4,24,2),(NULL,1,0,0,4,24,3),(NULL,1,0,0,4,24,4),(NULL,1,0,0,4,24,5),(NULL,1,0,0,4,24,6),(NULL,1,0,0,4,24,7),(NULL,0,1,0,4,24,8),(NULL,0,1,0,4,24,9),(NULL,1,0,0,4,24,10),(NULL,0,1,0,4,24,11),(NULL,1,0,0,4,24,12),(NULL,0,1,0,4,24,13),(NULL,1,0,0,4,24,14),(NULL,1,0,0,4,24,15),(NULL,1,0,0,4,24,16),(NULL,1,0,0,4,24,17),(NULL,1,0,0,4,24,18),(NULL,1,0,0,4,24,19),(NULL,0,1,0,4,24,20),(NULL,0,1,0,4,24,21),(NULL,0,1,0,4,24,22),(NULL,0,1,0,4,24,23),(NULL,0,1,0,4,24,24),(NULL,0,1,0,4,24,25),(NULL,1,0,0,4,24,26),(NULL,1,0,0,4,24,27),(NULL,1,0,0,4,24,28),(NULL,0,1,0,4,24,29),(NULL,0,1,0,4,24,30),(NULL,1,0,0,4,24,31),(NULL,1,0,0,4,24,32),(NULL,0,0,1,4,24,33),(NULL,0,0,1,4,24,34),(NULL,1,0,0,4,25,1),(NULL,1,0,0,4,25,2),(NULL,1,0,0,4,25,3),(NULL,1,0,0,4,25,4),(NULL,1,0,0,4,25,5),(NULL,1,0,0,4,25,6),(NULL,0,1,0,4,25,7),(NULL,0,1,0,4,25,8),(NULL,0,1,0,4,25,9),(NULL,1,0,0,4,25,10),(NULL,0,1,0,4,25,11),(NULL,1,0,0,4,25,12),(NULL,0,1,0,4,25,13),(NULL,1,0,0,4,25,14),(NULL,1,0,0,4,25,15),(NULL,1,0,0,4,25,16),(NULL,1,0,0,4,25,17),(NULL,1,0,0,4,25,18),(NULL,1,0,0,4,25,19),(NULL,0,1,0,4,25,20),(NULL,0,1,0,4,25,21),(NULL,0,1,0,4,25,22),(NULL,0,1,0,4,25,23),(NULL,0,1,0,4,25,24),(NULL,0,1,0,4,25,25),(NULL,1,0,0,4,25,26),(NULL,0,1,0,4,25,27),(NULL,1,0,0,4,25,28),(NULL,0,1,0,4,25,29),(NULL,0,1,0,4,25,30),(NULL,1,0,0,4,25,31),(NULL,0,1,0,4,25,32),(NULL,0,0,1,4,25,33),(NULL,0,0,1,4,25,34),(NULL,1,0,0,4,26,1),(NULL,1,0,0,4,26,2),(NULL,1,0,0,4,26,3),(NULL,1,0,0,4,26,4),(NULL,1,0,0,4,26,5),(NULL,1,0,0,4,26,6),(NULL,1,0,0,4,26,7),(NULL,0,1,0,4,26,8),(NULL,0,1,0,4,26,9),(NULL,1,0,0,4,26,10),(NULL,0,1,0,4,26,11),(NULL,1,0,0,4,26,12),(NULL,0,1,0,4,26,13),(NULL,1,0,0,4,26,14),(NULL,1,0,0,4,26,15),(NULL,1,0,0,4,26,16),(NULL,1,0,0,4,26,17),(NULL,1,0,0,4,26,18),(NULL,1,0,0,4,26,19),(NULL,0,1,0,4,26,20),(NULL,0,1,0,4,26,21),(NULL,1,0,0,4,26,22),(NULL,0,1,0,4,26,23),(NULL,0,1,0,4,26,24),(NULL,0,1,0,4,26,25),(NULL,1,0,0,4,26,26),(NULL,1,0,0,4,26,27),(NULL,1,0,0,4,26,28),(NULL,0,1,0,4,26,29),(NULL,0,1,0,4,26,30),(NULL,1,0,0,4,26,31),(NULL,1,0,0,4,26,32),(NULL,0,0,1,4,26,33),(NULL,0,0,1,4,26,34),(NULL,1,0,0,4,27,1),(NULL,1,0,0,4,27,2),(NULL,1,0,0,4,27,3),(NULL,1,0,0,4,27,4),(NULL,1,0,0,4,27,5),(NULL,1,0,0,4,27,6),(NULL,1,0,0,4,27,7),(NULL,0,1,0,4,27,8),(NULL,0,1,0,4,27,9),(NULL,1,0,0,4,27,10),(NULL,1,0,0,4,27,11),(NULL,1,0,0,4,27,12),(NULL,0,1,0,4,27,13),(NULL,1,0,0,4,27,14),(NULL,1,0,0,4,27,15),(NULL,1,0,0,4,27,16),(NULL,1,0,0,4,27,17),(NULL,1,0,0,4,27,18),(NULL,1,0,0,4,27,19),(NULL,0,1,0,4,27,20),(NULL,0,1,0,4,27,21),(NULL,1,0,0,4,27,22),(NULL,1,0,0,4,27,23),(NULL,0,1,0,4,27,24),(NULL,0,1,0,4,27,25),(NULL,1,0,0,4,27,26),(NULL,1,0,0,4,27,27),(NULL,1,0,0,4,27,28),(NULL,0,1,0,4,27,29),(NULL,1,0,0,4,27,30),(NULL,1,0,0,4,27,31),(NULL,1,0,0,4,27,32),(NULL,0,0,1,4,27,33),(NULL,0,0,1,4,27,34),(NULL,1,0,0,4,28,1),(NULL,1,0,0,4,28,2),(NULL,1,0,0,4,28,3),(NULL,1,0,0,4,28,4),(NULL,1,0,0,4,28,5),(NULL,1,0,0,4,28,6),(NULL,1,0,0,4,28,7),(NULL,0,1,0,4,28,8),(NULL,0,1,0,4,28,9),(NULL,1,0,0,4,28,10),(NULL,0,1,0,4,28,11),(NULL,1,0,0,4,28,12),(NULL,0,1,0,4,28,13),(NULL,1,0,0,4,28,14),(NULL,1,0,0,4,28,15),(NULL,1,0,0,4,28,16),(NULL,1,0,0,4,28,17),(NULL,1,0,0,4,28,18),(NULL,1,0,0,4,28,19),(NULL,0,1,0,4,28,20),(NULL,0,1,0,4,28,21),(NULL,1,0,0,4,28,22),(NULL,0,1,0,4,28,23),(NULL,0,1,0,4,28,24),(NULL,0,1,0,4,28,25),(NULL,1,0,0,4,28,26),(NULL,1,0,0,4,28,27),(NULL,1,0,0,4,28,28),(NULL,0,1,0,4,28,29),(NULL,0,1,0,4,28,30),(NULL,1,0,0,4,28,31),(NULL,1,0,0,4,28,32),(NULL,0,0,1,4,28,33),(NULL,0,0,1,4,28,34),(NULL,1,0,0,4,29,1),(NULL,1,0,0,4,29,2),(NULL,1,0,0,4,29,3),(NULL,1,0,0,4,29,4),(NULL,1,0,0,4,29,5),(NULL,1,0,0,4,29,6),(NULL,0,1,0,4,29,7),(NULL,0,1,0,4,29,8),(NULL,0,1,0,4,29,9),(NULL,0,1,0,4,29,10),(NULL,0,1,0,4,29,11),(NULL,0,1,0,4,29,12),(NULL,0,1,0,4,29,13),(NULL,1,0,0,4,29,14),(NULL,1,0,0,4,29,15),(NULL,1,0,0,4,29,16),(NULL,1,0,0,4,29,17),(NULL,1,0,0,4,29,18),(NULL,1,0,0,4,29,19),(NULL,0,1,0,4,29,20),(NULL,0,1,0,4,29,21),(NULL,0,1,0,4,29,22),(NULL,0,1,0,4,29,23),(NULL,0,1,0,4,29,24),(NULL,0,1,0,4,29,25),(NULL,1,0,0,4,29,26),(NULL,0,1,0,4,29,27),(NULL,1,0,0,4,29,28),(NULL,0,1,0,4,29,29),(NULL,0,1,0,4,29,30),(NULL,1,0,0,4,29,31),(NULL,0,1,0,4,29,32),(NULL,0,0,1,4,29,33),(NULL,0,0,1,4,29,34),(NULL,1,0,0,4,30,1),(NULL,1,0,0,4,30,2),(NULL,1,0,0,4,30,3),(NULL,1,0,0,4,30,4),(NULL,1,0,0,4,30,5),(NULL,1,0,0,4,30,6),(NULL,1,0,0,4,30,7),(NULL,0,1,0,4,30,8),(NULL,0,1,0,4,30,9),(NULL,0,1,0,4,30,10),(NULL,0,1,0,4,30,11),(NULL,0,1,0,4,30,12),(NULL,0,1,0,4,30,13),(NULL,1,0,0,4,30,14),(NULL,1,0,0,4,30,15),(NULL,1,0,0,4,30,16),(NULL,1,0,0,4,30,17),(NULL,1,0,0,4,30,18),(NULL,1,0,0,4,30,19),(NULL,0,1,0,4,30,20),(NULL,0,1,0,4,30,21),(NULL,0,1,0,4,30,22),(NULL,0,1,0,4,30,23),(NULL,0,1,0,4,30,24),(NULL,0,1,0,4,30,25),(NULL,1,0,0,4,30,26),(NULL,0,1,0,4,30,27),(NULL,1,0,0,4,30,28),(NULL,0,1,0,4,30,29),(NULL,0,1,0,4,30,30),(NULL,1,0,0,4,30,31),(NULL,1,0,0,4,30,32),(NULL,0,0,1,4,30,33),(NULL,0,0,1,4,30,34),(NULL,0,0,1,4,31,1),(NULL,0,0,1,4,31,2),(NULL,0,0,1,4,31,3),(NULL,0,0,1,4,31,4),(NULL,0,0,1,4,31,5),(NULL,0,0,1,4,31,6),(NULL,0,0,1,4,31,7),(NULL,0,0,1,4,31,8),(NULL,0,0,1,4,31,9),(NULL,0,0,1,4,31,10),(NULL,0,0,1,4,31,11),(NULL,0,0,1,4,31,12),(NULL,0,0,1,4,31,13),(NULL,0,0,1,4,31,14),(NULL,0,0,1,4,31,15),(NULL,0,0,1,4,31,16),(NULL,0,0,1,4,31,17),(NULL,0,0,1,4,31,18),(NULL,0,0,1,4,31,19),(NULL,0,0,1,4,31,20),(NULL,0,0,1,4,31,21),(NULL,0,0,1,4,31,22),(NULL,0,0,1,4,31,23),(NULL,0,0,1,4,31,24),(NULL,0,0,1,4,31,25),(NULL,0,0,1,4,31,26),(NULL,0,0,1,4,31,27),(NULL,0,0,1,4,31,28),(NULL,0,0,1,4,31,29),(NULL,0,0,1,4,31,30),(NULL,0,0,1,4,31,31),(NULL,0,0,1,4,31,32),(NULL,0,0,1,4,31,33),(NULL,0,0,1,4,31,34),(NULL,0,0,1,4,32,1),(NULL,0,0,1,4,32,2),(NULL,0,0,1,4,32,3),(NULL,0,0,1,4,32,4),(NULL,0,0,1,4,32,5),(NULL,0,0,1,4,32,6),(NULL,0,0,1,4,32,7),(NULL,0,0,1,4,32,8),(NULL,0,0,1,4,32,9),(NULL,0,0,1,4,32,10),(NULL,0,0,1,4,32,11),(NULL,0,0,1,4,32,12),(NULL,0,0,1,4,32,13),(NULL,0,0,1,4,32,14),(NULL,0,0,1,4,32,15),(NULL,0,0,1,4,32,16),(NULL,0,0,1,4,32,17),(NULL,0,0,1,4,32,18),(NULL,0,0,1,4,32,19),(NULL,0,0,1,4,32,20),(NULL,0,0,1,4,32,21),(NULL,0,0,1,4,32,22),(NULL,0,0,1,4,32,23),(NULL,0,0,1,4,32,24),(NULL,0,0,1,4,32,25),(NULL,0,0,1,4,32,26),(NULL,0,0,1,4,32,27),(NULL,0,0,1,4,32,28),(NULL,0,0,1,4,32,29),(NULL,0,0,1,4,32,30),(NULL,0,0,1,4,32,31),(NULL,0,0,1,4,32,32),(NULL,0,0,1,4,32,33),(NULL,0,0,1,4,32,34),(NULL,0,0,1,4,33,1),(NULL,0,0,1,4,33,2),(NULL,0,0,1,4,33,3),(NULL,0,0,1,4,33,4),(NULL,0,0,1,4,33,5),(NULL,0,0,1,4,33,6),(NULL,0,0,1,4,33,7),(NULL,0,0,1,4,33,8),(NULL,0,0,1,4,33,9),(NULL,0,0,1,4,33,10),(NULL,0,0,1,4,33,11),(NULL,0,0,1,4,33,12),(NULL,0,0,1,4,33,13),(NULL,0,0,1,4,33,14),(NULL,0,0,1,4,33,15),(NULL,0,0,1,4,33,16),(NULL,0,0,1,4,33,17),(NULL,0,0,1,4,33,18),(NULL,0,0,1,4,33,19),(NULL,0,0,1,4,33,20),(NULL,0,0,1,4,33,21),(NULL,0,0,1,4,33,22),(NULL,0,0,1,4,33,23),(NULL,0,0,1,4,33,24),(NULL,0,0,1,4,33,25),(NULL,0,0,1,4,33,26),(NULL,0,0,1,4,33,27),(NULL,0,0,1,4,33,28),(NULL,0,0,1,4,33,29),(NULL,0,0,1,4,33,30),(NULL,0,0,1,4,33,31),(NULL,0,0,1,4,33,32),(NULL,0,0,1,4,33,33),(NULL,0,0,1,4,33,34),(NULL,0,0,1,4,34,1),(NULL,0,0,1,4,34,2),(NULL,0,0,1,4,34,3),(NULL,0,0,1,4,34,4),(NULL,0,0,1,4,34,5),(NULL,0,0,1,4,34,6),(NULL,0,0,1,4,34,7),(NULL,0,0,1,4,34,8),(NULL,0,0,1,4,34,9),(NULL,0,0,1,4,34,10),(NULL,0,0,1,4,34,11),(NULL,0,0,1,4,34,12),(NULL,0,0,1,4,34,13),(NULL,0,0,1,4,34,14),(NULL,0,0,1,4,34,15),(NULL,0,0,1,4,34,16),(NULL,0,0,1,4,34,17),(NULL,0,0,1,4,34,18),(NULL,0,0,1,4,34,19),(NULL,0,0,1,4,34,20),(NULL,0,0,1,4,34,21),(NULL,0,0,1,4,34,22),(NULL,0,0,1,4,34,23),(NULL,0,0,1,4,34,24),(NULL,0,0,1,4,34,25),(NULL,0,0,1,4,34,26),(NULL,0,0,1,4,34,27),(NULL,0,0,1,4,34,28),(NULL,0,0,1,4,34,29),(NULL,0,0,1,4,34,30),(NULL,0,0,1,4,34,31),(NULL,0,0,1,4,34,32),(NULL,0,0,1,4,34,33),(NULL,0,0,1,4,34,34),(NULL,0,0,1,4,35,1),(NULL,0,0,1,4,35,2),(NULL,0,0,1,4,35,3),(NULL,0,0,1,4,35,4),(NULL,0,0,1,4,35,5),(NULL,0,0,1,4,35,6),(NULL,0,0,1,4,35,7),(NULL,0,0,1,4,35,8),(NULL,0,0,1,4,35,9),(NULL,0,0,1,4,35,10),(NULL,0,0,1,4,35,11),(NULL,0,0,1,4,35,12),(NULL,0,0,1,4,35,13),(NULL,0,0,1,4,35,14),(NULL,0,0,1,4,35,15),(NULL,0,0,1,4,35,16),(NULL,0,0,1,4,35,17),(NULL,0,0,1,4,35,18),(NULL,0,0,1,4,35,19),(NULL,0,0,1,4,35,20),(NULL,0,0,1,4,35,21),(NULL,0,0,1,4,35,22),(NULL,0,0,1,4,35,23),(NULL,0,0,1,4,35,24),(NULL,0,0,1,4,35,25),(NULL,0,0,1,4,35,26),(NULL,0,0,1,4,35,27),(NULL,0,0,1,4,35,28),(NULL,0,0,1,4,35,29),(NULL,0,0,1,4,35,30),(NULL,0,0,1,4,35,31),(NULL,0,0,1,4,35,32),(NULL,0,0,1,4,35,33),(NULL,0,0,1,4,35,34),(NULL,0,0,1,4,36,1),(NULL,0,0,1,4,36,2),(NULL,0,0,1,4,36,3),(NULL,0,0,1,4,36,4),(NULL,0,0,1,4,36,5),(NULL,0,0,1,4,36,6),(NULL,0,0,1,4,36,7),(NULL,0,0,1,4,36,8),(NULL,0,0,1,4,36,9),(NULL,0,0,1,4,36,10),(NULL,0,0,1,4,36,11),(NULL,0,0,1,4,36,12),(NULL,0,0,1,4,36,13),(NULL,0,0,1,4,36,14),(NULL,0,0,1,4,36,15),(NULL,0,0,1,4,36,16),(NULL,0,0,1,4,36,17),(NULL,0,0,1,4,36,18),(NULL,0,0,1,4,36,19),(NULL,0,0,1,4,36,20),(NULL,0,0,1,4,36,21),(NULL,0,0,1,4,36,22),(NULL,0,0,1,4,36,23),(NULL,0,0,1,4,36,24),(NULL,0,0,1,4,36,25),(NULL,0,0,1,4,36,26),(NULL,0,0,1,4,36,27),(NULL,0,0,1,4,36,28),(NULL,0,0,1,4,36,29),(NULL,0,0,1,4,36,30),(NULL,0,0,1,4,36,31),(NULL,0,0,1,4,36,32),(NULL,0,0,1,4,36,33),(NULL,0,0,1,4,36,34),(NULL,0,0,1,4,37,1),(NULL,0,0,1,4,37,2),(NULL,0,0,1,4,37,3),(NULL,0,0,1,4,37,4),(NULL,0,0,1,4,37,5),(NULL,0,0,1,4,37,6),(NULL,0,0,1,4,37,7),(NULL,0,0,1,4,37,8),(NULL,0,0,1,4,37,9),(NULL,0,0,1,4,37,10),(NULL,0,0,1,4,37,11),(NULL,0,0,1,4,37,12),(NULL,0,0,1,4,37,13),(NULL,0,0,1,4,37,14),(NULL,0,0,1,4,37,15),(NULL,0,0,1,4,37,16),(NULL,0,0,1,4,37,17),(NULL,0,0,1,4,37,18),(NULL,0,0,1,4,37,19),(NULL,0,0,1,4,37,20),(NULL,0,0,1,4,37,21),(NULL,0,0,1,4,37,22),(NULL,0,0,1,4,37,23),(NULL,0,0,1,4,37,24),(NULL,0,0,1,4,37,25),(NULL,0,0,1,4,37,26),(NULL,0,0,1,4,37,27),(NULL,0,0,1,4,37,28),(NULL,0,0,1,4,37,29),(NULL,0,0,1,4,37,30),(NULL,0,0,1,4,37,31),(NULL,0,0,1,4,37,32),(NULL,0,0,1,4,37,33),(NULL,0,0,1,4,37,34),(NULL,0,0,1,4,38,1),(NULL,0,0,1,4,38,2),(NULL,0,0,1,4,38,3),(NULL,0,0,1,4,38,4),(NULL,0,0,1,4,38,5),(NULL,0,0,1,4,38,6),(NULL,0,0,1,4,38,7),(NULL,0,0,1,4,38,8),(NULL,0,0,1,4,38,9),(NULL,0,0,1,4,38,10),(NULL,0,0,1,4,38,11),(NULL,0,0,1,4,38,12),(NULL,0,0,1,4,38,13),(NULL,0,0,1,4,38,14),(NULL,0,0,1,4,38,15),(NULL,0,0,1,4,38,16),(NULL,0,0,1,4,38,17),(NULL,0,0,1,4,38,18),(NULL,0,0,1,4,38,19),(NULL,0,0,1,4,38,20),(NULL,0,0,1,4,38,21),(NULL,0,0,1,4,38,22),(NULL,0,0,1,4,38,23),(NULL,0,0,1,4,38,24),(NULL,0,0,1,4,38,25),(NULL,0,0,1,4,38,26),(NULL,0,0,1,4,38,27),(NULL,0,0,1,4,38,28),(NULL,0,0,1,4,38,29),(NULL,0,0,1,4,38,30),(NULL,0,0,1,4,38,31),(NULL,0,0,1,4,38,32),(NULL,0,0,1,4,38,33),(NULL,0,0,1,4,38,34),(NULL,0,0,1,4,39,1),(NULL,0,0,1,4,39,2),(NULL,0,0,1,4,39,3),(NULL,0,0,1,4,39,4),(NULL,0,0,1,4,39,5),(NULL,0,0,1,4,39,6),(NULL,0,0,1,4,39,7),(NULL,0,0,1,4,39,8),(NULL,0,0,1,4,39,9),(NULL,0,0,1,4,39,10),(NULL,0,0,1,4,39,11),(NULL,0,0,1,4,39,12),(NULL,0,0,1,4,39,13),(NULL,0,0,1,4,39,14),(NULL,0,0,1,4,39,15),(NULL,0,0,1,4,39,16),(NULL,0,0,1,4,39,17),(NULL,0,0,1,4,39,18),(NULL,0,0,1,4,39,19),(NULL,0,0,1,4,39,20),(NULL,0,0,1,4,39,21),(NULL,0,0,1,4,39,22),(NULL,0,0,1,4,39,23),(NULL,0,0,1,4,39,24),(NULL,0,0,1,4,39,25),(NULL,0,0,1,4,39,26),(NULL,0,0,1,4,39,27),(NULL,0,0,1,4,39,28),(NULL,0,0,1,4,39,29),(NULL,0,0,1,4,39,30),(NULL,0,0,1,4,39,31),(NULL,0,0,1,4,39,32),(NULL,0,0,1,4,39,33),(NULL,0,0,1,4,39,34),('',1,0,0,4,72,257),('',1,0,0,4,72,258),('',1,0,0,4,72,259),('',1,0,0,4,72,260),('',0,1,0,4,72,261),('',0,1,0,4,72,262),('',0,1,0,4,256,35),('',0,1,0,4,256,36),('',0,1,0,4,256,37),('',0,1,0,4,256,38),('',0,0,1,4,256,39),('',0,0,1,4,256,40),('',0,0,1,4,256,41),('',0,1,0,4,256,42),('',0,1,0,4,256,43),('',1,0,0,4,256,44),('',0,1,0,4,256,45),('',0,1,0,4,256,46),('',0,1,0,4,256,47),('',0,1,0,4,256,48),('',1,0,0,4,256,49),('',0,1,0,4,256,50),('',0,1,0,4,256,51),('',0,1,0,4,256,52),(NULL,1,0,0,4,257,35),(NULL,0,1,0,4,257,36),(NULL,1,0,0,4,257,37),(NULL,1,0,0,4,257,38),(NULL,0,1,0,4,257,39),(NULL,1,0,0,4,257,40),(NULL,0,1,0,4,257,41),(NULL,0,1,0,4,257,42),(NULL,0,1,0,4,257,43),('',0,0,1,4,257,44),('',0,0,1,4,257,45),('',0,0,1,4,257,46),('',0,0,1,4,257,47),('',0,0,1,4,257,48),('',0,0,1,4,257,49),('',0,0,1,4,257,50),('',0,0,1,4,257,51),('',0,0,1,4,257,52),(NULL,0,1,0,4,258,35),(NULL,1,0,0,4,258,36),(NULL,1,0,0,4,258,37),(NULL,1,0,0,4,258,38),(NULL,0,1,0,4,258,39),(NULL,0,1,0,4,258,40),(NULL,0,1,0,4,258,41),(NULL,0,1,0,4,258,42),(NULL,0,1,0,4,258,43),('',1,0,0,4,258,44),('',1,0,0,4,258,45),('',0,1,0,4,258,46),('',0,1,0,4,258,47),('',0,1,0,4,258,48),('',1,0,0,4,258,49),('',0,1,0,4,258,50),('',0,1,0,4,258,51),('',1,0,0,4,258,52),(NULL,1,0,0,4,259,35),(NULL,1,0,0,4,259,36),(NULL,1,0,0,4,259,37),(NULL,1,0,0,4,259,38),(NULL,1,0,0,4,259,39),(NULL,0,1,0,4,259,40),(NULL,0,1,0,4,259,41),(NULL,0,1,0,4,259,42),(NULL,0,1,0,4,259,43),('',1,0,0,4,259,44),('',1,0,0,4,259,45),('',1,0,0,4,259,46),('',0,1,0,4,259,47),('',0,1,0,4,259,48),('',1,0,0,4,259,49),('',0,1,0,4,259,50),('',0,1,0,4,259,51),('',1,0,0,4,259,52),(NULL,1,0,0,4,260,35),(NULL,1,0,0,4,260,36),(NULL,1,0,0,4,260,37),(NULL,1,0,0,4,260,38),(NULL,0,1,0,4,260,39),(NULL,0,1,0,4,260,40),(NULL,0,1,0,4,260,41),(NULL,0,1,0,4,260,42),(NULL,0,1,0,4,260,43),('',1,0,0,4,260,44),('',0,1,0,4,260,45),('',0,1,0,4,260,46),('',0,1,0,4,260,47),('',0,1,0,4,260,48),('',1,0,0,4,260,49),('',0,1,0,4,260,50),('',1,0,0,4,260,51),('',1,0,0,4,260,52),(NULL,1,0,0,4,261,35),(NULL,1,0,0,4,261,36),(NULL,1,0,0,4,261,37),(NULL,1,0,0,4,261,38),(NULL,1,0,0,4,261,39),(NULL,1,0,0,4,261,40),(NULL,1,0,0,4,261,41),(NULL,1,0,0,4,261,42),(NULL,0,1,0,4,261,43),('',1,0,0,4,261,44),('',1,0,0,4,261,45),('',1,0,0,4,261,46),('',0,1,0,4,261,47),('',0,1,0,4,261,48),('',1,0,0,4,261,49),('',1,0,0,4,261,50),('',1,0,0,4,261,51),('',1,0,0,4,261,52),(NULL,1,0,0,4,262,35),(NULL,1,0,0,4,262,36),(NULL,1,0,0,4,262,37),(NULL,1,0,0,4,262,38),(NULL,1,0,0,4,262,39),(NULL,0,1,0,4,262,40),(NULL,0,1,0,4,262,41),(NULL,0,1,0,4,262,42),(NULL,0,1,0,4,262,43),('',1,0,0,4,262,44),('',1,0,0,4,262,45),('',0,1,0,4,262,46),('',0,1,0,4,262,47),('',0,1,0,4,262,48),('',1,0,0,4,262,49),('',0,1,0,4,262,50),('',1,0,0,4,262,51),('',0,1,0,4,262,52),(NULL,1,0,0,4,263,35),(NULL,1,0,0,4,263,36),(NULL,1,0,0,4,263,37),(NULL,1,0,0,4,263,38),(NULL,1,0,0,4,263,39),(NULL,1,0,0,4,263,40),(NULL,1,0,0,4,263,41),(NULL,1,0,0,4,263,42),(NULL,0,1,0,4,263,43),('',1,0,0,4,263,44),('',1,0,0,4,263,45),('',1,0,0,4,263,46),('',0,1,0,4,263,47),('',0,1,0,4,263,48),('',1,0,0,4,263,49),('',1,0,0,4,263,50),('',1,0,0,4,263,51),('',0,1,0,4,263,52),(NULL,1,0,0,4,264,35),(NULL,1,0,0,4,264,36),(NULL,1,0,0,4,264,37),(NULL,1,0,0,4,264,38),(NULL,1,0,0,4,264,39),(NULL,0,1,0,4,264,40),(NULL,1,0,0,4,264,41),(NULL,0,1,0,4,264,42),(NULL,0,1,0,4,264,43),('',1,0,0,4,264,44),('',1,0,0,4,264,45),('',1,0,0,4,264,46),('',0,1,0,4,264,47),('',0,1,0,4,264,48),('',1,0,0,4,264,49),('',1,0,0,4,264,50),('',1,0,0,4,264,51),('',1,0,0,4,264,52),(NULL,1,0,0,4,265,35),(NULL,1,0,0,4,265,36),(NULL,1,0,0,4,265,37),(NULL,1,0,0,4,265,38),(NULL,0,1,0,4,265,39),(NULL,0,1,0,4,265,40),(NULL,0,1,0,4,265,41),(NULL,0,1,0,4,265,42),(NULL,0,1,0,4,265,43),('',1,0,0,4,265,44),('',1,0,0,4,265,45),('',1,0,0,4,265,46),('',0,1,0,4,265,47),('',0,1,0,4,265,48),('',1,0,0,4,265,49),('',0,1,0,4,265,50),('',0,1,0,4,265,51),('',1,0,0,4,265,52),('',0,0,1,4,266,35),('',0,0,1,4,266,36),('',0,0,1,4,266,37),('',0,0,1,4,266,38),('',0,0,1,4,266,39),('',0,0,1,4,266,40),('',0,0,1,4,266,41),('',0,0,1,4,266,42),('',0,0,1,4,266,43),('',1,0,0,4,266,44),('',1,0,0,4,266,45),('',1,0,0,4,266,46),('',0,1,0,4,266,47),('',0,1,0,4,266,48),('',1,0,0,4,266,49),('',1,0,0,4,266,50),('',1,0,0,4,266,51),('',1,0,0,4,266,52),(NULL,1,0,0,4,267,35),(NULL,1,0,0,4,267,36),(NULL,1,0,0,4,267,37),(NULL,1,0,0,4,267,38),(NULL,1,0,0,4,267,39),(NULL,0,1,0,4,267,40),(NULL,0,1,0,4,267,41),(NULL,0,1,0,4,267,42),(NULL,0,1,0,4,267,43),('',1,0,0,4,267,44),('',1,0,0,4,267,45),('',0,1,0,4,267,46),('',0,1,0,4,267,47),('',0,1,0,4,267,48),('',1,0,0,4,267,49),('',1,0,0,4,267,50),('',1,0,0,4,267,51),('',0,1,0,4,267,52),('',0,0,1,4,268,35),('',0,0,1,4,268,36),('',0,0,1,4,268,37),('',0,0,1,4,268,38),('',0,0,1,4,268,39),('',0,0,1,4,268,40),('',0,0,1,4,268,41),('',0,0,1,4,268,42),('',0,0,1,4,268,43),('',0,0,1,4,268,44),('',0,0,1,4,268,45),('',0,0,1,4,268,46),('',0,0,1,4,268,47),('',0,0,1,4,268,48),('',0,0,1,4,268,49),('',0,0,1,4,268,50),('',0,0,1,4,268,51),('',0,0,1,4,268,52),('',1,0,0,4,288,53),('',1,0,0,4,288,54),('',1,0,0,4,288,55),('',1,0,0,4,288,56),('',1,0,0,4,288,57),('',1,0,0,4,288,58),('',0,1,0,4,288,59),('',0,1,0,4,288,60),('',0,1,0,4,288,61),('',0,1,0,4,288,62),('',1,0,0,4,288,63),('',1,0,0,4,288,64),('',1,0,0,4,288,65),('',1,0,0,4,288,66),('',0,1,0,4,288,67),('',1,0,0,4,288,68),('',0,1,0,4,288,69),('',0,1,0,4,288,70),('',0,1,0,4,288,71),('',1,0,0,4,288,72),('',1,0,0,4,288,73),('',1,0,0,4,288,74),('',1,0,0,4,288,75),('',0,1,0,4,288,76),('',1,0,0,4,288,77),('',0,1,0,4,288,78),('',0,1,0,4,288,79),('',1,0,0,4,288,80),('',0,1,0,4,288,81),('',0,0,1,4,288,153),('',0,0,1,4,288,154),('',0,0,1,4,288,155),('',0,0,1,4,288,156),('',0,0,1,4,288,157),('',0,0,1,4,288,158),('',0,0,1,4,288,159),('',1,0,0,4,289,53),('',1,0,0,4,289,54),('',1,0,0,4,289,55),('',1,0,0,4,289,56),('',1,0,0,4,289,57),('',1,0,0,4,289,58),('',0,1,0,4,289,59),('',0,1,0,4,289,60),('',0,1,0,4,289,61),('',0,1,0,4,289,62),('',1,0,0,4,289,63),('',1,0,0,4,289,64),('',1,0,0,4,289,65),('',1,0,0,4,289,66),('',0,1,0,4,289,67),('',1,0,0,4,289,68),('',0,1,0,4,289,69),('',0,1,0,4,289,70),('',0,1,0,4,289,71),('',1,0,0,4,289,72),('',0,1,0,4,289,73),('',1,0,0,4,289,74),('',1,0,0,4,289,75),('',0,1,0,4,289,76),('',1,0,0,4,289,77),('',0,1,0,4,289,78),('',0,1,0,4,289,79),('',1,0,0,4,289,80),('',0,1,0,4,289,81),('',0,0,1,4,289,153),('',0,0,1,4,289,154),('',0,0,1,4,289,155),('',0,0,1,4,289,156),('',0,0,1,4,289,157),('',0,0,1,4,289,158),('',0,0,1,4,289,159),('',1,0,0,4,290,53),('',1,0,0,4,290,54),('',1,0,0,4,290,55),('',1,0,0,4,290,56),('',1,0,0,4,290,57),('',1,0,0,4,290,58),('',1,0,0,4,290,59),('',0,1,0,4,290,60),('',0,1,0,4,290,61),('',0,1,0,4,290,62),('',1,0,0,4,290,63),('',1,0,0,4,290,64),('',1,0,0,4,290,65),('',1,0,0,4,290,66),('',0,1,0,4,290,67),('',1,0,0,4,290,68),('',0,1,0,4,290,69),('',0,1,0,4,290,70),('',0,1,0,4,290,71),('',1,0,0,4,290,72),('',1,0,0,4,290,73),('',1,0,0,4,290,74),('',1,0,0,4,290,75),('',0,1,0,4,290,76),('',1,0,0,4,290,77),('',0,1,0,4,290,78),('',0,1,0,4,290,79),('',1,0,0,4,290,80),('',0,1,0,4,290,81),('',0,0,1,4,290,153),('',0,0,1,4,290,154),('',0,0,1,4,290,155),('',0,0,1,4,290,156),('',0,0,1,4,290,157),('',0,0,1,4,290,158),('',0,0,1,4,290,159),('',1,0,0,4,291,53),('',1,0,0,4,291,54),('',1,0,0,4,291,55),('',1,0,0,4,291,56),('',1,0,0,4,291,57),('',1,0,0,4,291,58),('',0,1,0,4,291,59),('',0,1,0,4,291,60),('',0,1,0,4,291,61),('',0,1,0,4,291,62),('',1,0,0,4,291,63),('',1,0,0,4,291,64),('',1,0,0,4,291,65),('',1,0,0,4,291,66),('',0,1,0,4,291,67),('',1,0,0,4,291,68),('',0,1,0,4,291,69),('',0,1,0,4,291,70),('',0,1,0,4,291,71),('',1,0,0,4,291,72),('',1,0,0,4,291,73),('',1,0,0,4,291,74),('',1,0,0,4,291,75),('',0,1,0,4,291,76),('',1,0,0,4,291,77),('',0,1,0,4,291,78),('',0,1,0,4,291,79),('',1,0,0,4,291,80),('',0,1,0,4,291,81),('',0,0,1,4,291,153),('',0,0,1,4,291,154),('',0,0,1,4,291,155),('',0,0,1,4,291,156),('',0,0,1,4,291,157),('',0,0,1,4,291,158),('',0,0,1,4,291,159),('',1,0,0,4,292,53),('',1,0,0,4,292,54),('',1,0,0,4,292,55),('',1,0,0,4,292,56),('',1,0,0,4,292,57),('',1,0,0,4,292,58),('',1,0,0,4,292,59),('',1,0,0,4,292,60),('',0,1,0,4,292,61),('',0,1,0,4,292,62),('',1,0,0,4,292,63),('',1,0,0,4,292,64),('',1,0,0,4,292,65),('',1,0,0,4,292,66),('',1,0,0,4,292,67),('',1,0,0,4,292,68),('',0,1,0,4,292,69),('',0,1,0,4,292,70),('',0,1,0,4,292,71),('',1,0,0,4,292,72),('',1,0,0,4,292,73),('',1,0,0,4,292,74),('',1,0,0,4,292,75),('',0,1,0,4,292,76),('',1,0,0,4,292,77),('',0,1,0,4,292,78),('',0,1,0,4,292,79),('',1,0,0,4,292,80),('',0,1,0,4,292,81),('',0,0,1,4,292,153),('',0,0,1,4,292,154),('',0,0,1,4,292,155),('',0,0,1,4,292,156),('',0,0,1,4,292,157),('',0,0,1,4,292,158),('',0,0,1,4,292,159),('',1,0,0,4,293,53),('',1,0,0,4,293,54),('',1,0,0,4,293,55),('',1,0,0,4,293,56),('',0,1,0,4,293,57),('',0,1,0,4,293,58),('',0,1,0,4,293,59),('',0,1,0,4,293,60),('',0,1,0,4,293,61),('',0,1,0,4,293,62),('',0,1,0,4,293,63),('',1,0,0,4,293,64),('',1,0,0,4,293,65),('',1,0,0,4,293,66),('',0,1,0,4,293,67),('',0,1,0,4,293,68),('',0,1,0,4,293,69),('',0,1,0,4,293,70),('',0,1,0,4,293,71),('',1,0,0,4,293,72),('',0,1,0,4,293,73),('',1,0,0,4,293,74),('',1,0,0,4,293,75),('',0,1,0,4,293,76),('',0,1,0,4,293,77),('',0,1,0,4,293,78),('',0,1,0,4,293,79),('',1,0,0,4,293,80),('',0,1,0,4,293,81),('',0,0,1,4,293,153),('',0,0,1,4,293,154),('',0,0,1,4,293,155),('',0,0,1,4,293,156),('',0,0,1,4,293,157),('',0,0,1,4,293,158),('',0,0,1,4,293,159),('',1,0,0,4,294,53),('',1,0,0,4,294,54),('',1,0,0,4,294,55),('',1,0,0,4,294,56),('',1,0,0,4,294,57),('',1,0,0,4,294,58),('',1,0,0,4,294,59),('',0,1,0,4,294,60),('',0,1,0,4,294,61),('',0,1,0,4,294,62),('',1,0,0,4,294,63),('',1,0,0,4,294,64),('',1,0,0,4,294,65),('',1,0,0,4,294,66),('',0,1,0,4,294,67),('',1,0,0,4,294,68),('',0,1,0,4,294,69),('',0,1,0,4,294,70),('',0,1,0,4,294,71),('',1,0,0,4,294,72),('',1,0,0,4,294,73),('',1,0,0,4,294,74),('',1,0,0,4,294,75),('',0,1,0,4,294,76),('',1,0,0,4,294,77),('',0,1,0,4,294,78),('',0,1,0,4,294,79),('',1,0,0,4,294,80),('',0,1,0,4,294,81),('',0,0,1,4,294,153),('',0,0,1,4,294,154),('',0,0,1,4,294,155),('',0,0,1,4,294,156),('',0,0,1,4,294,157),('',0,0,1,4,294,158),('',0,0,1,4,294,159),('',1,0,0,4,295,53),('',1,0,0,4,295,54),('',1,0,0,4,295,55),('',1,0,0,4,295,56),('',0,1,0,4,295,57),('',1,0,0,4,295,58),('',0,1,0,4,295,59),('',0,1,0,4,295,60),('',0,1,0,4,295,61),('',0,1,0,4,295,62),('',0,1,0,4,295,63),('',1,0,0,4,295,64),('',1,0,0,4,295,65),('',1,0,0,4,295,66),('',0,1,0,4,295,67),('',0,1,0,4,295,68),('',0,1,0,4,295,69),('',0,1,0,4,295,70),('',0,1,0,4,295,71),('',1,0,0,4,295,72),('',0,1,0,4,295,73),('',1,0,0,4,295,74),('',1,0,0,4,295,75),('',0,1,0,4,295,76),('',1,0,0,4,295,77),('',0,1,0,4,295,78),('',0,1,0,4,295,79),('',0,1,0,4,295,80),('',0,1,0,4,295,81),('',0,0,1,4,295,153),('',0,0,1,4,295,154),('',0,0,1,4,295,155),('',0,0,1,4,295,156),('',0,0,1,4,295,157),('',0,0,1,4,295,158),('',0,0,1,4,295,159),('',1,0,0,4,296,53),('',1,0,0,4,296,54),('',1,0,0,4,296,55),('',1,0,0,4,296,56),('',0,1,0,4,296,57),('',1,0,0,4,296,58),('',0,1,0,4,296,59),('',0,1,0,4,296,60),('',0,1,0,4,296,61),('',0,1,0,4,296,62),('',0,1,0,4,296,63),('',1,0,0,4,296,64),('',1,0,0,4,296,65),('',1,0,0,4,296,66),('',0,1,0,4,296,67),('',1,0,0,4,296,68),('',0,1,0,4,296,69),('',0,1,0,4,296,70),('',0,1,0,4,296,71),('',1,0,0,4,296,72),('',1,0,0,4,296,73),('',1,0,0,4,296,74),('',1,0,0,4,296,75),('',0,1,0,4,296,76),('',1,0,0,4,296,77),('',0,1,0,4,296,78),('',0,1,0,4,296,79),('',1,0,0,4,296,80),('',0,1,0,4,296,81),('',0,0,1,4,296,153),('',0,0,1,4,296,154),('',0,0,1,4,296,155),('',0,0,1,4,296,156),('',0,0,1,4,296,157),('',0,0,1,4,296,158),('',0,0,1,4,296,159),('',1,0,0,4,297,53),('',1,0,0,4,297,54),('',1,0,0,4,297,55),('',1,0,0,4,297,56),('',0,1,0,4,297,57),('',0,1,0,4,297,58),('',0,1,0,4,297,59),('',0,1,0,4,297,60),('',0,1,0,4,297,61),('',0,1,0,4,297,62),('',0,1,0,4,297,63),('',1,0,0,4,297,64),('',1,0,0,4,297,65),('',1,0,0,4,297,66),('',0,1,0,4,297,67),('',0,1,0,4,297,68),('',0,1,0,4,297,69),('',0,1,0,4,297,70),('',0,1,0,4,297,71),('',1,0,0,4,297,72),('',0,1,0,4,297,73),('',1,0,0,4,297,74),('',1,0,0,4,297,75),('',0,1,0,4,297,76),('',1,0,0,4,297,77),('',0,1,0,4,297,78),('',0,1,0,4,297,79),('',0,1,0,4,297,80),('',0,1,0,4,297,81),('',0,0,1,4,297,153),('',0,0,1,4,297,154),('',0,0,1,4,297,155),('',0,0,1,4,297,156),('',0,0,1,4,297,157),('',0,0,1,4,297,158),('',0,0,1,4,297,159),('',1,0,0,4,298,53),('',1,0,0,4,298,54),('',1,0,0,4,298,55),('',1,0,0,4,298,56),('',1,0,0,4,298,57),('',1,0,0,4,298,58),('',0,1,0,4,298,59),('',0,1,0,4,298,60),('',0,1,0,4,298,61),('',0,1,0,4,298,62),('',0,1,0,4,298,63),('',1,0,0,4,298,64),('',1,0,0,4,298,65),('',1,0,0,4,298,66),('',0,1,0,4,298,67),('',0,1,0,4,298,68),('',0,1,0,4,298,69),('',0,1,0,4,298,70),('',0,1,0,4,298,71),('',1,0,0,4,298,72),('',1,0,0,4,298,73),('',1,0,0,4,298,74),('',1,0,0,4,298,75),('',0,1,0,4,298,76),('',1,0,0,4,298,77),('',0,1,0,4,298,78),('',0,1,0,4,298,79),('',1,0,0,4,298,80),('',0,1,0,4,298,81),('',0,0,1,4,298,153),('',0,0,1,4,298,154),('',0,0,1,4,298,155),('',0,0,1,4,298,156),('',0,0,1,4,298,157),('',0,0,1,4,298,158),('',0,0,1,4,298,159),('',1,0,0,4,299,53),('',1,0,0,4,299,54),('',1,0,0,4,299,55),('',1,0,0,4,299,56),('',1,0,0,4,299,57),('',1,0,0,4,299,58),('',1,0,0,4,299,59),('',0,1,0,4,299,60),('',0,1,0,4,299,61),('',0,1,0,4,299,62),('',1,0,0,4,299,63),('',1,0,0,4,299,64),('',1,0,0,4,299,65),('',1,0,0,4,299,66),('',1,0,0,4,299,67),('',1,0,0,4,299,68),('',0,1,0,4,299,69),('',0,1,0,4,299,70),('',0,1,0,4,299,71),('',1,0,0,4,299,72),('',1,0,0,4,299,73),('',1,0,0,4,299,74),('',1,0,0,4,299,75),('',1,0,0,4,299,76),('',1,0,0,4,299,77),('',0,1,0,4,299,78),('',0,1,0,4,299,79),('',1,0,0,4,299,80),('',0,1,0,4,299,81),('',0,0,1,4,299,153),('',0,0,1,4,299,154),('',0,0,1,4,299,155),('',0,0,1,4,299,156),('',0,0,1,4,299,157),('',0,0,1,4,299,158),('',0,0,1,4,299,159),('',1,0,0,4,300,53),('',1,0,0,4,300,54),('',1,0,0,4,300,55),('',1,0,0,4,300,56),('',1,0,0,4,300,57),('',1,0,0,4,300,58),('',1,0,0,4,300,59),('',0,1,0,4,300,60),('',0,1,0,4,300,61),('',0,1,0,4,300,62),('',1,0,0,4,300,63),('',1,0,0,4,300,64),('',1,0,0,4,300,65),('',1,0,0,4,300,66),('',1,0,0,4,300,67),('',1,0,0,4,300,68),('',1,0,0,4,300,69),('',1,0,0,4,300,70),('',1,0,0,4,300,71),('',1,0,0,4,300,72),('',1,0,0,4,300,73),('',1,0,0,4,300,74),('',1,0,0,4,300,75),('',1,0,0,4,300,76),('',1,0,0,4,300,77),('',0,1,0,4,300,78),('',1,0,0,4,300,79),('',1,0,0,4,300,80),('',1,0,0,4,300,81),('',0,0,1,4,300,153),('',0,0,1,4,300,154),('',0,0,1,4,300,155),('',0,0,1,4,300,156),('',0,0,1,4,300,157),('',0,0,1,4,300,158),('',0,0,1,4,300,159),('',1,0,0,4,301,53),('',1,0,0,4,301,54),('',1,0,0,4,301,55),('',1,0,0,4,301,56),('',1,0,0,4,301,57),('',1,0,0,4,301,58),('',1,0,0,4,301,59),('',0,1,0,4,301,60),('',1,0,0,4,301,61),('',0,1,0,4,301,62),('',1,0,0,4,301,63),('',1,0,0,4,301,64),('',1,0,0,4,301,65),('',1,0,0,4,301,66),('',1,0,0,4,301,67),('',1,0,0,4,301,68),('',1,0,0,4,301,69),('',1,0,0,4,301,70),('',1,0,0,4,301,71),('',1,0,0,4,301,72),('',1,0,0,4,301,73),('',1,0,0,4,301,74),('',1,0,0,4,301,75),('',1,0,0,4,301,76),('',1,0,0,4,301,77),('',0,1,0,4,301,78),('',1,0,0,4,301,79),('',1,0,0,4,301,80),('',1,0,0,4,301,81),('',0,0,1,4,301,153),('',0,0,1,4,301,154),('',0,0,1,4,301,155),('',0,0,1,4,301,156),('',0,0,1,4,301,157),('',0,0,1,4,301,158),('',0,0,1,4,301,159),('',1,0,0,4,302,53),('',1,0,0,4,302,54),('',1,0,0,4,302,55),('',1,0,0,4,302,56),('',1,0,0,4,302,57),('',1,0,0,4,302,58),('',1,0,0,4,302,59),('',0,1,0,4,302,60),('',0,1,0,4,302,61),('',0,1,0,4,302,62),('',1,0,0,4,302,63),('',1,0,0,4,302,64),('',1,0,0,4,302,65),('',1,0,0,4,302,66),('',0,1,0,4,302,67),('',1,0,0,4,302,68),('',0,1,0,4,302,69),('',0,1,0,4,302,70),('',0,1,0,4,302,71),('',1,0,0,4,302,72),('',1,0,0,4,302,73),('',1,0,0,4,302,74),('',1,0,0,4,302,75),('',0,1,0,4,302,76),('',1,0,0,4,302,77),('',0,1,0,4,302,78),('',0,1,0,4,302,79),('',1,0,0,4,302,80),('',0,1,0,4,302,81),('',0,0,1,4,302,153),('',0,0,1,4,302,154),('',0,0,1,4,302,155),('',0,0,1,4,302,156),('',0,0,1,4,302,157),('',0,0,1,4,302,158),('',0,0,1,4,302,159),('',1,0,0,4,303,53),('',1,0,0,4,303,54),('',1,0,0,4,303,55),('',1,0,0,4,303,56),('',0,1,0,4,303,57),('',0,1,0,4,303,58),('',0,1,0,4,303,59),('',0,1,0,4,303,60),('',0,1,0,4,303,61),('',0,1,0,4,303,62),('',0,1,0,4,303,63),('',1,0,0,4,303,64),('',1,0,0,4,303,65),('',1,0,0,4,303,66),('',0,1,0,4,303,67),('',1,0,0,4,303,68),('',0,1,0,4,303,69),('',0,1,0,4,303,70),('',0,1,0,4,303,71),('',1,0,0,4,303,72),('',0,1,0,4,303,73),('',1,0,0,4,303,74),('',1,0,0,4,303,75),('',0,1,0,4,303,76),('',1,0,0,4,303,77),('',0,1,0,4,303,78),('',0,1,0,4,303,79),('',1,0,0,4,303,80),('',0,1,0,4,303,81),('',0,0,1,4,303,153),('',0,0,1,4,303,154),('',0,0,1,4,303,155),('',0,0,1,4,303,156),('',0,0,1,4,303,157),('',0,0,1,4,303,158),('',0,0,1,4,303,159),('',1,0,0,4,304,53),('',1,0,0,4,304,54),('',1,0,0,4,304,55),('',1,0,0,4,304,56),('',1,0,0,4,304,57),('',1,0,0,4,304,58),('',1,0,0,4,304,59),('',0,1,0,4,304,60),('',1,0,0,4,304,61),('',0,1,0,4,304,62),('',1,0,0,4,304,63),('',1,0,0,4,304,64),('',1,0,0,4,304,65),('',1,0,0,4,304,66),('',1,0,0,4,304,67),('',1,0,0,4,304,68),('',1,0,0,4,304,69),('',1,0,0,4,304,70),('',1,0,0,4,304,71),('',1,0,0,4,304,72),('',1,0,0,4,304,73),('',0,0,1,4,304,74),('',1,0,0,4,304,75),('',1,0,0,4,304,76),('',1,0,0,4,304,77),('',0,1,0,4,304,78),('',1,0,0,4,304,79),('',1,0,0,4,304,80),('',1,0,0,4,304,81),('',0,0,1,4,304,153),('',0,0,1,4,304,154),('',0,0,1,4,304,155),('',0,0,1,4,304,156),('',0,0,1,4,304,157),('',0,0,1,4,304,158),('',0,0,1,4,304,159),('',1,0,0,4,305,53),('',1,0,0,4,305,54),('',1,0,0,4,305,55),('',1,0,0,4,305,56),('',1,0,0,4,305,57),('',1,0,0,4,305,58),('',1,0,0,4,305,59),('',0,1,0,4,305,60),('',0,1,0,4,305,61),('',0,1,0,4,305,62),('',1,0,0,4,305,63),('',1,0,0,4,305,64),('',1,0,0,4,305,65),('',1,0,0,4,305,66),('',1,0,0,4,305,67),('',1,0,0,4,305,68),('',0,1,0,4,305,69),('',0,1,0,4,305,70),('',0,1,0,4,305,71),('',1,0,0,4,305,72),('',1,0,0,4,305,73),('',1,0,0,4,305,74),('',1,0,0,4,305,75),('',0,1,0,4,305,76),('',1,0,0,4,305,77),('',0,1,0,4,305,78),('',0,1,0,4,305,79),('',1,0,0,4,305,80),('',0,1,0,4,305,81),('',0,0,1,4,305,153),('',0,0,1,4,305,154),('',0,0,1,4,305,155),('',0,0,1,4,305,156),('',0,0,1,4,305,157),('',0,0,1,4,305,158),('',0,0,1,4,305,159),('',1,0,0,4,306,53),('',1,0,0,4,306,54),('',1,0,0,4,306,55),('',1,0,0,4,306,56),('',1,0,0,4,306,57),('',1,0,0,4,306,58),('',0,1,0,4,306,59),('',0,1,0,4,306,60),('',0,1,0,4,306,61),('',0,1,0,4,306,62),('',0,1,0,4,306,63),('',1,0,0,4,306,64),('',1,0,0,4,306,65),('',1,0,0,4,306,66),('',0,1,0,4,306,67),('',1,0,0,4,306,68),('',0,1,0,4,306,69),('',0,1,0,4,306,70),('',0,1,0,4,306,71),('',1,0,0,4,306,72),('',1,0,0,4,306,73),('',1,0,0,4,306,74),('',1,0,0,4,306,75),('',0,1,0,4,306,76),('',1,0,0,4,306,77),('',0,1,0,4,306,78),('',0,1,0,4,306,79),('',1,0,0,4,306,80),('',0,1,0,4,306,81),('',0,0,1,4,306,153),('',0,0,1,4,306,154),('',0,0,1,4,306,155),('',0,0,1,4,306,156),('',0,0,1,4,306,157),('',0,0,1,4,306,158),('',0,0,1,4,306,159),('',1,0,0,4,307,53),('',1,0,0,4,307,54),('',1,0,0,4,307,55),('',1,0,0,4,307,56),('',1,0,0,4,307,57),('',1,0,0,4,307,58),('',0,1,0,4,307,59),('',0,1,0,4,307,60),('',0,1,0,4,307,61),('',0,1,0,4,307,62),('',1,0,0,4,307,63),('',1,0,0,4,307,64),('',1,0,0,4,307,65),('',1,0,0,4,307,66),('',0,1,0,4,307,67),('',1,0,0,4,307,68),('',0,1,0,4,307,69),('',1,0,0,4,307,70),('',0,1,0,4,307,71),('',1,0,0,4,307,72),('',1,0,0,4,307,73),('',1,0,0,4,307,74),('',1,0,0,4,307,75),('',0,1,0,4,307,76),('',1,0,0,4,307,77),('',0,1,0,4,307,78),('',1,0,0,4,307,79),('',1,0,0,4,307,80),('',0,1,0,4,307,81),('',0,0,1,4,307,153),('',0,0,1,4,307,154),('',0,0,1,4,307,155),('',0,0,1,4,307,156),('',0,0,1,4,307,157),('',0,0,1,4,307,158),('',0,0,1,4,307,159),('',1,0,0,4,308,53),('',1,0,0,4,308,54),('',1,0,0,4,308,55),('',1,0,0,4,308,56),('',1,0,0,4,308,57),('',1,0,0,4,308,58),('',1,0,0,4,308,59),('',0,1,0,4,308,60),('',0,1,0,4,308,61),('',0,1,0,4,308,62),('',0,1,0,4,308,63),('',1,0,0,4,308,64),('',1,0,0,4,308,65),('',1,0,0,4,308,66),('',1,0,0,4,308,67),('',1,0,0,4,308,68),('',0,1,0,4,308,69),('',0,1,0,4,308,70),('',0,1,0,4,308,71),('',1,0,0,4,308,72),('',1,0,0,4,308,73),('',1,0,0,4,308,74),('',1,0,0,4,308,75),('',0,1,0,4,308,76),('',1,0,0,4,308,77),('',0,1,0,4,308,78),('',0,1,0,4,308,79),('',1,0,0,4,308,80),('',0,1,0,4,308,81),('',0,0,1,4,308,153),('',0,0,1,4,308,154),('',0,0,1,4,308,155),('',0,0,1,4,308,156),('',0,0,1,4,308,157),('',0,0,1,4,308,158),('',0,0,1,4,308,159),('',1,0,0,4,309,53),('',1,0,0,4,309,54),('',1,0,0,4,309,55),('',1,0,0,4,309,56),('',1,0,0,4,309,57),('',1,0,0,4,309,58),('',1,0,0,4,309,59),('',0,1,0,4,309,60),('',1,0,0,4,309,61),('',0,1,0,4,309,62),('',1,0,0,4,309,63),('',1,0,0,4,309,64),('',1,0,0,4,309,65),('',1,0,0,4,309,66),('',1,0,0,4,309,67),('',1,0,0,4,309,68),('',1,0,0,4,309,69),('',1,0,0,4,309,70),('',1,0,0,4,309,71),('',1,0,0,4,309,72),('',1,0,0,4,309,73),('',1,0,0,4,309,74),('',1,0,0,4,309,75),('',1,0,0,4,309,76),('',1,0,0,4,309,77),('',0,1,0,4,309,78),('',0,1,0,4,309,79),('',1,0,0,4,309,80),('',1,0,0,4,309,81),('',0,0,1,4,309,153),('',0,0,1,4,309,154),('',0,0,1,4,309,155),('',0,0,1,4,309,156),('',0,0,1,4,309,157),('',0,0,1,4,309,158),('',0,0,1,4,309,159),('',1,0,0,4,310,53),('',1,0,0,4,310,54),('',1,0,0,4,310,55),('',1,0,0,4,310,56),('',1,0,0,4,310,57),('',1,0,0,4,310,58),('',1,0,0,4,310,59),('',0,1,0,4,310,60),('',1,0,0,4,310,61),('',0,1,0,4,310,62),('',1,0,0,4,310,63),('',1,0,0,4,310,64),('',1,0,0,4,310,65),('',1,0,0,4,310,66),('',1,0,0,4,310,67),('',1,0,0,4,310,68),('',0,1,0,4,310,69),('',0,1,0,4,310,70),('',0,1,0,4,310,71),('',1,0,0,4,310,72),('',1,0,0,4,310,73),('',1,0,0,4,310,74),('',1,0,0,4,310,75),('',0,1,0,4,310,76),('',1,0,0,4,310,77),('',0,1,0,4,310,78),('',0,1,0,4,310,79),('',1,0,0,4,310,80),('',0,1,0,4,310,81),('',0,0,1,4,310,153),('',0,0,1,4,310,154),('',0,0,1,4,310,155),('',0,0,1,4,310,156),('',0,0,1,4,310,157),('',0,0,1,4,310,158),('',0,0,1,4,310,159),('',1,0,0,4,311,53),('',1,0,0,4,311,54),('',1,0,0,4,311,55),('',1,0,0,4,311,56),('',0,1,0,4,311,57),('',1,0,0,4,311,58),('',0,1,0,4,311,59),('',0,1,0,4,311,60),('',0,1,0,4,311,61),('',0,1,0,4,311,62),('',0,1,0,4,311,63),('',1,0,0,4,311,64),('',1,0,0,4,311,65),('',1,0,0,4,311,66),('',1,0,0,4,311,67),('',1,0,0,4,311,68),('',0,1,0,4,311,69),('',0,1,0,4,311,70),('',0,1,0,4,311,71),('',1,0,0,4,311,72),('',1,0,0,4,311,73),('',1,0,0,4,311,74),('',1,0,0,4,311,75),('',0,1,0,4,311,76),('',1,0,0,4,311,77),('',0,1,0,4,311,78),('',0,1,0,4,311,79),('',1,0,0,4,311,80),('',0,1,0,4,311,81),('',0,0,1,4,311,153),('',0,0,1,4,311,154),('',0,0,1,4,311,155),('',0,0,1,4,311,156),('',0,0,1,4,311,157),('',0,0,1,4,311,158),('',0,0,1,4,311,159),('',1,0,0,4,312,53),('',1,0,0,4,312,54),('',1,0,0,4,312,55),('',1,0,0,4,312,56),('',1,0,0,4,312,57),('',1,0,0,4,312,58),('',0,1,0,4,312,59),('',0,1,0,4,312,60),('',0,1,0,4,312,61),('',0,1,0,4,312,62),('',0,1,0,4,312,63),('',1,0,0,4,312,64),('',1,0,0,4,312,65),('',1,0,0,4,312,66),('',1,0,0,4,312,67),('',1,0,0,4,312,68),('',1,0,0,4,312,69),('',1,0,0,4,312,70),('',1,0,0,4,312,71),('',1,0,0,4,312,72),('',1,0,0,4,312,73),('',1,0,0,4,312,74),('',1,0,0,4,312,75),('',1,0,0,4,312,76),('',1,0,0,4,312,77),('',0,1,0,4,312,78),('',1,0,0,4,312,79),('',1,0,0,4,312,80),('',1,0,0,4,312,81),('',0,0,1,4,312,153),('',0,0,1,4,312,154),('',0,0,1,4,312,155),('',0,0,1,4,312,156),('',0,0,1,4,312,157),('',0,0,1,4,312,158),('',0,0,1,4,312,159),('',1,0,0,4,313,53),('',1,0,0,4,313,54),('',1,0,0,4,313,55),('',1,0,0,4,313,56),('',0,1,0,4,313,57),('',1,0,0,4,313,58),('',0,1,0,4,313,59),('',0,1,0,4,313,60),('',1,0,0,4,313,61),('',0,1,0,4,313,62),('',1,0,0,4,313,63),('',1,0,0,4,313,64),('',1,0,0,4,313,65),('',1,0,0,4,313,66),('',0,1,0,4,313,67),('',1,0,0,4,313,68),('',0,1,0,4,313,69),('',0,1,0,4,313,70),('',0,1,0,4,313,71),('',1,0,0,4,313,72),('',1,0,0,4,313,73),('',1,0,0,4,313,74),('',1,0,0,4,313,75),('',0,1,0,4,313,76),('',1,0,0,4,313,77),('',0,1,0,4,313,78),('',0,1,0,4,313,79),('',1,0,0,4,313,80),('',0,1,0,4,313,81),('',0,0,1,4,313,153),('',0,0,1,4,313,154),('',0,0,1,4,313,155),('',0,0,1,4,313,156),('',0,0,1,4,313,157),('',0,0,1,4,313,158),('',0,0,1,4,313,159),('',1,0,0,4,314,53),('',1,0,0,4,314,54),('',1,0,0,4,314,55),('',1,0,0,4,314,56),('',1,0,0,4,314,57),('',1,0,0,4,314,58),('',1,0,0,4,314,59),('',0,1,0,4,314,60),('',0,1,0,4,314,61),('',0,1,0,4,314,62),('',1,0,0,4,314,63),('',1,0,0,4,314,64),('',1,0,0,4,314,65),('',1,0,0,4,314,66),('',1,0,0,4,314,67),('',1,0,0,4,314,68),('',0,1,0,4,314,69),('',1,0,0,4,314,70),('',0,1,0,4,314,71),('',1,0,0,4,314,72),('',1,0,0,4,314,73),('',1,0,0,4,314,74),('',1,0,0,4,314,75),('',1,0,0,4,314,76),('',1,0,0,4,314,77),('',0,1,0,4,314,78),('',1,0,0,4,314,79),('',1,0,0,4,314,80),('',1,0,0,4,314,81),('',0,0,1,4,314,153),('',0,0,1,4,314,154),('',0,0,1,4,314,155),('',0,0,1,4,314,156),('',0,0,1,4,314,157),('',0,0,1,4,314,158),('',0,0,1,4,314,159),('',1,0,0,4,315,53),('',1,0,0,4,315,54),('',1,0,0,4,315,55),('',1,0,0,4,315,56),('',1,0,0,4,315,57),('',1,0,0,4,315,58),('',1,0,0,4,315,59),('',0,1,0,4,315,60),('',0,1,0,4,315,61),('',0,1,0,4,315,62),('',0,1,0,4,315,63),('',1,0,0,4,315,64),('',1,0,0,4,315,65),('',1,0,0,4,315,66),('',0,1,0,4,315,67),('',1,0,0,4,315,68),('',0,1,0,4,315,69),('',0,1,0,4,315,70),('',0,1,0,4,315,71),('',1,0,0,4,315,72),('',1,0,0,4,315,73),('',1,0,0,4,315,74),('',1,0,0,4,315,75),('',0,1,0,4,315,76),('',1,0,0,4,315,77),('',0,1,0,4,315,78),('',1,0,0,4,315,79),('',1,0,0,4,315,80),('',0,1,0,4,315,81),('',0,0,1,4,315,153),('',0,0,1,4,315,154),('',0,0,1,4,315,155),('',0,0,1,4,315,156),('',0,0,1,4,315,157),('',0,0,1,4,315,158),('',0,0,1,4,315,159),('',1,0,0,4,316,53),('',1,0,0,4,316,54),('',1,0,0,4,316,55),('',0,0,1,4,316,56),('',1,0,0,4,316,57),('',0,1,0,4,316,58),('',0,1,0,4,316,59),('',0,1,0,4,316,60),('',0,1,0,4,316,61),('',0,1,0,4,316,62),('',0,1,0,4,316,63),('',1,0,0,4,316,64),('',1,0,0,4,316,65),('',1,0,0,4,316,66),('',0,1,0,4,316,67),('',1,0,0,4,316,68),('',0,1,0,4,316,69),('',0,1,0,4,316,70),('',0,1,0,4,316,71),('',1,0,0,4,316,72),('',1,0,0,4,316,73),('',1,0,0,4,316,74),('',1,0,0,4,316,75),('',0,1,0,4,316,76),('',1,0,0,4,316,77),('',0,1,0,4,316,78),('',0,1,0,4,316,79),('',1,0,0,4,316,80),('',0,1,0,4,316,81),('',0,0,1,4,316,153),('',0,0,1,4,316,154),('',0,0,1,4,316,155),('',0,0,1,4,316,156),('',0,0,1,4,316,157),('',0,0,1,4,316,158),('',0,0,1,4,316,159),('',1,0,0,4,318,113),('',1,0,0,4,318,114),('',1,0,0,4,318,115),('',1,0,0,4,318,116),('',1,0,0,4,318,117),('',1,0,0,4,318,118),('',1,0,0,4,318,119),('',1,0,0,4,318,120),('',1,0,0,4,319,113),('',1,0,0,4,319,114),('',1,0,0,4,319,115),('',0,1,0,4,319,116),('',1,0,0,4,319,117),('',1,0,0,4,319,118),('',1,0,0,4,319,119),('',0,1,0,4,319,120),('',1,0,0,4,320,113),('',1,0,0,4,320,114),('',1,0,0,4,320,115),('',1,0,0,4,320,116),('',1,0,0,4,320,117),('',1,0,0,4,320,118),('',1,0,0,4,320,119),('',1,0,0,4,320,120),('',1,0,0,4,321,113),('',1,0,0,4,321,114),('',1,0,0,4,321,115),('',1,0,0,4,321,116),('',1,0,0,4,321,117),('',1,0,0,4,321,118),('',1,0,0,4,321,119),('',1,0,0,4,321,120),('',1,0,0,4,322,113),('',1,0,0,4,322,114),('',1,0,0,4,322,115),('',0,1,0,4,322,116),('',1,0,0,4,322,117),('',1,0,0,4,322,118),('',1,0,0,4,322,119),('',1,0,0,4,322,120),('',1,0,0,4,323,113),('',1,0,0,4,323,114),('',1,0,0,4,323,115),('',1,0,0,4,323,116),('',1,0,0,4,323,117),('',1,0,0,4,323,118),('',1,0,0,4,323,119),('',1,0,0,4,323,120),('',1,0,0,4,324,113),('',1,0,0,4,324,114),('',1,0,0,4,324,115),('',0,1,0,4,324,116),('',1,0,0,4,324,117),('',1,0,0,4,324,118),('',1,0,0,4,324,119),('',0,1,0,4,324,120),('',1,0,0,4,325,113),('',1,0,0,4,325,114),('',1,0,0,4,325,115),('',0,1,0,4,325,116),('',1,0,0,4,325,117),('',1,0,0,4,325,118),('',1,0,0,4,325,119),('',0,1,0,4,325,120),('',1,0,0,4,326,53),('',1,0,0,4,326,54),('',1,0,0,4,326,55),('',1,0,0,4,326,56),('',1,0,0,4,326,57),('',1,0,0,4,326,58),('',0,1,0,4,326,59),('',0,1,0,4,326,60),('',1,0,0,4,326,121),('',1,0,0,4,326,122),('',1,0,0,4,326,123),('',1,0,0,4,326,124),('',1,0,0,4,326,125),('',0,1,0,4,326,126),('',0,1,0,4,326,127),('',1,0,0,4,326,128),('',0,1,0,4,326,129),('',0,1,0,4,326,130),('',0,1,0,4,326,131),('',0,1,0,4,326,132),('',1,0,0,4,326,133),('',1,0,0,4,326,134),('',1,0,0,4,326,135),('',1,0,0,4,326,136),('',0,1,0,4,326,137),('',0,1,0,4,326,138),('',1,0,0,4,326,139),('',1,0,0,4,326,140),('',1,0,0,4,326,141),('',1,0,0,4,326,142),('',0,1,0,4,326,143),('',0,1,0,4,326,144),('',1,0,0,4,327,53),('',1,0,0,4,327,54),('',1,0,0,4,327,55),('',1,0,0,4,327,56),('',0,1,0,4,327,57),('',1,0,0,4,327,58),('',0,1,0,4,327,59),('',1,0,0,4,327,60),('',1,0,0,4,327,121),('',1,0,0,4,327,122),('',1,0,0,4,327,123),('',1,0,0,4,327,124),('',0,1,0,4,327,125),('',0,1,0,4,327,126),('',0,1,0,4,327,127),('',1,0,0,4,327,128),('',0,1,0,4,327,129),('',0,1,0,4,327,130),('',0,1,0,4,327,131),('',0,1,0,4,327,132),('',1,0,0,4,327,133),('',1,0,0,4,327,134),('',1,0,0,4,327,135),('',1,0,0,4,327,136),('',0,1,0,4,327,137),('',0,1,0,4,327,138),('',1,0,0,4,327,139),('',1,0,0,4,327,140),('',1,0,0,4,327,141),('',1,0,0,4,327,142),('',0,1,0,4,327,143),('',0,1,0,4,327,144),('',1,0,0,4,328,53),('',1,0,0,4,328,54),('',1,0,0,4,328,55),('',1,0,0,4,328,56),('',0,1,0,4,328,57),('',1,0,0,4,328,58),('',0,1,0,4,328,59),('',0,1,0,4,328,60),('',1,0,0,4,328,121),('',1,0,0,4,328,122),('',1,0,0,4,328,123),('',1,0,0,4,328,124),('',1,0,0,4,328,125),('',1,0,0,4,328,126),('',1,0,0,4,328,127),('',1,0,0,4,328,128),('',0,1,0,4,328,129),('',0,1,0,4,328,130),('',0,1,0,4,328,131),('',0,1,0,4,328,132),('',1,0,0,4,328,133),('',1,0,0,4,328,134),('',1,0,0,4,328,135),('',1,0,0,4,328,136),('',0,1,0,4,328,137),('',0,1,0,4,328,138),('',1,0,0,4,328,139),('',1,0,0,4,328,140),('',1,0,0,4,328,141),('',1,0,0,4,328,142),('',0,1,0,4,328,143),('',0,1,0,4,328,144),('',1,0,0,4,329,53),('',1,0,0,4,329,54),('',1,0,0,4,329,55),('',1,0,0,4,329,56),('',0,1,0,4,329,57),('',0,1,0,4,329,58),('',0,1,0,4,329,59),('',0,1,0,4,329,60),('',1,0,0,4,329,121),('',1,0,0,4,329,122),('',1,0,0,4,329,123),('',0,1,0,4,329,124),('',0,1,0,4,329,125),('',0,1,0,4,329,126),('',0,1,0,4,329,127),('',1,0,0,4,329,128),('',0,1,0,4,329,129),('',0,1,0,4,329,130),('',0,1,0,4,329,131),('',0,1,0,4,329,132),('',1,0,0,4,329,133),('',1,0,0,4,329,134),('',1,0,0,4,329,135),('',1,0,0,4,329,136),('',0,1,0,4,329,137),('',0,1,0,4,329,138),('',1,0,0,4,329,139),('',1,0,0,4,329,140),('',1,0,0,4,329,141),('',1,0,0,4,329,142),('',0,1,0,4,329,143),('',0,1,0,4,329,144),('',1,0,0,4,330,53),('',1,0,0,4,330,54),('',1,0,0,4,330,55),('',1,0,0,4,330,56),('',1,0,0,4,330,57),('',1,0,0,4,330,58),('',0,1,0,4,330,59),('',0,1,0,4,330,60),('',1,0,0,4,330,121),('',1,0,0,4,330,122),('',1,0,0,4,330,123),('',0,1,0,4,330,124),('',0,1,0,4,330,125),('',0,1,0,4,330,126),('',0,1,0,4,330,127),('',1,0,0,4,330,128),('',0,1,0,4,330,129),('',0,1,0,4,330,130),('',0,1,0,4,330,131),('',0,1,0,4,330,132),('',1,0,0,4,330,133),('',1,0,0,4,330,134),('',0,1,0,4,330,135),('',0,1,0,4,330,136),('',0,1,0,4,330,137),('',0,1,0,4,330,138),('',1,0,0,4,330,139),('',1,0,0,4,330,140),('',1,0,0,4,330,141),('',1,0,0,4,330,142),('',0,1,0,4,330,143),('',0,1,0,4,330,144),('',1,0,0,4,331,53),('',1,0,0,4,331,54),('',1,0,0,4,331,55),('',1,0,0,4,331,56),('',0,1,0,4,331,57),('',0,1,0,4,331,58),('',0,1,0,4,331,59),('',0,1,0,4,331,60),('',1,0,0,4,331,121),('',1,0,0,4,331,122),('',1,0,0,4,331,123),('',0,1,0,4,331,124),('',0,1,0,4,331,125),('',0,1,0,4,331,126),('',0,1,0,4,331,127),('',1,0,0,4,331,128),('',0,1,0,4,331,129),('',0,1,0,4,331,130),('',0,1,0,4,331,131),('',0,1,0,4,331,132),('',1,0,0,4,331,133),('',1,0,0,4,331,134),('',1,0,0,4,331,135),('',1,0,0,4,331,136),('',0,1,0,4,331,137),('',0,1,0,4,331,138),('',1,0,0,4,331,139),('',1,0,0,4,331,140),('',1,0,0,4,331,141),('',1,0,0,4,331,142),('',0,1,0,4,331,143),('',0,1,0,4,331,144),('',1,0,0,4,332,53),('',1,0,0,4,332,54),('',1,0,0,4,332,55),('',1,0,0,4,332,56),('',0,1,0,4,332,57),('',0,1,0,4,332,58),('',0,1,0,4,332,59),('',0,1,0,4,332,60),('',1,0,0,4,332,121),('',0,1,0,4,332,122),('',1,0,0,4,332,123),('',0,1,0,4,332,124),('',0,1,0,4,332,125),('',0,1,0,4,332,126),('',0,1,0,4,332,127),('',1,0,0,4,332,128),('',0,1,0,4,332,129),('',0,1,0,4,332,130),('',0,1,0,4,332,131),('',0,1,0,4,332,132),('',1,0,0,4,332,133),('',1,0,0,4,332,134),('',1,0,0,4,332,135),('',1,0,0,4,332,136),('',0,1,0,4,332,137),('',0,1,0,4,332,138),('',1,0,0,4,332,139),('',1,0,0,4,332,140),('',1,0,0,4,332,141),('',1,0,0,4,332,142),('',0,1,0,4,332,143),('',0,1,0,4,332,144),('',1,0,0,4,333,53),('',1,0,0,4,333,54),('',1,0,0,4,333,55),('',1,0,0,4,333,56),('',1,0,0,4,333,57),('',1,0,0,4,333,58),('',0,1,0,4,333,59),('',0,1,0,4,333,60),('',1,0,0,4,333,121),('',1,0,0,4,333,122),('',1,0,0,4,333,123),('',1,0,0,4,333,124),('',0,1,0,4,333,125),('',0,1,0,4,333,126),('',0,1,0,4,333,127),('',1,0,0,4,333,128),('',0,1,0,4,333,129),('',0,1,0,4,333,130),('',0,1,0,4,333,131),('',0,1,0,4,333,132),('',1,0,0,4,333,133),('',1,0,0,4,333,134),('',1,0,0,4,333,135),('',1,0,0,4,333,136),('',0,1,0,4,333,137),('',0,1,0,4,333,138),('',1,0,0,4,333,139),('',1,0,0,4,333,140),('',1,0,0,4,333,141),('',1,0,0,4,333,142),('',0,1,0,4,333,143),('',0,1,0,4,333,144),('',1,0,0,4,334,53),('',1,0,0,4,334,54),('',1,0,0,4,334,55),('',1,0,0,4,334,56),('',0,1,0,4,334,57),('',1,0,0,4,334,58),('',0,1,0,4,334,59),('',0,1,0,4,334,60),('',1,0,0,4,334,121),('',0,1,0,4,334,122),('',1,0,0,4,334,123),('',0,1,0,4,334,124),('',0,1,0,4,334,125),('',0,1,0,4,334,126),('',0,1,0,4,334,127),('',1,0,0,4,334,128),('',0,1,0,4,334,129),('',0,1,0,4,334,130),('',0,1,0,4,334,131),('',0,1,0,4,334,132),('',1,0,0,4,334,133),('',1,0,0,4,334,134),('',1,0,0,4,334,135),('',1,0,0,4,334,136),('',0,1,0,4,334,137),('',0,1,0,4,334,138),('',1,0,0,4,334,139),('',1,0,0,4,334,140),('',1,0,0,4,334,141),('',1,0,0,4,334,142),('',0,1,0,4,334,143),('',0,1,0,4,334,144),('',1,0,0,4,335,53),('',1,0,0,4,335,54),('',1,0,0,4,335,55),('',1,0,0,4,335,56),('',0,1,0,4,335,57),('',1,0,0,4,335,58),('',0,1,0,4,335,59),('',0,1,0,4,335,60),('',1,0,0,4,335,121),('',1,0,0,4,335,122),('',1,0,0,4,335,123),('',0,1,0,4,335,124),('',0,1,0,4,335,125),('',0,1,0,4,335,126),('',0,1,0,4,335,127),('',1,0,0,4,335,128),('',0,1,0,4,335,129),('',0,1,0,4,335,130),('',0,1,0,4,335,131),('',0,1,0,4,335,132),('',1,0,0,4,335,133),('',1,0,0,4,335,134),('',0,1,0,4,335,135),('',1,0,0,4,335,136),('',0,1,0,4,335,137),('',0,1,0,4,335,138),('',1,0,0,4,335,139),('',1,0,0,4,335,140),('',1,0,0,4,335,141),('',1,0,0,4,335,142),('',0,1,0,4,335,143),('',0,1,0,4,335,144),('',1,0,0,4,336,53),('',1,0,0,4,336,54),('',1,0,0,4,336,55),('',1,0,0,4,336,56),('',0,1,0,4,336,57),('',0,1,0,4,336,58),('',0,1,0,4,336,59),('',0,1,0,4,336,60),('',1,0,0,4,336,121),('',1,0,0,4,336,122),('',1,0,0,4,336,123),('',0,1,0,4,336,124),('',1,0,0,4,336,125),('',0,1,0,4,336,126),('',0,1,0,4,336,127),('',1,0,0,4,336,128),('',1,0,0,4,336,129),('',0,1,0,4,336,130),('',0,1,0,4,336,131),('',0,1,0,4,336,132),('',1,0,0,4,336,133),('',1,0,0,4,336,134),('',1,0,0,4,336,135),('',1,0,0,4,336,136),('',0,1,0,4,336,137),('',0,1,0,4,336,138),('',1,0,0,4,336,139),('',1,0,0,4,336,140),('',1,0,0,4,336,141),('',1,0,0,4,336,142),('',0,1,0,4,336,143),('',0,1,0,4,336,144),('',1,0,0,4,337,53),('',1,0,0,4,337,54),('',1,0,0,4,337,55),('',1,0,0,4,337,56),('',1,0,0,4,337,57),('',1,0,0,4,337,58),('',0,1,0,4,337,59),('',0,1,0,4,337,60),('',1,0,0,4,337,121),('',1,0,0,4,337,122),('',1,0,0,4,337,123),('',1,0,0,4,337,124),('',0,1,0,4,337,125),('',0,1,0,4,337,126),('',0,1,0,4,337,127),('',1,0,0,4,337,128),('',0,1,0,4,337,129),('',0,1,0,4,337,130),('',0,1,0,4,337,131),('',0,1,0,4,337,132),('',1,0,0,4,337,133),('',1,0,0,4,337,134),('',1,0,0,4,337,135),('',1,0,0,4,337,136),('',0,1,0,4,337,137),('',0,1,0,4,337,138),('',1,0,0,4,337,139),('',1,0,0,4,337,140),('',1,0,0,4,337,141),('',1,0,0,4,337,142),('',0,1,0,4,337,143),('',0,1,0,4,337,144),('',1,0,0,4,341,53),('',1,0,0,4,341,54),('',1,0,0,4,341,55),('',1,0,0,4,341,56),('',0,1,0,4,341,57),('',0,1,0,4,341,58),('',0,1,0,4,341,59),('',0,1,0,4,341,60),('',0,1,0,4,341,61),('',0,1,0,4,341,62),('',0,1,0,4,341,63),('',1,0,0,4,342,53),('',1,0,0,4,342,54),('',1,0,0,4,342,55),('',1,0,0,4,342,56),('',0,1,0,4,342,57),('',0,1,0,4,342,58),('',0,1,0,4,342,59),('',0,1,0,4,342,60),('',0,1,0,4,342,61),('',0,1,0,4,342,62),('',0,1,0,4,342,63),('',1,0,0,4,343,53),('',1,0,0,4,343,54),('',1,0,0,4,343,55),('',1,0,0,4,343,56),('',1,0,0,4,343,57),('',1,0,0,4,343,58),('',0,1,0,4,343,59),('',0,1,0,4,343,60),('',0,1,0,4,343,61),('',0,1,0,4,343,62),('',0,1,0,4,343,63),('',1,0,0,4,344,53),('',1,0,0,4,344,54),('',1,0,0,4,344,55),('',1,0,0,4,344,56),('',1,0,0,4,344,57),('',0,1,0,4,344,58),('',0,1,0,4,344,59),('',0,1,0,4,344,60),('',0,1,0,4,344,61),('',0,1,0,4,344,62),('',0,1,0,4,344,63),('',1,0,0,4,345,53),('',1,0,0,4,345,54),('',1,0,0,4,345,55),('',1,0,0,4,345,56),('',0,1,0,4,345,57),('',0,1,0,4,345,58),('',0,1,0,4,345,59),('',0,1,0,4,345,60),('',0,1,0,4,345,61),('',0,1,0,4,345,62),('',0,1,0,4,345,63),('',1,0,0,4,346,53),('',1,0,0,4,346,54),('',1,0,0,4,346,55),('',1,0,0,4,346,56),('',1,0,0,4,346,57),('',1,0,0,4,346,58),('',0,1,0,4,346,59),('',1,0,0,4,346,60),('',0,1,0,4,346,61),('',0,1,0,4,346,62),('',0,1,0,4,346,63),('',1,0,0,4,347,53),('',1,0,0,4,347,54),('',1,0,0,4,347,55),('',1,0,0,4,347,56),('',0,1,0,4,347,57),('',1,0,0,4,347,58),('',0,1,0,4,347,59),('',0,1,0,4,347,60),('',0,1,0,4,347,61),('',0,1,0,4,347,62),('',0,1,0,4,347,63),('',1,0,0,4,348,53),('',1,0,0,4,348,54),('',1,0,0,4,348,55),('',1,0,0,4,348,56),('',0,1,0,4,348,57),('',1,0,0,4,348,58),('',0,1,0,4,348,59),('',0,1,0,4,348,60),('',0,1,0,4,348,61),('',0,1,0,4,348,62),('',0,1,0,4,348,63),('',1,0,0,4,349,53),('',1,0,0,4,349,54),('',1,0,0,4,349,55),('',1,0,0,4,349,56),('',1,0,0,4,349,57),('',1,0,0,4,349,58),('',0,1,0,4,349,59),('',1,0,0,4,349,60),('',0,1,0,4,349,61),('',0,1,0,4,349,62),('',0,1,0,4,349,63),('',1,0,0,4,350,53),('',1,0,0,4,350,54),('',1,0,0,4,350,55),('',1,0,0,4,350,56),('',1,0,0,4,350,57),('',1,0,0,4,350,58),('',0,1,0,4,350,59),('',0,1,0,4,350,60),('',0,1,0,4,350,61),('',0,1,0,4,350,62),('',0,1,0,4,350,63),('',0,0,1,4,351,53),('',0,0,1,4,351,54),('',0,0,1,4,351,55),('',0,0,1,4,351,56),('',0,0,1,4,351,57),('',0,0,1,4,351,58),('',0,0,1,4,351,59),('',0,0,1,4,351,60),('',0,0,1,4,351,61),('',0,0,1,4,351,62),('',0,0,1,4,351,63),('',0,0,1,4,351,66),('',0,0,1,4,351,67),('',0,0,1,4,351,68),('',0,0,1,4,351,69),('',0,0,1,4,351,70),('',0,0,1,4,351,71),('',0,0,1,4,351,103),('',0,0,1,4,351,104),('',0,0,1,4,351,105),('',0,0,1,4,351,106),('',0,0,1,4,352,53),('',0,0,1,4,352,54),('',0,0,1,4,352,55),('',0,0,1,4,352,56),('',0,0,1,4,352,57),('',0,0,1,4,352,58),('',0,0,1,4,352,59),('',0,0,1,4,352,60),('',0,0,1,4,352,66),('',0,0,1,4,352,67),('',0,0,1,4,352,68),('',0,0,1,4,352,69),('',0,0,1,4,352,70),('',0,0,1,4,352,71),('',0,0,1,4,352,103),('',0,0,1,4,352,104),('',0,0,1,4,352,105),('',0,0,1,4,352,106),('',1,0,0,4,376,160),('',1,0,0,4,376,161),('',1,0,0,4,376,162),('',0,1,0,4,376,163),('',1,0,0,4,376,164),('',0,1,0,4,376,165),('',0,1,0,4,376,166),('',1,0,0,4,376,167),('',0,1,0,4,376,168),('',0,1,0,4,376,169),('',0,1,0,4,376,170),('Le thème a été juste abordé.',0,0,1,4,376,171),('',1,0,0,4,377,160),('',1,0,0,4,377,161),('',1,0,0,4,377,162),('',0,1,0,4,377,163),('',1,0,0,4,377,164),('',1,0,0,4,377,165),('',0,1,0,4,377,166),('',0,1,0,4,377,167),('',0,1,0,4,377,168),('',0,1,0,4,377,169),('',0,1,0,4,377,170),('Le thème a été juste abordé.',0,0,1,4,377,171),('',1,0,0,4,378,160),('',1,0,0,4,378,161),('',1,0,0,4,378,162),('',0,1,0,4,378,163),('',1,0,0,4,378,164),('',0,1,0,4,378,165),('',0,1,0,4,378,166),('',1,0,0,4,378,167),('',0,1,0,4,378,168),('',0,1,0,4,378,169),('',0,1,0,4,378,170),('Le thème a été juste abordé.',0,0,1,4,378,171),('',1,0,0,4,379,160),('',1,0,0,4,379,161),('',1,0,0,4,379,162),('',1,0,0,4,379,163),('',1,0,0,4,379,164),('',1,0,0,4,379,165),('',0,1,0,4,379,166),('',1,0,0,4,379,167),('',1,0,0,4,379,168),('',1,0,0,4,379,169),('',0,1,0,4,379,170),('Le thème a été juste abordé.',0,0,1,4,379,171),('',1,0,0,4,380,160),('',1,0,0,4,380,161),('',1,0,0,4,380,162),('',1,0,0,4,380,163),('',1,0,0,4,380,164),('',1,0,0,4,380,165),('',1,0,0,4,380,166),('',1,0,0,4,380,167),('',1,0,0,4,380,168),('',1,0,0,4,380,169),('',0,1,0,4,380,170),('Le thème a été juste abordé.',0,0,1,4,380,171),('',1,0,0,4,381,172),('',0,1,0,4,381,173),('',1,0,0,4,381,174),('',0,1,0,4,381,175),('',1,0,0,4,381,176),('',1,0,0,4,381,177),('',1,0,0,4,381,178),('',1,0,0,4,381,179),('',1,0,0,4,381,180),('',1,0,0,4,381,181),('',0,1,0,4,381,182),('',0,1,0,4,381,183),('',1,0,0,4,382,172),('',0,1,0,4,382,173),('',1,0,0,4,382,174),('',0,1,0,4,382,175),('',1,0,0,4,382,176),('',1,0,0,4,382,177),('',0,1,0,4,382,178),('',1,0,0,4,382,179),('',1,0,0,4,382,180),('',1,0,0,4,382,181),('',0,1,0,4,382,182),('',0,1,0,4,382,183),('',1,0,0,4,383,172),('',0,1,0,4,383,173),('',0,1,0,4,383,174),('',0,1,0,4,383,175),('',1,0,0,4,383,176),('',1,0,0,4,383,177),('',0,1,0,4,383,178),('',0,1,0,4,383,179),('',1,0,0,4,383,180),('',0,1,0,4,383,181),('',0,1,0,4,383,182),('',0,1,0,4,383,183),('',1,0,0,4,384,184),('',1,0,0,4,384,185),('',1,0,0,4,384,186),('',1,0,0,4,384,187),('',0,1,0,4,384,188),('',0,1,0,4,384,189),('',1,0,0,4,384,190),('',1,0,0,4,384,191),('',0,1,0,4,384,192),('',0,1,0,4,384,193),('',0,1,0,4,384,194),('',0,1,0,4,384,195),('',0,1,0,4,384,196),('',1,0,0,4,384,197),('',0,1,0,4,384,198),('',1,0,0,4,384,199),('',0,1,0,4,384,200),('',0,1,0,4,384,201),('',0,1,0,4,384,202),('',0,1,0,4,384,203),('',1,0,0,4,385,184),('',1,0,0,4,385,185),('',1,0,0,4,385,186),('',1,0,0,4,385,187),('',1,0,0,4,385,188),('',1,0,0,4,385,189),('',1,0,0,4,385,190),('',1,0,0,4,385,191),('',0,1,0,4,385,192),('',0,1,0,4,385,193),('',0,1,0,4,385,194),('',0,1,0,4,385,195),('',1,0,0,4,385,196),('',1,0,0,4,385,197),('',0,1,0,4,385,198),('',1,0,0,4,385,199),('',0,1,0,4,385,200),('',0,1,0,4,385,201),('',0,1,0,4,385,202),('',0,1,0,4,385,203),('',1,0,0,4,386,184),('',1,0,0,4,386,185),('',1,0,0,4,386,186),('',1,0,0,4,386,187),('',1,0,0,4,386,188),('',0,1,0,4,386,189),('',1,0,0,4,386,190),('',1,0,0,4,386,191),('',0,1,0,4,386,192),('',0,1,0,4,386,193),('',0,1,0,4,386,194),('',0,1,0,4,386,195),('',1,0,0,4,386,196),('',1,0,0,4,386,197),('',0,1,0,4,386,198),('',1,0,0,4,386,199),('',0,1,0,4,386,200),('',0,1,0,4,386,201),('',0,1,0,4,386,202),('',0,1,0,4,386,203),('',1,0,0,4,387,184),('',1,0,0,4,387,185),('',1,0,0,4,387,186),('',0,1,0,4,387,187),('',0,1,0,4,387,188),('',0,1,0,4,387,189),('',0,1,0,4,387,190),('',1,0,0,4,387,191),('',0,1,0,4,387,192),('',0,1,0,4,387,193),('',0,1,0,4,387,194),('',0,1,0,4,387,195),('',0,1,0,4,387,196),('',0,1,0,4,387,197),('',0,1,0,4,387,198),('',1,0,0,4,387,199),('',0,1,0,4,387,200),('',0,1,0,4,387,201),('',0,1,0,4,387,202),('',0,1,0,4,387,203),('',1,0,0,4,388,184),('',1,0,0,4,388,185),('',1,0,0,4,388,186),('',1,0,0,4,388,187),('',1,0,0,4,388,188),('',1,0,0,4,388,189),('',1,0,0,4,388,190),('',1,0,0,4,388,191),('',1,0,0,4,388,192),('',0,1,0,4,388,193),('',1,0,0,4,388,194),('',0,1,0,4,388,195),('',1,0,0,4,388,196),('',1,0,0,4,388,197),('',0,1,0,4,388,198),('',1,0,0,4,388,199),('',0,1,0,4,388,200),('',0,1,0,4,388,201),('',0,1,0,4,388,202),('',0,1,0,4,388,203),('',1,0,0,4,389,184),('',1,0,0,4,389,185),('',1,0,0,4,389,186),('',1,0,0,4,389,187),('',0,1,0,4,389,188),('',0,1,0,4,389,189),('',0,1,0,4,389,190),('',1,0,0,4,389,191),('',0,1,0,4,389,192),('',0,1,0,4,389,193),('',1,0,0,4,389,194),('',0,1,0,4,389,195),('',0,1,0,4,389,196),('',1,0,0,4,389,197),('',0,1,0,4,389,198),('',1,0,0,4,389,199),('',0,1,0,4,389,200),('',0,1,0,4,389,201),('',0,1,0,4,389,202),('',0,1,0,4,389,203),('',0,1,0,4,391,250),('',0,1,0,4,391,251),('',1,0,0,4,391,252),('',0,1,0,4,391,253),('',0,1,0,4,391,254),('',1,0,0,4,391,255),('',0,1,0,4,391,256),('',0,1,0,4,392,250),('',0,1,0,4,392,251),('',0,1,0,4,392,252),('',0,1,0,4,392,253),('',0,1,0,4,392,254),('',0,1,0,4,392,255),('',0,1,0,4,392,256),('',0,1,0,4,393,250),('',0,1,0,4,393,251),('',0,1,0,4,393,252),('',0,1,0,4,393,253),('',0,1,0,4,393,254),('',0,1,0,4,393,255),('',0,1,0,4,393,256),('',1,0,0,4,394,250),('',1,0,0,4,394,251),('',0,1,0,4,394,252),('',1,0,0,4,394,253),('',0,1,0,4,394,254),('',0,1,0,4,394,255),('',0,1,0,4,394,256),('',1,0,0,4,395,250),('',1,0,0,4,395,251),('',0,1,0,4,395,252),('',1,0,0,4,395,253),('',0,1,0,4,395,254),('',0,1,0,4,395,255),('',0,1,0,4,395,256),('',0,1,0,4,396,250),('',0,1,0,4,396,251),('',0,1,0,4,396,252),('',0,1,0,4,396,253),('',0,1,0,4,396,254),('',0,1,0,4,396,255),('',0,1,0,4,396,256),('',1,0,0,4,397,250),('',1,0,0,4,397,251),('',1,0,0,4,397,252),('',1,0,0,4,397,253),('',0,1,0,4,397,254),('',1,0,0,4,397,255),('',0,1,0,4,397,256),('',0,1,0,4,398,250),('',0,1,0,4,398,251),('',1,0,0,4,398,252),('',0,1,0,4,398,253),('',0,1,0,4,398,254),('',0,1,0,4,398,255),('',0,1,0,4,398,256),('',1,0,0,4,399,250),('',0,1,0,4,399,251),('',0,1,0,4,399,252),('',1,0,0,4,399,253),('',0,1,0,4,399,254),('',1,0,0,4,399,255),('',0,1,0,4,399,256),('',1,0,0,4,400,250),('',0,1,0,4,400,251),('',0,1,0,4,400,252),('',0,1,0,4,400,253),('',0,1,0,4,400,254),('',0,1,0,4,400,255),('',0,1,0,4,400,256),('',0,1,0,4,401,250),('',0,1,0,4,401,251),('',0,1,0,4,401,252),('',0,1,0,4,401,253),('',0,1,0,4,401,254),('',0,1,0,4,401,255),('',0,1,0,4,401,256),('',1,0,0,4,402,250),('',0,1,0,4,402,251),('',0,1,0,4,402,252),('',1,0,0,4,402,253),('',0,1,0,4,402,254),('',1,0,0,4,402,255),('',0,1,0,4,402,256),('',1,0,0,4,403,250),('',0,1,0,4,403,251),('',0,1,0,4,403,252),('',1,0,0,4,403,253),('',0,1,0,4,403,254),('',0,1,0,4,403,255),('',0,1,0,4,403,256),('',1,0,0,4,404,250),('',0,1,0,4,404,251),('',0,1,0,4,404,252),('',1,0,0,4,404,253),('',0,1,0,4,404,254),('',1,0,0,4,404,255),('',0,1,0,4,404,256),('',1,0,0,4,405,250),('',0,1,0,4,405,251),('',0,1,0,4,405,252),('',1,0,0,4,405,253),('',0,1,0,4,405,254),('',0,1,0,4,405,255),('',0,1,0,4,405,256),('',0,1,0,4,406,250),('',0,1,0,4,406,251),('',0,1,0,4,406,252),('',0,1,0,4,406,253),('',0,1,0,4,406,254),('',0,1,0,4,406,255),('',0,1,0,4,406,256),('',1,0,0,4,407,250),('',0,1,0,4,407,251),('',1,0,0,4,407,252),('',1,0,0,4,407,253),('',0,1,0,4,407,254),('',1,0,0,4,407,255),('',0,1,0,4,407,256),('',1,0,0,4,408,250),('',0,1,0,4,408,251),('',1,0,0,4,408,252),('',1,0,0,4,408,253),('',0,1,0,4,408,254),('',1,0,0,4,408,255),('',0,1,0,4,408,256),('',1,0,0,4,409,250),('',0,1,0,4,409,251),('',1,0,0,4,409,252),('',1,0,0,4,409,253),('',0,1,0,4,409,254),('',1,0,0,4,409,255),('',0,1,0,4,409,256),('',1,0,0,4,410,250),('',0,1,0,4,410,251),('',0,1,0,4,410,252),('',1,0,0,4,410,253),('',0,1,0,4,410,254),('',1,0,0,4,410,255),('',0,1,0,4,410,256),('',1,0,0,4,411,250),('',1,0,0,4,411,251),('',0,1,0,4,411,252),('',0,1,0,4,411,253),('',0,1,0,4,411,254),('',1,0,0,4,411,255),('',0,1,0,4,411,256),('',1,0,0,4,412,250),('',0,1,0,4,412,251),('',1,0,0,4,412,252),('',0,1,0,4,412,253),('',0,1,0,4,412,254),('',0,1,0,4,412,255),('',0,1,0,4,412,256),('',1,0,0,4,413,250),('',0,1,0,4,413,251),('',0,1,0,4,413,252),('',1,0,0,4,413,253),('',0,1,0,4,413,254),('',1,0,0,4,413,255),('',0,1,0,4,413,256),('',0,1,0,4,414,250),('',0,1,0,4,414,251),('',0,1,0,4,414,252),('',0,1,0,4,414,253),('',0,1,0,4,414,254),('',0,1,0,4,414,255),('',0,1,0,4,414,256),('',1,0,0,4,415,250),('',1,0,0,4,415,251),('',0,1,0,4,415,252),('',1,0,0,4,415,253),('',0,1,0,4,415,254),('',1,0,0,4,415,255),('',0,1,0,4,415,256),('',1,0,0,4,416,250),('',0,1,0,4,416,251),('',0,1,0,4,416,252),('',1,0,0,4,416,253),('',0,1,0,4,416,254),('',1,0,0,4,416,255),('',0,1,0,4,416,256),('',1,0,0,4,417,250),('',0,1,0,4,417,251),('',0,1,0,4,417,252),('',0,1,0,4,417,253),('',0,1,0,4,417,254),('',0,1,0,4,417,255),('',0,1,0,4,417,256),('',1,0,0,4,418,250),('',0,1,0,4,418,251),('',0,1,0,4,418,252),('',1,0,0,4,418,253),('',0,1,0,4,418,254),('',0,1,0,4,418,255),('',0,1,0,4,418,256),('',1,0,0,4,419,250),('',1,0,0,4,419,251),('',0,1,0,4,419,252),('',1,0,0,4,419,253),('',0,1,0,4,419,254),('',0,1,0,4,419,255),('',0,1,0,4,419,256),('',1,0,0,4,420,250),('',0,1,0,4,420,251),('',0,1,0,4,420,252),('',0,1,0,4,420,253),('',0,1,0,4,420,254),('',1,0,0,4,420,255),('',0,1,0,4,420,256),('',0,1,0,4,421,250),('',0,1,0,4,421,251),('',0,1,0,4,421,252),('',0,1,0,4,421,253),('',0,1,0,4,421,254),('',0,1,0,4,421,255),('',0,1,0,4,421,256),('',1,0,0,4,422,250),('',0,1,0,4,422,251),('',0,1,0,4,422,252),('',1,0,0,4,422,253),('',0,1,0,4,422,254),('',1,0,0,4,422,255),('',0,1,0,4,422,256),('',1,0,0,4,423,250),('',0,1,0,4,423,251),('',0,1,0,4,423,252),('',0,1,0,4,423,253),('',0,1,0,4,423,254),('',1,0,0,4,423,255),('',0,1,0,4,423,256),('',1,0,0,4,424,250),('',0,1,0,4,424,251),('',0,1,0,4,424,252),('',1,0,0,4,424,253),('',0,1,0,4,424,254),('',0,1,0,4,424,255),('',0,1,0,4,424,256),('',1,0,0,4,425,250),('',1,0,0,4,425,251),('',0,1,0,4,425,252),('',1,0,0,4,425,253),('',0,1,0,4,425,254),('',1,0,0,4,425,255),('',0,1,0,4,425,256),('',1,0,0,4,426,250),('',0,1,0,4,426,251),('',0,1,0,4,426,252),('',1,0,0,4,426,253),('',0,1,0,4,426,254),('',1,0,0,4,426,255),('',0,1,0,4,426,256),('',1,0,0,4,427,250),('',0,1,0,4,427,251),('',0,1,0,4,427,252),('',1,0,0,4,427,253),('',0,1,0,4,427,254),('',1,0,0,4,427,255),('',0,1,0,4,427,256),('',1,0,0,4,428,250),('',0,1,0,4,428,251),('',0,1,0,4,428,252),('',0,1,0,4,428,253),('',0,1,0,4,428,254),('',0,1,0,4,428,255),('',0,1,0,4,428,256),('',0,1,0,4,429,250),('',0,1,0,4,429,251),('',0,1,0,4,429,252),('',0,1,0,4,429,253),('',0,1,0,4,429,254),('',0,1,0,4,429,255),('',0,1,0,4,429,256),('',1,0,0,4,430,250),('',1,0,0,4,430,251),('',0,1,0,4,430,252),('',1,0,0,4,430,253),('',0,1,0,4,430,254),('',0,1,0,4,430,255),('',0,1,0,4,430,256),('',1,0,0,4,431,250),('',0,1,0,4,431,251),('',0,1,0,4,431,252),('',1,0,0,4,431,253),('',0,1,0,4,431,254),('',0,1,0,4,431,255),('',0,1,0,4,431,256),('',1,0,0,4,432,250),('',0,1,0,4,432,251),('',0,1,0,4,432,252),('',0,1,0,4,432,253),('',0,1,0,4,432,254),('',0,1,0,4,432,255),('',0,1,0,4,432,256),('',0,1,0,4,433,250),('',0,1,0,4,433,251),('',0,1,0,4,433,252),('',0,1,0,4,433,253),('',0,1,0,4,433,254),('',0,1,0,4,433,255),('',0,1,0,4,433,256),('',0,1,0,4,434,250),('',0,1,0,4,434,251),('',0,1,0,4,434,252),('',0,1,0,4,434,253),('',0,1,0,4,434,254),('',0,1,0,4,434,255),('',0,1,0,4,434,256),('',1,0,0,4,435,250),('',0,1,0,4,435,251),('',0,1,0,4,435,252),('',0,1,0,4,435,253),('',0,1,0,4,435,254),('',0,1,0,4,435,255),('',0,1,0,4,435,256),('',1,0,0,4,436,250),('',0,1,0,4,436,251),('',0,1,0,4,436,252),('',1,0,0,4,436,253),('',0,1,0,4,436,254),('',1,0,0,4,436,255),('',0,1,0,4,436,256),('',1,0,0,4,437,250),('',1,0,0,4,437,251),('',0,1,0,4,437,252),('',1,0,0,4,437,253),('',0,1,0,4,437,254),('',1,0,0,4,437,255),('',1,0,0,4,437,256),('',1,0,0,4,438,250),('',0,1,0,4,438,251),('',0,1,0,4,438,252),('',1,0,0,4,438,253),('',0,1,0,4,438,254),('',1,0,0,4,438,255),('',0,1,0,4,438,256),('',1,0,0,4,439,250),('',0,1,0,4,439,251),('',0,1,0,4,439,252),('',0,1,0,4,439,253),('',0,1,0,4,439,254),('',0,1,0,4,439,255),('',0,1,0,4,439,256),('',1,0,0,4,440,250),('',1,0,0,4,440,251),('',0,1,0,4,440,252),('',0,1,0,4,440,253),('',0,1,0,4,440,254),('',1,0,0,4,440,255),('',0,1,0,4,440,256),('',1,0,0,4,441,184),('',1,0,0,4,441,185),('',1,0,0,4,441,186),('',1,0,0,4,441,187),('',1,0,0,4,441,188),('',0,1,0,4,441,189),('',0,1,0,4,441,190),('',0,1,0,4,441,191),('',1,0,0,4,441,192),('',0,1,0,4,441,193),('',0,1,0,4,441,194),('',0,1,0,4,441,195),('',0,1,0,4,441,196),('',0,1,0,4,441,197),('',0,1,0,4,441,198),('',1,0,0,4,441,199),('',0,1,0,4,441,200),('',0,1,0,4,441,201),('',0,1,0,4,441,202),('',0,1,0,4,441,203),('',1,0,0,4,442,184),('',1,0,0,4,442,185),('',1,0,0,4,442,186),('',1,0,0,4,442,187),('',1,0,0,4,442,188),('',1,0,0,4,442,189),('',0,1,0,4,442,190),('',0,1,0,4,442,191),('',1,0,0,4,442,192),('',0,1,0,4,442,193),('',1,0,0,4,442,194),('',0,1,0,4,442,195),('',1,0,0,4,442,196),('',0,1,0,4,442,197),('',0,1,0,4,442,198),('',1,0,0,4,442,199),('',0,1,0,4,442,200),('',0,1,0,4,442,201),('',0,1,0,4,442,202),('',0,1,0,4,442,203),('',1,0,0,4,442,293),('',1,0,0,4,442,294),('',1,0,0,4,442,295),('',0,1,0,4,442,296),('',0,1,0,4,442,297),('',1,0,0,4,442,298),('',0,1,0,4,442,299),('',0,1,0,4,442,300),('',1,0,0,4,444,257),('',1,0,0,4,444,258),('',1,0,0,4,444,259),('',1,0,0,4,444,260),('',0,1,0,4,444,261),('',0,1,0,4,444,262),('',1,0,0,4,445,257),('',1,0,0,4,445,258),('',1,0,0,4,445,259),('',1,0,0,4,445,260),('',1,0,0,4,445,261),('',0,1,0,4,445,262),('',1,0,0,4,446,257),('',1,0,0,4,446,258),('',1,0,0,4,446,259),('',0,1,0,4,446,260),('',1,0,0,4,446,261),('',0,1,0,4,446,262),('',1,0,0,4,447,257),('',1,0,0,4,447,258),('',1,0,0,4,447,259),('',1,0,0,4,447,260),('',0,1,0,4,447,261),('',0,1,0,4,447,262),('',1,0,0,4,449,257),('',1,0,0,4,449,258),('',1,0,0,4,449,259),('',1,0,0,4,449,260),('',1,0,0,4,449,261),('',0,1,0,4,449,262),('',1,0,0,4,450,257),('',1,0,0,4,450,258),('',1,0,0,4,450,259),('',0,1,0,4,450,260),('',0,1,0,4,450,261),('',0,1,0,4,450,262),('',1,0,0,4,451,257),('',1,0,0,4,451,258),('',1,0,0,4,451,259),('',1,0,0,4,451,260),('',0,1,0,4,451,261),('',0,1,0,4,451,262),('',1,0,0,4,452,257),('',1,0,0,4,452,258),('',1,0,0,4,452,259),('',0,1,0,4,452,260),('',1,0,0,4,452,261),('',0,1,0,4,452,262),('',1,0,0,4,453,257),('',1,0,0,4,453,258),('',1,0,0,4,453,259),('',1,0,0,4,453,260),('',1,0,0,4,453,261),('',0,1,0,4,453,262),('',1,0,0,4,454,257),('',1,0,0,4,454,258),('',1,0,0,4,454,259),('',1,0,0,4,454,260),('',0,1,0,4,454,261),('',0,1,0,4,454,262),('',1,0,0,4,455,257),('',1,0,0,4,455,258),('',1,0,0,4,455,259),('',1,0,0,4,455,260),('',0,1,0,4,455,261),('',0,1,0,4,455,262),('',1,0,0,4,457,257),('',1,0,0,4,457,258),('',1,0,0,4,457,259),('',0,1,0,4,457,260),('',0,1,0,4,457,261),('',0,1,0,4,457,262),('',1,0,0,4,458,257),('',1,0,0,4,458,258),('',0,1,0,4,458,259),('',0,1,0,4,458,260),('',0,1,0,4,458,261),('',0,1,0,4,458,262),('',1,0,0,4,459,257),('',1,0,0,4,459,258),('',1,0,0,4,459,259),('',1,0,0,4,459,260),('',1,0,0,4,459,261),('',0,1,0,4,459,262),('',1,0,0,4,460,257),('',1,0,0,4,460,258),('',1,0,0,4,460,259),('',1,0,0,4,460,260),('',1,0,0,4,460,261),('',0,1,0,4,460,262),('',1,0,0,4,461,257),('',1,0,0,4,461,258),('',1,0,0,4,461,259),('',0,1,0,4,461,260),('',0,1,0,4,461,261),('',0,1,0,4,461,262),('',1,0,0,4,462,257),('',1,0,0,4,462,258),('',0,1,0,4,462,259),('',0,1,0,4,462,260),('',0,1,0,4,462,261),('',0,1,0,4,462,262),('',1,0,0,4,463,257),('',1,0,0,4,463,258),('',1,0,0,4,463,259),('',1,0,0,4,463,260),('',1,0,0,4,463,261),('',0,1,0,4,463,262),('',1,0,0,4,464,257),('',1,0,0,4,464,258),('',1,0,0,4,464,259),('',1,0,0,4,464,260),('',0,1,0,4,464,261),('',0,1,0,4,464,262),('',1,0,0,4,465,263),('',1,0,0,4,465,264),('',0,1,0,4,465,265),('',1,0,0,4,465,266),('',0,1,0,4,465,267),('',1,0,0,4,465,268),('',1,0,0,4,465,269),('',0,1,0,4,465,270),('',1,0,0,4,465,271),('',0,1,0,4,465,272),('',0,1,0,4,465,273),('',0,1,0,4,465,274),('',1,0,0,4,466,263),('',1,0,0,4,466,264),('',0,1,0,4,466,265),('',1,0,0,4,466,266),('',0,1,0,4,466,267),('',1,0,0,4,466,268),('',1,0,0,4,466,269),('',0,1,0,4,466,270),('',1,0,0,4,466,271),('',0,1,0,4,466,272),('',0,1,0,4,466,273),('',0,1,0,4,466,274),('',1,0,0,4,467,263),('',1,0,0,4,467,264),('',0,1,0,4,467,265),('',0,1,0,4,467,266),('',0,1,0,4,467,267),('',1,0,0,4,467,268),('',1,0,0,4,467,269),('',0,1,0,4,467,270),('',1,0,0,4,467,271),('',0,1,0,4,467,272),('',0,1,0,4,467,273),('',0,1,0,4,467,274),('',1,0,0,4,468,263),('',1,0,0,4,468,264),('',1,0,0,4,468,265),('',1,0,0,4,468,266),('',0,1,0,4,468,267),('',1,0,0,4,468,268),('',1,0,0,4,468,269),('',0,1,0,4,468,270),('',1,0,0,4,468,271),('',1,0,0,4,468,272),('',0,1,0,4,468,273),('',0,1,0,4,468,274),('',1,0,0,4,469,263),('',1,0,0,4,469,264),('',1,0,0,4,469,265),('',1,0,0,4,469,266),('',0,1,0,4,469,267),('',1,0,0,4,469,268),('',1,0,0,4,469,269),('',0,1,0,4,469,270),('',1,0,0,4,469,271),('',1,0,0,4,469,272),('',0,1,0,4,469,273),('',0,1,0,4,469,274),('',1,0,0,4,470,263),('',1,0,0,4,470,264),('',0,1,0,4,470,265),('',1,0,0,4,470,266),('',0,1,0,4,470,267),('',1,0,0,4,470,268),('',1,0,0,4,470,269),('',0,1,0,4,470,270),('',1,0,0,4,470,271),('',0,1,0,4,470,272),('',0,1,0,4,470,273),('',0,1,0,4,470,274),('',1,0,0,4,471,263),('',1,0,0,4,471,264),('',1,0,0,4,471,265),('',1,0,0,4,471,266),('',0,1,0,4,471,267),('',1,0,0,4,471,268),('',1,0,0,4,471,269),('',0,1,0,4,471,270),('',1,0,0,4,471,271),('',0,1,0,4,471,272),('',0,1,0,4,471,273),('',0,1,0,4,471,274),('',1,0,0,4,472,263),('',1,0,0,4,472,264),('',0,1,0,4,472,265),('',1,0,0,4,472,266),('',0,1,0,4,472,267),('',1,0,0,4,472,268),('',1,0,0,4,472,269),('',0,1,0,4,472,270),('',1,0,0,4,472,271),('',0,1,0,4,472,272),('',0,1,0,4,472,273),('',0,1,0,4,472,274),('',1,0,0,4,473,275),('',0,1,0,4,473,276),('',1,0,0,4,473,277),('',0,1,0,4,473,278),('',0,1,0,4,473,279),('',1,0,0,4,473,280),('',0,1,0,4,473,281),('',0,1,0,4,473,282),('',1,0,0,4,474,283),('',1,0,0,4,474,284),('',1,0,0,4,474,285),('',0,1,0,4,474,286),('',0,1,0,4,474,287),('',0,1,0,4,474,288),('',1,0,0,4,474,289),('',1,0,0,4,474,290),('',0,1,0,4,474,291),('Pour être plus à l\'aise, il peut être nécessaire de faire quelques révisions approfondies sur le SQL et la manipulation des données.',0,1,0,4,474,292),('',0,1,0,4,485,184),('',1,0,0,4,485,185),('',1,0,0,4,485,186),('',1,0,0,4,485,187),('',1,0,0,4,485,188),('',0,1,0,4,485,189),('',0,1,0,4,485,190),('',0,1,0,4,485,191),('',1,0,0,4,485,192),('',0,1,0,4,485,193),('',0,1,0,4,485,194),('',0,1,0,4,485,195),('',0,1,0,4,485,196),('',0,1,0,4,485,199),('',0,1,0,4,485,200),('',1,0,0,4,486,184),('',1,0,0,4,486,185),('',1,0,0,4,486,186),('',1,0,0,4,486,187),('',1,0,0,4,486,188),('',1,0,0,4,486,189),('',0,1,0,4,486,190),('',1,0,0,4,486,191),('',1,0,0,4,486,192),('',0,1,0,4,486,193),('',0,1,0,4,486,194),('',1,0,0,4,486,195),('',0,1,0,4,486,196),('',0,1,0,4,486,199),('',0,1,0,4,486,200),('',1,0,0,4,487,184),('',1,0,0,4,487,185),('',1,0,0,4,487,186),('',1,0,0,4,487,187),('',1,0,0,4,487,188),('',1,0,0,4,487,189),('',0,1,0,4,487,190),('',1,0,0,4,487,191),('',1,0,0,4,487,192),('',0,1,0,4,487,193),('',0,1,0,4,487,194),('',1,0,0,4,487,195),('',1,0,0,4,487,196),('',0,1,0,4,487,199),('',0,1,0,4,487,200),('',1,0,0,4,488,184),('',1,0,0,4,488,185),('',1,0,0,4,488,186),('',1,0,0,4,488,187),('',1,0,0,4,488,188),('',1,0,0,4,488,189),('',0,1,0,4,488,190),('',0,1,0,4,488,191),('',0,1,0,4,488,192),('',0,1,0,4,488,193),('',0,1,0,4,488,194),('',0,1,0,4,488,195),('',0,1,0,4,488,196),('',0,1,0,4,488,199),('',0,1,0,4,488,200),('',1,0,0,4,489,301),('',1,0,0,4,489,302),('',1,0,0,4,489,303),('',1,0,0,4,489,304),('',0,1,0,4,489,305),('',1,0,0,4,489,306),('',1,0,0,4,489,307),('',1,0,0,4,489,308),('',1,0,0,4,489,309),('',0,1,0,4,489,310),('',1,0,0,4,490,301),('',1,0,0,4,490,302),('',0,1,0,4,490,303),('',1,0,0,4,490,304),('',0,1,0,4,490,305),('',1,0,0,4,490,306),('',1,0,0,4,490,307),('',1,0,0,4,490,308),('',1,0,0,4,490,309),('',0,1,0,4,490,310),('',1,0,0,4,491,301),('',1,0,0,4,491,302),('',1,0,0,4,491,303),('',1,0,0,4,491,304),('',1,0,0,4,491,305),('',1,0,0,4,491,306),('',1,0,0,4,491,307),('',1,0,0,4,491,308),('',1,0,0,4,491,309),('',0,1,0,4,491,310),('',1,0,0,4,492,301),('',1,0,0,4,492,302),('',0,1,0,4,492,303),('',1,0,0,4,492,304),('',0,1,0,4,492,305),('',1,0,0,4,492,306),('',1,0,0,4,492,307),('',1,0,0,4,492,308),('',1,0,0,4,492,309),('',0,1,0,4,492,310),('',1,0,0,4,493,301),('',1,0,0,4,493,302),('',0,1,0,4,493,303),('',1,0,0,4,493,304),('',0,1,0,4,493,305),('',0,1,0,4,493,306),('',1,0,0,4,493,307),('',0,1,0,4,493,308),('',1,0,0,4,493,309),('',0,1,0,4,493,310),('',1,0,0,4,494,301),('',1,0,0,4,494,302),('',0,1,0,4,494,303),('',1,0,0,4,494,304),('',0,1,0,4,494,305),('',1,0,0,4,494,306),('',1,0,0,4,494,307),('',0,1,0,4,494,308),('',1,0,0,4,494,309),('',0,1,0,4,494,310),('',1,0,0,4,495,311),('',1,0,0,4,495,312),('',1,0,0,4,495,313),('',1,0,0,4,495,314),('',1,0,0,4,495,315),('',1,0,0,4,495,316),('',1,0,0,4,495,317),('Les habitudes de Doctrine ont la vie dure mais le SQL est maîtrisé quand même ;-)',1,0,0,4,495,318),('',1,0,0,4,495,319),('',1,0,0,4,495,320),('',1,0,0,4,495,321),('',1,0,0,4,495,322),('',1,0,0,4,495,323),('',1,0,0,4,495,324),('',1,0,0,4,495,325),('',1,0,0,4,495,326),('',0,1,0,4,496,327),('',0,0,1,4,496,328),('',0,0,1,4,496,329),('',0,1,0,4,496,330),('',0,1,0,4,496,331),('Pas de soucis pour le moment',0,1,0,4,496,332),('',0,0,1,4,496,333),('',0,0,1,4,496,334),('',0,0,1,4,496,335),('',0,0,1,4,496,336),('',0,0,1,4,496,337),('',0,1,0,4,497,327),('',0,0,1,4,497,328),('',0,0,1,4,497,329),('',0,1,0,4,497,330),('',0,1,0,4,497,331),('',0,1,0,4,497,332),('',0,0,1,4,497,333),('',0,0,1,4,497,334),('',0,0,1,4,497,335),('',0,0,1,4,497,336),('',0,0,1,4,497,337),('',0,1,0,4,498,327),('',0,0,1,4,498,328),('',0,0,1,4,498,329),('',1,0,0,4,498,330),('',0,1,0,4,498,331),('',0,1,0,4,498,332),('',0,0,1,4,498,333),('',0,0,1,4,498,334),('',0,0,1,4,498,335),('',0,0,1,4,498,336),('',0,0,1,4,498,337),('',0,1,0,4,499,327),('',0,0,1,4,499,328),('',0,0,1,4,499,329),('',0,1,0,4,499,330),('',0,1,0,4,499,331),('',0,1,0,4,499,332),('',0,0,1,4,499,333),('',0,0,1,4,499,334),('',0,0,1,4,499,335),('',0,0,1,4,499,336),('',0,0,1,4,499,337),('',0,1,0,4,500,327),('',0,0,1,4,500,328),('',0,0,1,4,500,329),('',0,1,0,4,500,330),('',0,1,0,4,500,331),('',0,1,0,4,500,332),('',0,0,1,4,500,333),('',0,0,1,4,500,334),('',0,0,1,4,500,335),('',0,0,1,4,500,336),('',0,0,1,4,500,337),('',0,1,0,4,501,327),('',0,0,1,4,501,328),('',0,0,1,4,501,329),('',1,0,0,4,501,330),('',0,1,0,4,501,331),('',0,1,0,4,501,332),('',0,0,1,4,501,333),('',0,0,1,4,501,334),('',0,0,1,4,501,335),('',0,0,1,4,501,336),('',0,0,1,4,501,337),('',0,1,0,4,502,327),('',0,0,1,4,502,328),('',0,0,1,4,502,329),('',1,0,0,4,502,330),('',0,1,0,4,502,331),('',0,1,0,4,502,332),('',0,0,1,4,502,333),('',0,0,1,4,502,334),('',0,0,1,4,502,335),('',0,0,1,4,502,336),('',0,0,1,4,502,337),('',1,0,0,6,288,107),('',1,0,0,6,288,108),('',0,1,0,6,288,109),('',0,1,0,6,288,110),('',0,1,0,6,288,111),('',0,1,0,6,288,112),('',0,1,0,6,288,152),('',1,0,0,6,289,107),('',1,0,0,6,289,108),('',0,1,0,6,289,109),('',0,1,0,6,289,110),('',0,1,0,6,289,111),('',0,1,0,6,289,112),('',0,1,0,6,289,152),('',1,0,0,6,290,107),('',1,0,0,6,290,108),('',0,1,0,6,290,109),('',0,1,0,6,290,110),('',0,1,0,6,290,111),('',0,1,0,6,290,112),('',0,1,0,6,290,152),('',1,0,0,6,291,107),('',1,0,0,6,291,108),('',1,0,0,6,291,109),('',1,0,0,6,291,110),('',1,0,0,6,291,111),('',1,0,0,6,291,112),('',1,0,0,6,291,152),('',1,0,0,6,292,107),('',1,0,0,6,292,108),('',1,0,0,6,292,109),('',1,0,0,6,292,110),('',1,0,0,6,292,111),('',1,0,0,6,292,112),('',1,0,0,6,292,152),('',1,0,0,6,293,107),('',1,0,0,6,293,108),('',1,0,0,6,293,109),('',1,0,0,6,293,110),('',1,0,0,6,293,111),('',1,0,0,6,293,112),('',1,0,0,6,293,152),('',1,0,0,6,294,107),('',1,0,0,6,294,108),('',0,1,0,6,294,109),('',0,1,0,6,294,110),('',0,1,0,6,294,111),('',0,1,0,6,294,112),('',0,1,0,6,294,152),('',1,0,0,6,295,107),('',1,0,0,6,295,108),('',0,1,0,6,295,109),('',0,1,0,6,295,110),('',0,1,0,6,295,111),('',0,1,0,6,295,112),('',0,1,0,6,295,152),('',1,0,0,6,296,107),('',1,0,0,6,296,108),('',0,1,0,6,296,109),('',0,1,0,6,296,110),('',0,1,0,6,296,111),('',0,1,0,6,296,112),('',0,1,0,6,296,152),('',1,0,0,6,297,107),('',1,0,0,6,297,108),('',1,0,0,6,297,109),('',0,1,0,6,297,110),('',0,1,0,6,297,111),('',0,1,0,6,297,112),('',0,1,0,6,297,152),('',1,0,0,6,298,107),('',1,0,0,6,298,108),('',1,0,0,6,298,109),('',1,0,0,6,298,110),('',1,0,0,6,298,111),('',1,0,0,6,298,112),('',0,1,0,6,298,152),('',1,0,0,6,299,107),('',1,0,0,6,299,108),('',0,1,0,6,299,109),('',0,1,0,6,299,110),('',0,1,0,6,299,111),('',0,1,0,6,299,112),('',0,1,0,6,299,152),('',1,0,0,6,300,107),('',1,0,0,6,300,108),('',1,0,0,6,300,109),('',1,0,0,6,300,110),('',1,0,0,6,300,111),('',1,0,0,6,300,112),('',1,0,0,6,300,152),('',1,0,0,6,301,107),('',1,0,0,6,301,108),('',0,1,0,6,301,109),('',0,1,0,6,301,110),('',0,1,0,6,301,111),('',0,1,0,6,301,112),('',0,1,0,6,301,152),('',1,0,0,6,302,107),('',1,0,0,6,302,108),('',1,0,0,6,302,109),('',1,0,0,6,302,110),('',1,0,0,6,302,111),('',1,0,0,6,302,112),('',1,0,0,6,302,152),('',1,0,0,6,303,107),('',1,0,0,6,303,108),('',0,1,0,6,303,109),('',0,1,0,6,303,110),('',0,1,0,6,303,111),('',0,1,0,6,303,112),('',0,1,0,6,303,152),('',1,0,0,6,304,107),('',1,0,0,6,304,108),('',0,1,0,6,304,109),('',0,1,0,6,304,110),('',0,1,0,6,304,111),('',0,1,0,6,304,112),('',0,1,0,6,304,152),('',1,0,0,6,305,107),('',1,0,0,6,305,108),('',0,1,0,6,305,109),('',0,1,0,6,305,110),('',0,1,0,6,305,111),('',0,1,0,6,305,112),('',0,1,0,6,305,152),('',1,0,0,6,306,107),('',1,0,0,6,306,108),('',0,1,0,6,306,109),('',0,1,0,6,306,110),('',0,1,0,6,306,111),('',0,1,0,6,306,112),('',0,1,0,6,306,152),('',1,0,0,6,307,107),('',1,0,0,6,307,108),('',0,1,0,6,307,109),('',0,1,0,6,307,110),('',0,1,0,6,307,111),('',0,1,0,6,307,112),('',0,1,0,6,307,152),('',1,0,0,6,308,107),('',1,0,0,6,308,108),('',1,0,0,6,308,109),('',0,1,0,6,308,110),('',0,1,0,6,308,111),('',1,0,0,6,308,112),('',0,1,0,6,308,152),('',1,0,0,6,309,107),('',1,0,0,6,309,108),('',1,0,0,6,309,109),('',1,0,0,6,309,110),('',1,0,0,6,309,111),('',1,0,0,6,309,112),('',1,0,0,6,309,152),('',1,0,0,6,310,107),('',1,0,0,6,310,108),('',1,0,0,6,310,109),('',1,0,0,6,310,110),('',1,0,0,6,310,111),('',1,0,0,6,310,112),('',1,0,0,6,310,152),('',1,0,0,6,311,107),('',1,0,0,6,311,108),('',1,0,0,6,311,109),('',1,0,0,6,311,110),('',1,0,0,6,311,111),('',1,0,0,6,311,112),('',1,0,0,6,311,152),('',1,0,0,6,312,107),('',1,0,0,6,312,108),('',1,0,0,6,312,109),('',1,0,0,6,312,110),('',1,0,0,6,312,111),('',1,0,0,6,312,112),('',1,0,0,6,312,152),('',1,0,0,6,313,107),('',1,0,0,6,313,108),('',0,1,0,6,313,109),('',0,1,0,6,313,110),('',0,1,0,6,313,111),('',0,1,0,6,313,112),('',0,1,0,6,313,152),('',1,0,0,6,314,107),('',1,0,0,6,314,108),('',1,0,0,6,314,109),('',1,0,0,6,314,110),('',1,0,0,6,314,111),('',1,0,0,6,314,112),('',1,0,0,6,314,152),('',1,0,0,6,315,107),('',1,0,0,6,315,108),('',1,0,0,6,315,109),('',1,0,0,6,315,110),('',1,0,0,6,315,111),('',1,0,0,6,315,112),('',1,0,0,6,315,152),('',1,0,0,6,316,107),('',1,0,0,6,316,108),('',0,1,0,6,316,109),('',0,1,0,6,316,110),('',0,1,0,6,316,111),('',0,1,0,6,316,112),('',0,1,0,6,316,152),('',0,0,1,6,351,239),('',0,0,1,6,351,240),('',0,0,1,6,351,241),('',0,0,1,6,351,242),('',0,0,1,6,351,243),('',0,0,1,6,351,244),('',0,0,1,6,351,245),('',0,0,1,6,351,246),('',0,0,1,6,351,247),('',0,0,1,6,351,248),('',0,0,1,6,351,249),('',0,0,1,6,352,239),('',0,0,1,6,352,240),('',0,0,1,6,352,241),('',0,0,1,6,352,242),('',0,0,1,6,352,243),('',0,0,1,6,352,244),('',0,0,1,6,352,245),('',0,0,1,6,352,246),('',0,0,1,6,352,247),('',0,0,1,6,352,248),('',0,0,1,6,352,249),('',1,0,0,10,288,82),('',0,1,0,10,288,83),('',0,0,1,10,288,84),('',0,1,0,10,288,85),('',1,0,0,10,288,86),('',0,1,0,10,288,87),('',1,0,0,10,288,103),('',1,0,0,10,288,104),('',1,0,0,10,288,105),('',0,1,0,10,288,106),('',1,0,0,10,289,82),('',0,1,0,10,289,83),('',1,0,0,10,289,84),('',0,1,0,10,289,85),('',0,1,0,10,289,86),('',0,0,1,10,289,87),('',1,0,0,10,289,103),('',1,0,0,10,289,104),('',1,0,0,10,289,105),('',0,1,0,10,289,106),('',1,0,0,10,290,82),('',1,0,0,10,290,83),('',0,1,0,10,290,84),('',0,1,0,10,290,85),('',1,0,0,10,290,86),('',0,1,0,10,290,87),('',1,0,0,10,290,103),('',1,0,0,10,290,104),('',1,0,0,10,290,105),('',0,1,0,10,290,106),('',1,0,0,10,291,82),('',0,1,0,10,291,83),('',1,0,0,10,291,84),('',1,0,0,10,291,85),('',1,0,0,10,291,86),('',0,1,0,10,291,87),('',1,0,0,10,291,103),('',1,0,0,10,291,104),('',1,0,0,10,291,105),('',0,1,0,10,291,106),('',1,0,0,10,292,82),('',1,0,0,10,292,83),('',1,0,0,10,292,84),('',1,0,0,10,292,85),('',1,0,0,10,292,86),('',1,0,0,10,292,87),('',1,0,0,10,292,103),('',1,0,0,10,292,104),('',1,0,0,10,292,105),('',0,1,0,10,292,106),('',0,1,0,10,293,82),('',0,1,0,10,293,83),('',0,0,1,10,293,84),('',0,1,0,10,293,85),('',0,1,0,10,293,86),('',0,0,1,10,293,87),('',1,0,0,10,293,103),('',1,0,0,10,293,104),('',1,0,0,10,293,105),('',0,1,0,10,293,106),('',0,1,0,10,294,82),('',0,1,0,10,294,83),('',0,1,0,10,294,84),('',0,1,0,10,294,85),('',1,0,0,10,294,86),('',0,0,1,10,294,87),('',1,0,0,10,294,103),('',1,0,0,10,294,104),('',1,0,0,10,294,105),('',0,1,0,10,294,106),('',0,1,0,10,295,82),('',0,1,0,10,295,83),('',0,1,0,10,295,84),('',0,1,0,10,295,85),('',0,0,1,10,295,86),('',0,0,1,10,295,87),('',1,0,0,10,295,103),('',1,0,0,10,295,104),('',1,0,0,10,295,105),('',0,1,0,10,295,106),('',0,1,0,10,296,82),('',1,0,0,10,296,83),('',0,1,0,10,296,84),('',0,1,0,10,296,85),('',0,1,0,10,296,86),('',0,1,0,10,296,87),('',1,0,0,10,296,103),('',1,0,0,10,296,104),('',1,0,0,10,296,105),('',0,1,0,10,296,106),('',0,0,1,10,297,82),('',1,0,0,10,297,83),('',0,0,1,10,297,84),('',0,1,0,10,297,85),('',1,0,0,10,297,86),('',0,0,1,10,297,87),('',1,0,0,10,297,103),('',1,0,0,10,297,104),('',1,0,0,10,297,105),('',0,1,0,10,297,106),('',0,0,1,10,298,82),('',0,1,0,10,298,83),('',1,0,0,10,298,84),('',0,1,0,10,298,85),('',1,0,0,10,298,86),('',0,0,1,10,298,87),('',1,0,0,10,298,103),('',1,0,0,10,298,104),('',1,0,0,10,298,105),('',0,1,0,10,298,106),('',1,0,0,10,299,82),('',1,0,0,10,299,83),('',1,0,0,10,299,84),('',1,0,0,10,299,85),('',1,0,0,10,299,86),('',0,0,1,10,299,87),('',1,0,0,10,299,103),('',1,0,0,10,299,104),('',1,0,0,10,299,105),('',0,1,0,10,299,106),('',0,1,0,10,300,82),('',0,1,0,10,300,83),('',0,1,0,10,300,84),('',1,0,0,10,300,85),('',1,0,0,10,300,86),('',0,1,0,10,300,87),('',1,0,0,10,300,103),('',1,0,0,10,300,104),('',1,0,0,10,300,105),('',0,1,0,10,300,106),('',0,1,0,10,301,82),('',1,0,0,10,301,83),('',0,0,1,10,301,84),('',0,1,0,10,301,85),('',1,0,0,10,301,86),('',0,0,1,10,301,87),('',1,0,0,10,301,103),('',1,0,0,10,301,104),('',1,0,0,10,301,105),('',0,1,0,10,301,106),('',0,1,0,10,302,82),('',1,0,0,10,302,83),('',0,1,0,10,302,84),('',1,0,0,10,302,85),('',1,0,0,10,302,86),('',1,0,0,10,302,87),('',1,0,0,10,302,103),('',1,0,0,10,302,104),('',1,0,0,10,302,105),('',0,1,0,10,302,106),('',0,0,1,10,303,82),('',0,0,1,10,303,83),('',0,0,1,10,303,84),('',0,0,1,10,303,85),('',0,0,1,10,303,86),('',0,0,1,10,303,87),('',1,0,0,10,303,103),('',1,0,0,10,303,104),('',1,0,0,10,303,105),('',0,1,0,10,303,106),('',1,0,0,10,304,82),('',1,0,0,10,304,83),('',1,0,0,10,304,84),('',0,1,0,10,304,85),('',1,0,0,10,304,86),('',1,0,0,10,304,87),('',1,0,0,10,304,103),('',1,0,0,10,304,104),('',1,0,0,10,304,105),('',0,1,0,10,304,106),('',0,0,1,10,305,82),('',0,0,1,10,305,83),('',0,0,1,10,305,84),('',0,0,1,10,305,85),('',0,0,1,10,305,86),('',0,0,1,10,305,87),('',1,0,0,10,305,103),('',1,0,0,10,305,104),('',1,0,0,10,305,105),('',0,1,0,10,305,106),('',0,1,0,10,306,82),('',1,0,0,10,306,83),('',0,1,0,10,306,84),('',1,0,0,10,306,85),('',1,0,0,10,306,86),('',0,0,1,10,306,87),('',1,0,0,10,306,103),('',1,0,0,10,306,104),('',1,0,0,10,306,105),('',0,1,0,10,306,106),('',1,0,0,10,307,82),('',1,0,0,10,307,83),('',1,0,0,10,307,84),('',1,0,0,10,307,85),('',1,0,0,10,307,86),('',1,0,0,10,307,87),('',1,0,0,10,307,103),('',1,0,0,10,307,104),('',1,0,0,10,307,105),('',0,1,0,10,307,106),('',1,0,0,10,308,82),('',1,0,0,10,308,83),('',1,0,0,10,308,84),('',0,1,0,10,308,85),('',1,0,0,10,308,86),('',1,0,0,10,308,87),('',1,0,0,10,308,103),('',1,0,0,10,308,104),('',1,0,0,10,308,105),('',0,1,0,10,308,106),('',1,0,0,10,309,82),('',1,0,0,10,309,83),('',0,0,1,10,309,84),('',0,1,0,10,309,85),('',1,0,0,10,309,86),('',0,0,1,10,309,87),('',1,0,0,10,309,103),('',1,0,0,10,309,104),('',1,0,0,10,309,105),('',0,1,0,10,309,106),('',0,1,0,10,310,82),('',1,0,0,10,310,83),('',0,1,0,10,310,84),('',0,1,0,10,310,85),('',1,0,0,10,310,86),('',0,1,0,10,310,87),('',1,0,0,10,310,103),('',1,0,0,10,310,104),('',1,0,0,10,310,105),('',0,1,0,10,310,106),('',0,1,0,10,311,82),('',0,0,1,10,311,83),('',0,1,0,10,311,84),('',0,1,0,10,311,85),('',1,0,0,10,311,86),('',0,0,1,10,311,87),('',1,0,0,10,311,103),('',1,0,0,10,311,104),('',1,0,0,10,311,105),('',0,1,0,10,311,106),('',1,0,0,10,312,82),('',1,0,0,10,312,83),('',1,0,0,10,312,84),('',0,1,0,10,312,85),('',0,0,1,10,312,86),('',0,0,1,10,312,87),('',1,0,0,10,312,103),('',1,0,0,10,312,104),('',1,0,0,10,312,105),('',0,1,0,10,312,106),('',1,0,0,10,313,82),('',0,1,0,10,313,83),('',0,1,0,10,313,84),('',0,1,0,10,313,85),('',1,0,0,10,313,86),('',0,1,0,10,313,87),('',1,0,0,10,313,103),('',1,0,0,10,313,104),('',1,0,0,10,313,105),('',0,1,0,10,313,106),('',0,1,0,10,314,82),('',1,0,0,10,314,83),('',1,0,0,10,314,84),('',1,0,0,10,314,85),('',1,0,0,10,314,86),('',1,0,0,10,314,87),('',1,0,0,10,314,103),('',1,0,0,10,314,104),('',1,0,0,10,314,105),('',0,1,0,10,314,106),('',1,0,0,10,315,82),('',0,1,0,10,315,83),('',1,0,0,10,315,84),('',0,1,0,10,315,85),('',1,0,0,10,315,86),('',0,1,0,10,315,87),('',1,0,0,10,315,103),('',1,0,0,10,315,104),('',1,0,0,10,315,105),('',0,1,0,10,315,106),('',0,1,0,10,316,82),('',1,0,0,10,316,83),('',0,0,1,10,316,84),('',0,1,0,10,316,85),('',1,0,0,10,316,86),('',0,0,1,10,316,87),('',1,0,0,10,316,103),('',1,0,0,10,316,104),('',1,0,0,10,316,105),('',0,1,0,10,316,106),('',0,0,1,10,351,82),('',0,0,1,10,351,83),('',0,0,1,10,351,84),('',0,0,1,10,351,85),('',0,0,1,10,351,86),('',0,0,1,10,351,87),('',0,0,1,10,351,219),('',0,0,1,10,351,220),('',0,0,1,10,351,221),('',0,0,1,10,351,222),('',0,0,1,10,351,223),('',0,0,1,10,351,224),('',0,0,1,10,351,225),('',0,0,1,10,351,234),('',0,0,1,10,351,235),('',0,0,1,10,351,236),('',0,0,1,10,351,237),('',0,0,1,10,351,238),('',0,0,1,10,352,82),('',0,0,1,10,352,83),('',0,0,1,10,352,84),('',0,0,1,10,352,85),('',0,0,1,10,352,86),('',0,0,1,10,352,87),('',0,0,1,10,352,219),('',0,0,1,10,352,220),('',0,0,1,10,352,221),('',0,0,1,10,352,222),('',0,0,1,10,352,223),('',0,0,1,10,352,224),('',0,0,1,10,352,225),('',0,0,1,10,352,234),('',0,0,1,10,352,235),('',0,0,1,10,352,236),('',0,0,1,10,352,237),('',0,0,1,10,352,238),('',0,0,1,14,351,64),('',0,0,1,14,351,65),('',0,0,1,14,351,72),('',0,0,1,14,351,73),('',0,0,1,14,351,74),('',0,0,1,14,351,98),('',0,0,1,14,351,99),('',0,0,1,14,351,100),('',0,0,1,14,351,101),('',0,0,1,14,351,102),('',0,0,1,15,351,204),('',0,0,1,15,351,205),('',0,0,1,15,351,206),('',0,0,1,15,351,207),('',0,0,1,15,351,208),('',0,0,1,15,351,209),('',0,0,1,15,352,204),('',0,0,1,15,352,205),('',0,0,1,15,352,206),('',0,0,1,15,352,207),('',0,0,1,15,352,208),('',0,0,1,15,352,209),('',0,0,1,16,351,64),('',0,0,1,16,351,65),('',0,0,1,16,351,72),('',0,0,1,16,351,73),('',0,0,1,16,351,74),('',0,0,1,16,352,64),('',0,0,1,16,352,65),('',0,0,1,16,352,72),('',0,0,1,16,352,73),('',0,0,1,16,352,74),('',0,0,1,17,351,231),('',0,0,1,17,351,232),('',0,0,1,17,351,233),('',0,0,1,17,352,231),('',0,0,1,17,352,232),('',0,0,1,17,352,233);
/*!40000 ALTER TABLE `evaluer` ENABLE KEYS */;
UNLOCK TABLES;

--
-- Table structure for table `evaluermodule`
--

DROP TABLE IF EXISTS `evaluermodule`;
/*!40101 SET @saved_cs_client     = @@character_set_client */;
/*!50503 SET character_set_client = utf8mb4 */;
CREATE TABLE `evaluermodule` (
  `etu_id` int NOT NULL,
  `eval_id` int NOT NULL,
  `eval_note` double(5,2) NOT NULL DEFAULT '0.00',
  `statev_id` int NOT NULL DEFAULT '1',
  `eval_commentaire` text,
  PRIMARY KEY (`etu_id`,`eval_id`),
  KEY `FK_EVALM_ETUDIANT` (`etu_id`),
  KEY `FK_EVALM_STATUT` (`statev_id`),
  KEY `FK_EVALM_EVAL` (`eval_id`),
  CONSTRAINT `FK_EVALM_ETUDIANT` FOREIGN KEY (`etu_id`) REFERENCES `etudiant` (`etu_id`),
  CONSTRAINT `FK_EVALM_EVAL` FOREIGN KEY (`eval_id`) REFERENCES `evaluation` (`eval_id`),
  CONSTRAINT `FK_EVALM_STATUT` FOREIGN KEY (`statev_id`) REFERENCES `statuteval` (`statev_id`)
) ENGINE=InnoDB DEFAULT CHARSET=latin1;
/*!40101 SET character_set_client = @saved_cs_client */;

--
-- Dumping data for table `evaluermodule`
--

LOCK TABLES `evaluermodule` WRITE;
/*!40000 ALTER TABLE `evaluermodule` DISABLE KEYS */;
INSERT INTO `evaluermodule` VALUES (113,1,7.00,1,NULL),(113,2,10.00,1,NULL),(114,1,7.00,1,NULL),(114,2,10.00,1,NULL),(115,1,9.00,1,NULL),(115,2,13.00,1,NULL),(116,1,6.00,1,NULL),(116,2,10.00,1,NULL),(117,1,11.00,1,NULL),(117,2,12.00,1,NULL),(118,1,9.00,1,NULL),(118,2,12.00,1,NULL),(119,1,0.00,2,NULL),(119,2,10.00,1,NULL),(120,1,13.00,1,NULL),(120,2,12.00,1,NULL),(121,1,9.00,1,NULL),(121,2,12.00,1,NULL),(122,1,12.00,1,NULL),(122,2,13.00,1,NULL),(123,1,0.00,5,NULL),(123,2,10.00,1,NULL),(124,1,8.00,1,NULL),(124,2,12.00,1,NULL),(125,1,13.00,1,NULL),(125,2,12.00,1,NULL),(126,1,13.00,1,NULL),(126,2,12.00,1,NULL),(127,1,11.00,1,NULL),(127,2,12.00,1,NULL),(128,1,9.00,1,NULL),(128,2,11.00,1,NULL),(129,1,8.00,1,NULL),(129,2,10.00,1,NULL),(130,1,7.00,1,NULL),(130,2,10.00,1,NULL),(131,1,8.00,1,NULL),(131,2,11.00,1,NULL),(132,1,12.00,1,NULL),(132,2,12.00,1,NULL),(133,1,9.00,1,NULL),(133,2,12.00,1,NULL),(134,1,7.00,1,NULL),(134,2,10.00,1,NULL),(135,1,8.00,1,NULL),(135,2,10.00,1,NULL),(136,1,10.00,1,NULL),(136,2,10.00,1,NULL),(137,1,14.00,1,NULL),(137,2,12.00,1,NULL),(138,1,8.00,1,NULL),(138,2,10.00,1,NULL),(139,1,14.00,1,NULL),(139,2,13.00,1,NULL),(140,1,8.00,1,NULL),(140,2,11.00,1,NULL),(141,1,18.00,1,NULL),(141,2,14.00,1,NULL),(142,1,12.00,1,NULL),(142,2,12.00,1,NULL),(143,1,9.00,1,NULL),(143,2,10.00,1,NULL),(144,1,12.00,1,NULL),(144,2,13.00,1,NULL),(145,1,7.00,1,NULL),(145,2,10.00,1,NULL),(146,1,10.00,1,NULL),(146,2,10.00,1,NULL),(147,1,9.00,1,NULL),(147,2,11.00,1,NULL),(148,1,12.00,1,NULL),(148,2,12.00,1,NULL),(149,1,11.00,1,NULL),(149,2,12.00,1,NULL),(150,1,11.00,1,NULL),(150,2,12.00,1,NULL),(151,1,13.00,1,NULL),(151,2,12.00,1,NULL),(152,1,12.00,1,NULL),(152,2,12.00,1,NULL),(153,1,8.00,1,NULL),(153,2,10.00,1,NULL),(154,1,9.00,1,NULL),(154,2,12.00,1,NULL),(155,1,11.00,1,NULL),(155,2,12.00,1,NULL),(156,1,12.00,1,NULL),(156,2,10.00,1,NULL),(157,1,0.00,2,NULL),(157,2,10.00,1,NULL),(158,1,12.00,1,NULL),(158,2,12.00,1,NULL),(159,1,13.00,1,NULL),(159,2,12.00,1,NULL),(160,1,18.00,1,NULL),(160,2,14.00,1,NULL),(161,1,14.00,1,NULL),(161,2,13.00,1,NULL);
/*!40000 ALTER TABLE `evaluermodule` ENABLE KEYS */;
UNLOCK TABLES;

--
-- Table structure for table `form_evalens`
--

DROP TABLE IF EXISTS `form_evalens`;
/*!40101 SET @saved_cs_client     = @@character_set_client */;
/*!50503 SET character_set_client = utf8mb4 */;
CREATE TABLE `form_evalens` (
  `formeval_id` int NOT NULL AUTO_INCREMENT,
  `formeval_titre` varchar(250) NOT NULL,
  `formeval_date_creation` timestamp NULL DEFAULT CURRENT_TIMESTAMP,
  `formeval_image` varchar(250) DEFAULT NULL,
  `formeval_commentaire` text,
  `formeval_actif` bit(1) DEFAULT b'0',
  PRIMARY KEY (`formeval_id`)
) ENGINE=InnoDB DEFAULT CHARSET=latin1;
/*!40101 SET character_set_client = @saved_cs_client */;

--
-- Dumping data for table `form_evalens`
--

LOCK TABLES `form_evalens` WRITE;
/*!40000 ALTER TABLE `form_evalens` DISABLE KEYS */;
/*!40000 ALTER TABLE `form_evalens` ENABLE KEYS */;
UNLOCK TABLES;

--
-- Table structure for table `form_module_evalens`
--

DROP TABLE IF EXISTS `form_module_evalens`;
/*!40101 SET @saved_cs_client     = @@character_set_client */;
/*!50503 SET character_set_client = utf8mb4 */;
CREATE TABLE `form_module_evalens` (
  `mod_id` int NOT NULL,
  `formeval_id` int NOT NULL,
  `pf_id` int NOT NULL,
  `date_ouverture` timestamp NULL DEFAULT CURRENT_TIMESTAMP,
  PRIMARY KEY (`mod_id`,`formeval_id`,`pf_id`),
  KEY `FK_FORM_FORM_EVALENS` (`formeval_id`),
  KEY `FK_FORM_PF_EVALENS` (`pf_id`),
  CONSTRAINT `FK_FORM_FORM_EVALENS` FOREIGN KEY (`formeval_id`) REFERENCES `form_evalens` (`formeval_id`),
  CONSTRAINT `FK_FORM_MOD_EVALENS` FOREIGN KEY (`mod_id`) REFERENCES `module` (`mod_id`),
  CONSTRAINT `FK_FORM_PF_EVALENS` FOREIGN KEY (`pf_id`) REFERENCES `periodeformation` (`pf_id`)
) ENGINE=InnoDB DEFAULT CHARSET=latin1;
/*!40101 SET character_set_client = @saved_cs_client */;

--
-- Dumping data for table `form_module_evalens`
--

LOCK TABLES `form_module_evalens` WRITE;
/*!40000 ALTER TABLE `form_module_evalens` DISABLE KEYS */;
/*!40000 ALTER TABLE `form_module_evalens` ENABLE KEYS */;
UNLOCK TABLES;

--
-- Table structure for table `form_question_evalens`
--

DROP TABLE IF EXISTS `form_question_evalens`;
/*!40101 SET @saved_cs_client     = @@character_set_client */;
/*!50503 SET character_set_client = utf8mb4 */;
CREATE TABLE `form_question_evalens` (
  `formquest_id` int NOT NULL AUTO_INCREMENT,
  `formquest_libelle` varchar(250) NOT NULL,
  `formquest_actif` bit(1) DEFAULT b'0',
  `formquest_idsection` int NOT NULL,
  `formquest_idtypequestion` int NOT NULL,
  PRIMARY KEY (`formquest_id`),
  KEY `FK_QUEST_SECTION_EVALENS` (`formquest_idsection`),
  KEY `FK_QUEST_TYPE_EVALENS` (`formquest_idtypequestion`),
  CONSTRAINT `FK_QUEST_SECTION_EVALENS` FOREIGN KEY (`formquest_idsection`) REFERENCES `form_section_evalens` (`formsect_id`),
  CONSTRAINT `FK_QUEST_TYPE_EVALENS` FOREIGN KEY (`formquest_idtypequestion`) REFERENCES `form_typequestion_evalens` (`typquest_id`)
) ENGINE=InnoDB DEFAULT CHARSET=latin1;
/*!40101 SET character_set_client = @saved_cs_client */;

--
-- Dumping data for table `form_question_evalens`
--

LOCK TABLES `form_question_evalens` WRITE;
/*!40000 ALTER TABLE `form_question_evalens` DISABLE KEYS */;
/*!40000 ALTER TABLE `form_question_evalens` ENABLE KEYS */;
UNLOCK TABLES;

--
-- Table structure for table `form_reponse_evalens`
--

DROP TABLE IF EXISTS `form_reponse_evalens`;
/*!40101 SET @saved_cs_client     = @@character_set_client */;
/*!50503 SET character_set_client = utf8mb4 */;
CREATE TABLE `form_reponse_evalens` (
  `formresp_id` int NOT NULL AUTO_INCREMENT,
  `formresp_libelle` varchar(250) NOT NULL,
  `formresp_idquestion` int NOT NULL,
  `formresp_idtypereponse` int NOT NULL,
  PRIMARY KEY (`formresp_id`),
  KEY `FK_RESP_QUEST_EVALENS` (`formresp_idquestion`),
  KEY `FK_RESP_TYPE_EVALENS` (`formresp_idtypereponse`),
  CONSTRAINT `FK_RESP_QUEST_EVALENS` FOREIGN KEY (`formresp_idquestion`) REFERENCES `form_question_evalens` (`formquest_id`),
  CONSTRAINT `FK_RESP_TYPE_EVALENS` FOREIGN KEY (`formresp_idtypereponse`) REFERENCES `form_typereponse_evalens` (`typresp_id`)
) ENGINE=InnoDB DEFAULT CHARSET=latin1;
/*!40101 SET character_set_client = @saved_cs_client */;

--
-- Dumping data for table `form_reponse_evalens`
--

LOCK TABLES `form_reponse_evalens` WRITE;
/*!40000 ALTER TABLE `form_reponse_evalens` DISABLE KEYS */;
/*!40000 ALTER TABLE `form_reponse_evalens` ENABLE KEYS */;
UNLOCK TABLES;

--
-- Table structure for table `form_section_evalens`
--

DROP TABLE IF EXISTS `form_section_evalens`;
/*!40101 SET @saved_cs_client     = @@character_set_client */;
/*!50503 SET character_set_client = utf8mb4 */;
CREATE TABLE `form_section_evalens` (
  `formsect_id` int NOT NULL AUTO_INCREMENT,
  `formsect_titre` varchar(250) NOT NULL,
  `formsect_actif` bit(1) DEFAULT b'0',
  `formsect_idform` int NOT NULL,
  PRIMARY KEY (`formsect_id`),
  KEY `FK_SECT_FORM_EVALENS` (`formsect_idform`),
  CONSTRAINT `FK_SECT_FORM_EVALENS` FOREIGN KEY (`formsect_idform`) REFERENCES `form_evalens` (`formeval_id`)
) ENGINE=InnoDB DEFAULT CHARSET=latin1;
/*!40101 SET character_set_client = @saved_cs_client */;

--
-- Dumping data for table `form_section_evalens`
--

LOCK TABLES `form_section_evalens` WRITE;
/*!40000 ALTER TABLE `form_section_evalens` DISABLE KEYS */;
/*!40000 ALTER TABLE `form_section_evalens` ENABLE KEYS */;
UNLOCK TABLES;

--
-- Table structure for table `form_typequestion_evalens`
--

DROP TABLE IF EXISTS `form_typequestion_evalens`;
/*!40101 SET @saved_cs_client     = @@character_set_client */;
/*!50503 SET character_set_client = utf8mb4 */;
CREATE TABLE `form_typequestion_evalens` (
  `typquest_id` int NOT NULL AUTO_INCREMENT,
  `typquest_libelle` varchar(100) NOT NULL,
  PRIMARY KEY (`typquest_id`)
) ENGINE=InnoDB AUTO_INCREMENT=4 DEFAULT CHARSET=latin1;
/*!40101 SET character_set_client = @saved_cs_client */;

--
-- Dumping data for table `form_typequestion_evalens`
--

LOCK TABLES `form_typequestion_evalens` WRITE;
/*!40000 ALTER TABLE `form_typequestion_evalens` DISABLE KEYS */;
INSERT INTO `form_typequestion_evalens` VALUES (1,'Question ouverte'),(2,'Choix multiple'),(3,'Choix unique');
/*!40000 ALTER TABLE `form_typequestion_evalens` ENABLE KEYS */;
UNLOCK TABLES;

--
-- Table structure for table `form_typereponse_evalens`
--

DROP TABLE IF EXISTS `form_typereponse_evalens`;
/*!40101 SET @saved_cs_client     = @@character_set_client */;
/*!50503 SET character_set_client = utf8mb4 */;
CREATE TABLE `form_typereponse_evalens` (
  `typresp_id` int NOT NULL AUTO_INCREMENT,
  `typresp_libelle` varchar(100) NOT NULL,
  PRIMARY KEY (`typresp_id`)
) ENGINE=InnoDB AUTO_INCREMENT=4 DEFAULT CHARSET=latin1;
/*!40101 SET character_set_client = @saved_cs_client */;

--
-- Dumping data for table `form_typereponse_evalens`
--

LOCK TABLES `form_typereponse_evalens` WRITE;
/*!40000 ALTER TABLE `form_typereponse_evalens` DISABLE KEYS */;
INSERT INTO `form_typereponse_evalens` VALUES (1,'Question ouverte'),(2,'Choix multiple'),(3,'Choix unique');
/*!40000 ALTER TABLE `form_typereponse_evalens` ENABLE KEYS */;
UNLOCK TABLES;

--
-- Table structure for table `integrer`
--

DROP TABLE IF EXISTS `integrer`;
/*!40101 SET @saved_cs_client     = @@character_set_client */;
/*!50503 SET character_set_client = utf8mb4 */;
CREATE TABLE `integrer` (
  `etu_id` int NOT NULL,
  `pf_id` int NOT NULL,
  `integ_date` date DEFAULT NULL,
  PRIMARY KEY (`etu_id`,`pf_id`),
  KEY `FK_INT_PF` (`pf_id`),
  CONSTRAINT `FK_INT_ETU` FOREIGN KEY (`etu_id`) REFERENCES `etudiant` (`etu_id`),
  CONSTRAINT `FK_INT_PF` FOREIGN KEY (`pf_id`) REFERENCES `periodeformation` (`pf_id`)
) ENGINE=InnoDB DEFAULT CHARSET=latin1;
/*!40101 SET character_set_client = @saved_cs_client */;

--
-- Dumping data for table `integrer`
--

LOCK TABLES `integrer` WRITE;
/*!40000 ALTER TABLE `integrer` DISABLE KEYS */;
INSERT INTO `integrer` VALUES (1,1,NULL),(2,1,NULL),(3,1,NULL),(4,1,NULL),(5,1,NULL),(6,1,NULL),(7,1,NULL),(8,1,NULL),(9,1,NULL),(10,1,NULL),(11,1,NULL),(12,1,NULL),(13,1,NULL),(14,1,NULL),(15,1,NULL),(16,1,NULL),(17,1,NULL),(18,1,NULL),(19,1,NULL),(20,1,NULL),(21,1,NULL),(22,1,NULL),(23,1,NULL),(24,1,NULL),(25,1,NULL),(26,1,NULL),(27,1,NULL),(28,1,NULL),(29,1,NULL),(30,1,NULL),(31,2,NULL),(32,2,NULL),(33,2,NULL),(34,2,NULL),(35,2,NULL),(36,2,NULL),(37,2,NULL),(38,2,NULL),(39,2,NULL),(40,4,NULL),(47,8,NULL),(47,18,NULL),(48,8,NULL),(48,18,NULL),(49,8,NULL),(49,18,NULL),(50,8,NULL),(50,18,NULL),(51,8,NULL),(51,18,NULL),(52,8,NULL),(52,18,NULL),(53,8,NULL),(53,18,NULL),(54,8,NULL),(54,18,NULL),(55,8,NULL),(55,18,NULL),(56,8,NULL),(56,18,NULL),(57,8,NULL),(57,18,NULL),(58,8,NULL),(58,18,NULL),(59,8,NULL),(59,18,NULL),(60,8,NULL),(60,18,NULL),(61,8,NULL),(61,18,NULL),(62,8,NULL),(62,18,NULL),(63,8,NULL),(63,18,NULL),(64,8,NULL),(64,18,NULL),(65,8,NULL),(65,18,NULL),(66,8,NULL),(66,18,NULL),(67,8,NULL),(67,18,NULL),(68,8,NULL),(68,18,NULL),(69,8,NULL),(69,18,NULL),(70,8,NULL),(70,18,NULL),(71,8,NULL),(71,18,NULL),(72,8,NULL),(72,18,NULL),(72,37,NULL),(73,8,NULL),(73,18,NULL),(74,8,NULL),(74,18,NULL),(75,8,NULL),(75,18,NULL),(76,8,NULL),(76,18,NULL),(77,8,NULL),(77,18,NULL),(78,8,NULL),(78,18,NULL),(79,8,NULL),(79,18,NULL),(80,8,NULL),(80,18,NULL),(81,8,NULL),(81,18,NULL),(82,8,NULL),(82,18,NULL),(83,7,NULL),(83,17,NULL),(84,7,NULL),(84,17,NULL),(85,7,NULL),(85,17,NULL),(86,7,NULL),(86,17,NULL),(87,7,NULL),(87,17,NULL),(88,7,NULL),(88,17,NULL),(89,7,NULL),(89,17,NULL),(90,7,NULL),(90,17,NULL),(91,7,NULL),(91,17,NULL),(92,7,NULL),(92,17,NULL),(93,7,NULL),(93,17,NULL),(94,7,NULL),(94,17,NULL),(95,7,NULL),(95,17,NULL),(96,7,NULL),(96,17,NULL),(97,7,NULL),(97,17,NULL),(98,7,NULL),(98,17,NULL),(99,7,NULL),(99,17,NULL),(100,7,NULL),(100,17,NULL),(101,7,NULL),(101,17,NULL),(102,7,NULL),(102,17,NULL),(103,7,NULL),(103,17,NULL),(104,7,NULL),(104,17,NULL),(105,7,NULL),(105,17,NULL),(106,7,NULL),(106,17,NULL),(107,7,NULL),(107,17,NULL),(108,7,NULL),(108,17,NULL),(109,7,NULL),(109,17,NULL),(110,7,NULL),(110,17,NULL),(111,7,NULL),(111,17,NULL),(112,7,NULL),(112,17,NULL),(113,6,NULL),(113,16,NULL),(114,6,NULL),(114,16,NULL),(115,6,NULL),(115,16,NULL),(116,6,NULL),(116,16,NULL),(117,6,NULL),(117,16,NULL),(118,6,NULL),(118,16,NULL),(119,6,NULL),(119,16,NULL),(120,6,NULL),(120,16,NULL),(121,6,NULL),(121,16,NULL),(122,6,NULL),(122,16,NULL),(123,6,NULL),(123,16,NULL),(124,6,NULL),(124,16,NULL),(125,6,NULL),(125,16,NULL),(126,6,NULL),(126,16,NULL),(127,6,NULL),(127,16,NULL),(128,6,NULL),(128,16,NULL),(129,6,NULL),(129,16,NULL),(130,6,NULL),(130,16,NULL),(131,6,NULL),(131,16,NULL),(132,6,NULL),(132,16,NULL),(133,6,NULL),(133,16,NULL),(134,6,NULL),(134,16,NULL),(135,6,NULL),(135,16,NULL),(136,6,NULL),(136,16,NULL),(137,6,NULL),(137,16,NULL),(138,6,NULL),(138,16,NULL),(139,6,NULL),(139,16,NULL),(140,6,NULL),(140,16,NULL),(141,6,NULL),(141,16,NULL),(142,6,NULL),(142,16,NULL),(143,6,NULL),(143,16,NULL),(144,6,NULL),(144,16,NULL),(145,6,NULL),(145,16,NULL),(146,6,NULL),(146,16,NULL),(147,6,NULL),(147,16,NULL),(148,6,NULL),(148,16,NULL),(149,6,NULL),(149,16,NULL),(150,6,NULL),(150,16,NULL),(151,6,NULL),(151,16,NULL),(152,6,NULL),(152,16,NULL),(153,6,NULL),(153,16,NULL),(154,6,NULL),(154,16,NULL),(155,6,NULL),(155,16,NULL),(156,6,NULL),(156,16,NULL),(157,6,NULL),(157,16,NULL),(158,6,NULL),(158,16,NULL),(159,6,NULL),(159,16,NULL),(160,6,NULL),(160,16,NULL),(161,6,NULL),(161,16,NULL),(162,5,NULL),(162,15,NULL),(163,5,NULL),(163,15,NULL),(164,5,NULL),(164,15,NULL),(165,5,NULL),(165,15,NULL),(166,5,NULL),(166,15,NULL),(167,5,NULL),(167,15,NULL),(168,5,NULL),(168,15,NULL),(169,5,NULL),(169,15,NULL),(170,5,NULL),(170,15,NULL),(171,5,NULL),(171,15,NULL),(172,5,NULL),(172,15,NULL),(173,5,NULL),(173,15,NULL),(174,5,NULL),(174,15,NULL),(175,5,NULL),(175,15,NULL),(176,5,NULL),(176,15,NULL),(177,5,NULL),(177,15,NULL),(178,5,NULL),(178,15,NULL),(179,5,NULL),(179,15,NULL),(180,5,NULL),(180,15,NULL),(181,5,NULL),(181,15,NULL),(182,5,NULL),(182,15,NULL),(183,5,NULL),(183,15,NULL),(184,5,NULL),(184,15,NULL),(185,5,NULL),(185,15,NULL),(186,5,NULL),(186,15,NULL),(187,5,NULL),(187,15,NULL),(188,5,NULL),(188,15,NULL),(189,5,NULL),(189,15,NULL),(190,5,NULL),(190,15,NULL),(191,5,NULL),(191,15,NULL),(192,5,NULL),(192,15,NULL),(193,5,NULL),(193,15,NULL),(194,5,NULL),(194,15,NULL),(195,5,NULL),(195,15,NULL),(196,5,NULL),(196,15,NULL),(197,5,NULL),(197,15,NULL),(198,5,NULL),(198,15,NULL),(199,5,NULL),(199,15,NULL),(200,5,NULL),(200,15,NULL),(201,5,NULL),(201,15,NULL),(202,5,NULL),(202,15,NULL),(203,5,NULL),(203,15,NULL),(204,5,NULL),(204,15,NULL),(205,5,NULL),(205,15,NULL),(206,5,NULL),(206,15,NULL),(207,5,NULL),(207,15,NULL),(208,5,NULL),(208,15,NULL),(209,5,NULL),(209,15,NULL),(210,5,NULL),(210,15,NULL),(211,5,NULL),(211,15,NULL),(212,5,NULL),(212,15,NULL),(213,5,NULL),(213,15,NULL),(214,4,NULL),(215,4,NULL),(216,4,NULL),(217,4,NULL),(218,4,NULL),(219,4,NULL),(220,4,NULL),(221,4,NULL),(222,4,NULL),(223,4,NULL),(224,4,NULL),(225,4,NULL),(226,4,NULL),(227,4,NULL),(228,4,NULL),(229,4,NULL),(230,4,NULL),(231,4,NULL),(232,4,NULL),(233,4,NULL),(234,4,NULL),(235,4,NULL),(236,4,NULL),(237,4,NULL),(238,4,NULL),(239,4,NULL),(240,4,NULL),(241,4,NULL),(242,4,NULL),(243,4,NULL),(244,4,NULL),(245,4,NULL),(246,4,NULL),(247,4,NULL),(248,4,NULL),(249,4,NULL),(250,4,NULL),(251,4,NULL),(252,4,NULL),(253,4,NULL),(254,4,NULL),(255,4,NULL),(256,10,NULL),(257,10,NULL),(258,10,NULL),(259,10,NULL),(260,10,NULL),(261,10,NULL),(262,10,NULL),(263,10,NULL),(264,10,NULL),(265,10,NULL),(266,10,NULL),(267,10,NULL),(268,10,NULL),(269,12,NULL),(270,12,NULL),(271,12,NULL),(272,12,NULL),(273,12,NULL),(274,12,NULL),(275,12,NULL),(276,11,NULL),(277,11,NULL),(278,11,NULL),(279,11,NULL),(280,11,NULL),(281,11,NULL),(282,11,NULL),(283,11,NULL),(284,11,NULL),(285,11,NULL),(286,11,NULL),(287,11,NULL),(288,13,NULL),(289,13,NULL),(290,13,NULL),(291,13,NULL),(292,13,NULL),(293,13,NULL),(294,13,NULL),(295,13,NULL),(296,13,NULL),(297,13,NULL),(298,13,NULL),(299,13,NULL),(300,13,NULL),(301,13,NULL),(302,13,NULL),(303,13,NULL),(304,13,NULL),(305,13,NULL),(306,13,NULL),(307,13,NULL),(308,13,NULL),(309,13,NULL),(310,13,NULL),(311,13,NULL),(312,13,NULL),(313,13,NULL),(314,13,NULL),(315,13,NULL),(316,13,NULL),(317,13,NULL),(318,14,NULL),(319,14,NULL),(320,14,NULL),(321,14,NULL),(322,14,NULL),(323,14,NULL),(324,14,NULL),(325,14,NULL),(326,20,NULL),(327,20,NULL),(328,20,NULL),(329,20,NULL),(330,20,NULL),(331,20,NULL),(332,20,NULL),(333,20,NULL),(334,20,NULL),(335,20,NULL),(336,20,NULL),(337,20,NULL),(340,23,NULL),(341,24,NULL),(342,24,NULL),(343,24,NULL),(344,24,NULL),(345,24,NULL),(346,24,NULL),(347,24,NULL),(348,24,NULL),(349,24,NULL),(350,24,NULL),(351,25,NULL),(351,33,NULL),(352,25,NULL),(352,33,NULL),(353,25,NULL),(353,33,NULL),(354,25,NULL),(354,33,NULL),(355,25,NULL),(355,33,NULL),(356,25,NULL),(356,33,NULL),(357,25,NULL),(357,33,NULL),(358,25,NULL),(358,33,NULL),(359,25,NULL),(359,33,NULL),(360,25,NULL),(360,33,NULL),(361,25,NULL),(361,33,NULL),(362,25,NULL),(362,33,NULL),(363,25,NULL),(363,33,NULL),(365,25,NULL),(365,33,NULL),(366,25,NULL),(366,33,NULL),(367,25,NULL),(367,33,NULL),(368,25,NULL),(368,33,NULL),(369,25,NULL),(369,33,NULL),(370,25,NULL),(370,33,NULL),(371,25,NULL),(371,33,NULL),(372,25,NULL),(372,33,NULL),(373,25,NULL),(373,33,NULL),(374,25,NULL),(374,33,NULL),(375,25,NULL),(375,33,NULL),(376,29,NULL),(377,29,NULL),(378,29,NULL),(379,29,NULL),(380,29,NULL),(381,30,NULL),(382,30,NULL),(383,30,NULL),(384,31,NULL),(385,31,NULL),(386,31,NULL),(387,31,NULL),(388,31,NULL),(389,31,NULL),(391,34,NULL),(392,34,NULL),(393,34,NULL),(394,34,NULL),(395,34,NULL),(396,34,NULL),(397,34,NULL),(398,34,NULL),(399,34,NULL),(400,34,NULL),(401,34,NULL),(402,34,NULL),(403,34,NULL),(404,34,NULL),(405,34,NULL),(406,34,NULL),(407,34,NULL),(408,34,NULL),(409,34,NULL),(410,34,NULL),(411,34,NULL),(412,34,NULL),(413,34,NULL),(414,34,NULL),(415,34,NULL),(416,34,NULL),(417,34,NULL),(418,34,NULL),(419,34,NULL),(420,34,NULL),(421,34,NULL),(422,34,NULL),(423,34,NULL),(424,34,NULL),(425,34,NULL),(426,34,NULL),(427,34,NULL),(428,34,NULL),(429,34,NULL),(430,34,NULL),(431,34,NULL),(432,34,NULL),(433,34,NULL),(434,34,NULL),(435,34,NULL),(436,34,NULL),(437,34,NULL),(438,34,NULL),(439,34,NULL),(440,34,NULL),(441,36,NULL),(442,36,NULL),(442,42,NULL),(444,37,NULL),(445,37,NULL),(446,37,NULL),(447,37,NULL),(449,37,NULL),(450,37,NULL),(451,37,NULL),(452,37,NULL),(453,37,NULL),(454,37,NULL),(455,37,NULL),(457,37,NULL),(458,37,NULL),(459,37,NULL),(460,37,NULL),(461,37,NULL),(462,37,NULL),(463,37,NULL),(464,37,NULL),(465,38,NULL),(466,38,NULL),(467,38,NULL),(468,38,NULL),(469,38,NULL),(470,38,NULL),(471,38,NULL),(472,38,NULL),(473,39,NULL),(474,40,NULL),(475,41,NULL),(476,41,NULL),(477,41,NULL),(478,41,NULL),(479,41,NULL),(480,41,NULL),(481,41,NULL),(482,41,NULL),(483,41,NULL),(484,41,NULL),(485,43,NULL),(486,43,NULL),(487,43,NULL),(488,43,NULL),(489,44,NULL),(490,44,NULL),(491,44,NULL),(492,44,NULL),(493,44,NULL),(494,44,NULL),(495,45,NULL),(496,46,NULL),(497,46,NULL),(498,46,NULL),(499,46,NULL),(500,46,NULL),(501,46,NULL),(502,46,NULL),(503,47,NULL),(504,47,NULL),(505,47,NULL),(506,47,NULL),(507,47,NULL),(508,47,NULL),(509,47,NULL),(510,47,NULL),(511,47,NULL),(512,47,NULL),(513,47,NULL),(514,47,NULL),(515,47,NULL),(516,47,NULL),(517,47,NULL),(518,47,NULL);
/*!40000 ALTER TABLE `integrer` ENABLE KEYS */;
UNLOCK TABLES;

--
-- Table structure for table `intervenant`
--

DROP TABLE IF EXISTS `intervenant`;
/*!40101 SET @saved_cs_client     = @@character_set_client */;
/*!50503 SET character_set_client = utf8mb4 */;
CREATE TABLE `intervenant` (
  `int_id` int NOT NULL AUTO_INCREMENT,
  `pers_id` int NOT NULL,
  PRIMARY KEY (`int_id`),
  KEY `FK_INT_PERS` (`pers_id`),
  CONSTRAINT `FK_INT_PERS` FOREIGN KEY (`pers_id`) REFERENCES `personne` (`pers_id`)
) ENGINE=InnoDB AUTO_INCREMENT=25 DEFAULT CHARSET=utf8mb3 COMMENT='Table contenant les étudiants';
/*!40101 SET character_set_client = @saved_cs_client */;

--
-- Dumping data for table `intervenant`
--

LOCK TABLES `intervenant` WRITE;
/*!40000 ALTER TABLE `intervenant` DISABLE KEYS */;
INSERT INTO `intervenant` VALUES (13,1),(2,2),(3,3),(4,4),(14,47),(12,49),(5,51),(6,304),(7,305),(8,306),(9,307),(10,338),(11,363),(17,402),(15,403),(16,404),(18,421),(19,422),(20,423),(21,424),(22,425),(23,426),(24,478);
/*!40000 ALTER TABLE `intervenant` ENABLE KEYS */;
UNLOCK TABLES;

--
-- Table structure for table `memoire`
--

DROP TABLE IF EXISTS `memoire`;
/*!40101 SET @saved_cs_client     = @@character_set_client */;
/*!50503 SET character_set_client = utf8mb4 */;
CREATE TABLE `memoire` (
  `mem_id` int NOT NULL AUTO_INCREMENT,
  `mem_titre` text,
  `mem_contenu` longtext,
  `tut_id` int DEFAULT NULL,
  `etu_id` int NOT NULL,
  `statm_id` int NOT NULL,
  PRIMARY KEY (`mem_id`),
  KEY `FK_MEM_ETUDIANT` (`etu_id`),
  KEY `FK_MEM_TUTEUR` (`tut_id`),
  KEY `FK_MEM_STATUTM` (`statm_id`),
  CONSTRAINT `FK_MEM_ETUDIANT` FOREIGN KEY (`etu_id`) REFERENCES `etudiant` (`etu_id`),
  CONSTRAINT `FK_MEM_STATUTM` FOREIGN KEY (`statm_id`) REFERENCES `statutmemoire` (`statm_id`),
  CONSTRAINT `FK_MEM_TUTEUR` FOREIGN KEY (`tut_id`) REFERENCES `tuteur` (`tut_id`)
) ENGINE=InnoDB DEFAULT CHARSET=latin1;
/*!40101 SET character_set_client = @saved_cs_client */;

--
-- Dumping data for table `memoire`
--

LOCK TABLES `memoire` WRITE;
/*!40000 ALTER TABLE `memoire` DISABLE KEYS */;
/*!40000 ALTER TABLE `memoire` ENABLE KEYS */;
UNLOCK TABLES;

--
-- Table structure for table `module`
--

DROP TABLE IF EXISTS `module`;
/*!40101 SET @saved_cs_client     = @@character_set_client */;
/*!50503 SET character_set_client = utf8mb4 */;
CREATE TABLE `module` (
  `mod_id` int NOT NULL AUTO_INCREMENT,
  `mod_libelle` varchar(200) NOT NULL,
  `mod_code` varchar(20) DEFAULT NULL,
  `mod_details` text,
  `mod_duree` int NOT NULL,
  `unit_id` int DEFAULT NULL,
  PRIMARY KEY (`mod_id`),
  KEY `FK_MOD_UNIT` (`unit_id`),
  CONSTRAINT `FK_MOD_UNIT` FOREIGN KEY (`unit_id`) REFERENCES `uniteenseignement` (`unit_id`)
) ENGINE=InnoDB AUTO_INCREMENT=129 DEFAULT CHARSET=utf8mb3 COMMENT='Table contenant les modules de la formation';
/*!40101 SET character_set_client = @saved_cs_client */;

--
-- Dumping data for table `module`
--

LOCK TABLES `module` WRITE;
/*!40000 ALTER TABLE `module` DISABLE KEYS */;
INSERT INTO `module` VALUES (1,'Langage SQL niveau 1',NULL,NULL,35,NULL),(2,'Langage SQL niveau 2',NULL,NULL,35,NULL),(3,'Langage SQL niveau 3',NULL,NULL,35,NULL),(4,'MySQL',NULL,NULL,35,NULL),(5,'Techniques du Web Niveau 1',NULL,NULL,35,NULL),(6,'Responsive Web Design',NULL,NULL,7,NULL),(7,'Javascript',NULL,NULL,35,NULL),(8,'Javascript XML',NULL,NULL,35,NULL),(9,'PHP',NULL,NULL,35,NULL),(10,'Angular',NULL,NULL,35,NULL),(11,'Symfony 2',NULL,NULL,35,NULL),(12,'Recherche Opérationnelle',NULL,'',0,35),(15,'Conception SQL sous SQL Server',NULL,'L\'objectif de ce module est d\'amener les apprenants à maîtriser la conception de bases de données sous SQL Server à l\'aide du lange SQL.\r\nPour cela, ils apprendront à manipuler les bases de données, les tables, les attributs de tables, les contraintes d\'intégrité, les index et les types de données.',0,24),(16,'Exploitation SQL sous SQL Server',NULL,'Ce module a pour objectif d\'amener les étudiants à se familiariser avec la manipulation des données dans une base de données.\r\nIl verront donc les instructions pour ajouter, modifier ou supprimer des données ainsi que les instructions pour consulter, rechercher, trier, filtrer les données sur une ou plusieurs tables.',0,24),(17,'HTML5 / CSS3',NULL,'',0,22),(18,'PHP et MySQL',NULL,'',0,22),(20,'Administration sous SQL Server',NULL,'',0,16),(21,'Conception et Exploitation BDD Oracle',NULL,'',0,NULL),(22,'Administration BDD sous Oracle',NULL,'',0,NULL),(23,'HTML / CSS / Javascript',NULL,'',0,NULL),(25,'Suites et Séries Numériques',NULL,'',0,35),(26,'Bases de données, SQL Fondamentaux',NULL,'',0,NULL),(27,'HTML5, CSS3, Javascript',NULL,'',0,NULL),(28,'Techniques de veille informatique',NULL,'Ce module présente les techniques de mise en place d\'une veille technologique, les outils de veille informative et l\'utilisation et suivi des sujets choisis.',0,NULL),(29,'Workshop 1 : Hackhaton IBM',NULL,'Semaine de workshop basée sur la technologie de BlockChain d\'IBM',0,53),(30,'Développement Web sous AngularJS',NULL,'Module remplacé par un module de PHP / MySQL',0,NULL),(31,'Développement Professionnel : Portefeuille de compétences',NULL,'',0,52),(32,'Modélisation Décisionnelle (introduction)',NULL,'',0,34),(33,'Apprentissage et Réseaux neuronaux (Bases)',NULL,'',0,32),(34,'Systèmes Embarqués',NULL,'',0,33),(35,'Web Services',NULL,'',0,33),(36,'Outils de chiffrement',NULL,'',0,29),(37,'Systèmes de sauvegarde',NULL,'',0,29),(38,'Conception SQL','SQL_010','Comprendre l\'organisation et le fonctionnement d’un SGBDR. \nInterroger la base et son catalogue. Créer une base et des tables. \nInsérer et modifier des données dans la base. \nCréer des contraintes d’intégrité à la création d’une table',0,NULL),(39,'Exploitation SQL','SQL_020','Définir et utiliser des jointures de tables Définir et utiliser des requêtes dynamiques. \nDéfinir et utiliser des curseurs. \nCréer des vues, des index. \nAccès utilisateur, partage de données. \nUtiliser SQL dans un langage de haut niveau',0,NULL),(40,'Développement SQL','SQL_031','Créer et modifier des procédures stockées, des fonctions, des triggers.\nAjouter des contraintes d’intégrité à des tables \nAppeler une procédure',0,NULL),(41,'HTML / CSS','TWB_021','Technique Web : Réaliser un site Web adaptatif  à destination des téléphones, tablettes et ordinateurs avec la technologie HTML5/CSS3.',0,NULL),(42,'Javascript','JVS_010','Fabriquer des programmes en JavaScript les intégrer dans des pages Web.',0,NULL),(43,'Ajax et XML','JVS_022','Comprendre le modèle AJAX, charger un document XML dans un objet javascript.\nXML – AJAX – Jquery – JSON\n',0,NULL),(44,'Language PHP',NULL,'',0,NULL),(45,'Modélisation Merise','MDW_120','Analyser les données d’un SI et en concevoir la base de données avec la méthode Merise.\r\nRéaliser un modèle conceptuel de données et un modèle logique de données.\r\nLire un MCD et en déduire les règles de gestion de l’entreprise.\r\nComprendre et concevoir un Modèle Externe de Données et valider le MCD par les MED\r\nSavoir optimiser un MLD\r\nSavoir dégrader la base',0,NULL),(46,'Modélisation UML','MDD_111','À partir de l’étude du monde réel, penser et concevoir en classes d’objets.\r\nFormaliser une analyse de SI par objets avec la méthode UML.\r\nPrincipes des design patterns',0,NULL),(47,'Langage Java',NULL,'',0,NULL),(48,'MySQL','MSQ_010','Accéder et developper sur une Base MySql',0,NULL),(49,'Algorithmie et POO',NULL,'',0,NULL),(50,'Développement d\'applications Java Android',NULL,'Comprendre le développement d\'une application Java pour Android',0,NULL),(51,'Administration de Serveur WEB',NULL,'',0,NULL),(52,'Administration de Serveur Java / TOMCAT',NULL,'',0,NULL),(53,'Introduction Oracle 11g / 12c',NULL,'',0,NULL),(54,'Introduction SQL Serveur 2012',NULL,'',0,NULL),(55,'P.P.E.',NULL,'Module dédié aux BTS',0,NULL),(59,'Conception et exploitation sous Oracle',NULL,'',0,3),(60,'Administration de base de données sous Oracle',NULL,'',0,3),(61,'BTS Blanc 1',NULL,'',0,19),(66,'Administration SQL Serveur',NULL,'',20,NULL),(67,'Développement Mobile sous Android',NULL,'',40,NULL),(68,'Algorithmie','ALG_001','Décomposer un problème en sous-problèmes, passer de la conception algorithmique à un langage de programmation.',0,NULL),(69,'POO : Programmation Objet','MDD_060','Les principes de la programmation Objet.',0,NULL),(70,'Algorithmie et Java','JVA_210','Traduire un algorithme en langage Java.',0,NULL),(71,'Langage Java : Les bases et la POO','JVA_220','Comprendre un diagramme de classe et le traduire en langage Java.',0,NULL),(72,'Langage Java : Les bases de données','JVA_230','Stocker des données en Java, utiliser le modèle MVD et le SQL.',0,NULL),(73,'Langage Java : Les IHM et SWING','JVA_240','Concevoir des interfaces utilisateurs et des applications SWING.',0,NULL),(74,'Langage Java : Manipuler les fichiers PDF','JVA_250','Concevoir et réaliser des maquettes de rapports générés en PDF.',0,NULL),(75,'Langage Java : Les tests','JVA_260','Planifier et réaliser des tests d\'application. Evaluer les faiblesse et les points forts des solutions proposées.',0,NULL),(76,'Algèbre booléen','MAT_130','Comprendre et utiliser les principales combinaisons logiques de l\'algèbre booléen dans le développement d\'applications.',0,NULL),(77,'Architecture Logicielle','MDD_050','Répartir les traitements et architecturer une application Client / Serveur en couches indépendantes et réutilisables dans une architecture SOA.',0,NULL),(78,'ryrtyr','','',20,NULL),(79,'Conception SQL sous Oracle','SQLORCL001','',7,NULL),(80,'Exploitation SQL sous Oracle','SQLORCL002','',7,NULL),(81,'Développement PL/SQL sous Oracle','SQLORCL003','',7,NULL),(82,'Conception SQL sous SQL Server','SQLSRV001','',7,NULL),(83,'Exploitation SQL sous SQL Server','SQLSRV002','',7,NULL),(84,'Développement Transact-SQL sous SQL Server','SQLSRV003','',7,NULL),(85,'JAVA : Principes et installation','JAVA001','',0,NULL),(86,'JAVA : Les fondamentaux','JAVA002','',0,NULL),(87,'JAVA : La programmation Orientée Objets','JAVA003','',0,NULL),(88,'JAVA : Les flux','JAVA004','',0,NULL),(89,'JAVA : Les bases de données','JAVA005','',0,NULL),(90,'JAVA : Les IHM avec Swing','JAVA006','',0,NULL),(91,'PHP','PHP_012','',35,NULL),(92,'Symfony2','PHP_030','',20,NULL),(93,'Angular','ANG_010','',20,NULL),(94,'Outils de développement de programmes visuels','MDD_042','',20,NULL),(95,'Sécurité logicielle','','',20,NULL),(96,'Java - Déploiement','JVA_350','',20,NULL),(97,'Java - Front Office','JVA_330','',20,NULL),(98,'SPRING ou JBOSS','JVA_310','',20,NULL),(99,'Cours Métier CGI','CGI','',70,NULL),(100,'Méthodologies Devops','MDW_290','',20,NULL),(101,'Préparation TOEIC','LAN_060','',20,NULL),(102,'Java Back Office','JVA_320','',20,NULL),(103,'Préparation Dossier professionnel','ACC_010','',20,NULL),(104,'Android','PRM_020','',20,NULL),(105,'Méthodes Agiles SCRUM Master','MDW_210','',20,NULL),(106,'Projet JAVA','MESI_010','',20,NULL),(107,'Base de données','BDD001','',24,NULL),(108,'Scripting','SCRIPT1','',32,NULL),(109,'Les bases du développement Web','WEBDEV001','',35,NULL),(110,'SQL','SQL00001','Révision SQL, jointures, sous-requêtes',0,NULL),(111,'PHP - POO - MVC','PHP00001','Initiation à la programmation Objet en PHP\r\nImplémentation du modèle MVC',0,NULL),(112,'Javascript - JQuery - AJAX','JS00001','Révision et remise à niveau Javascript - JQuery - AJAX',0,NULL),(113,'Développement PHP Débutant','PHP00001','Initiation PHP\r\nImplémentation de PHP et MySQL',21,NULL),(114,'Javascript fondamentaux','JVS0001','Les objectifs de cette formation résident dans l\'acquisition des connaissances afin d’obtenir \r\nles compétences pour : \r\n \r\n✓ Maîtriser la syntaxe du langage JavaScript  \r\n✓ Manipuler la structure DOM d\'une page HTML  \r\n✓ Gérer la programmation événementielle  \r\n✓ Interagir avec les feuilles de style CSS \r\n✓ Posséder des premières notions d’Ajax ',0,NULL),(115,'Les bases du développement Web','WEBDEV001','',35,NULL),(116,'PHP les bases','PHP001','',4,NULL),(117,'PHP Programmation Objet','PHP002','',4,NULL),(118,'PHP Les bases de données','PHP003','',4,NULL),(119,'PHP Le modèle MVC','PHP004','',4,NULL),(120,'Base de données relationnelles','BDD01','',18,NULL),(121,'Développement Web','DEVWEB01','',50,NULL),(122,'Généralités et bonnes pratiques','MAIF-BA1','',21,NULL),(123,'Principes de la programmation','MAIF-BA2','',14,NULL),(124,'Principes conception et modélisation','MAIF-BA3','',7,NULL),(125,'Les bases de données relationnelles','MAIF-BA4','',21,NULL),(126,'Langage SQL','MAIF-BA5','',21,NULL),(127,'Swagger - Open API','MAIF-BA6','',28,NULL),(128,'Interfaces UI et UX','MAIF-BA7','',14,NULL);
/*!40000 ALTER TABLE `module` ENABLE KEYS */;
UNLOCK TABLES;

--
-- Table structure for table `participer`
--

DROP TABLE IF EXISTS `participer`;
/*!40101 SET @saved_cs_client     = @@character_set_client */;
/*!50503 SET character_set_client = utf8mb4 */;
CREATE TABLE `participer` (
  `part_appreciation` text,
  `etu_id` int NOT NULL,
  `mod_id` int NOT NULL,
  PRIMARY KEY (`etu_id`,`mod_id`),
  KEY `FK_appreciation_mod_id` (`mod_id`),
  CONSTRAINT `FK_appreciation_etu_id` FOREIGN KEY (`etu_id`) REFERENCES `etudiant` (`etu_id`),
  CONSTRAINT `FK_appreciation_mod_id` FOREIGN KEY (`mod_id`) REFERENCES `module` (`mod_id`)
) ENGINE=InnoDB DEFAULT CHARSET=utf8mb3 COMMENT='Relation permettant aux intervenants de donner une appréciation globale de l''étudiant sur un module';
/*!40101 SET character_set_client = @saved_cs_client */;

--
-- Dumping data for table `participer`
--

LOCK TABLES `participer` WRITE;
/*!40000 ALTER TABLE `participer` DISABLE KEYS */;
INSERT INTO `participer` VALUES ('Bonne acquisition des notions de base.',1,1),('Enzo doit encore travailler les jointures et les requêtes complexes mais les acquis sont bon.',1,2),('Bonne acquisition, a travailler.',1,3),('Bonne acquisition des manipulation de base de MySQL.',1,4),('Les notions de base sont acquises, Enzo doit s\'exercer encore sur le Javascript.\r\n',1,5),(NULL,1,6),('Les techniques de manipulation de base du DOM sont comprise, il faut travailler encore l\'application à plus \"grande échelle\"',1,7),(NULL,1,8),('Les syntaxes et rudiments de base du langage sont acquis.\r\nLa pratique amènera à Enzo plus de logique et de performance dans l\'écriture de son code.',1,9),(NULL,1,10),(NULL,1,11),(NULL,1,28),(NULL,2,1),(NULL,2,2),(NULL,2,3),(NULL,2,4),(NULL,2,5),(NULL,2,6),(NULL,2,7),(NULL,2,8),(NULL,2,9),(NULL,2,10),(NULL,2,11),(NULL,2,28),(NULL,3,1),(NULL,3,2),(NULL,3,3),(NULL,3,4),(NULL,3,5),(NULL,3,6),(NULL,3,7),(NULL,3,8),(NULL,3,9),(NULL,3,10),(NULL,3,11),(NULL,3,28),(NULL,4,1),(NULL,4,2),(NULL,4,3),(NULL,4,4),(NULL,4,5),(NULL,4,6),(NULL,4,7),(NULL,4,8),(NULL,4,9),(NULL,4,10),(NULL,4,11),(NULL,4,28),(NULL,5,1),(NULL,5,2),(NULL,5,3),(NULL,5,4),(NULL,5,5),(NULL,5,6),(NULL,5,7),(NULL,5,8),(NULL,5,9),(NULL,5,10),(NULL,5,11),(NULL,5,28),(NULL,6,1),(NULL,6,2),(NULL,6,3),(NULL,6,4),(NULL,6,5),(NULL,6,6),(NULL,6,7),(NULL,6,8),(NULL,6,9),(NULL,6,10),(NULL,6,11),(NULL,6,28),(NULL,7,1),(NULL,7,2),(NULL,7,3),(NULL,7,4),(NULL,7,5),(NULL,7,6),(NULL,7,7),(NULL,7,8),(NULL,7,9),(NULL,7,10),(NULL,7,11),(NULL,7,28),(NULL,8,1),(NULL,8,2),(NULL,8,3),(NULL,8,4),(NULL,8,5),(NULL,8,6),(NULL,8,7),(NULL,8,8),(NULL,8,9),(NULL,8,10),(NULL,8,11),(NULL,8,28),(NULL,9,1),(NULL,9,2),(NULL,9,3),(NULL,9,4),(NULL,9,5),(NULL,9,6),(NULL,9,7),(NULL,9,8),(NULL,9,9),(NULL,9,10),(NULL,9,11),(NULL,9,28),(NULL,10,1),(NULL,10,2),(NULL,10,3),(NULL,10,4),(NULL,10,5),(NULL,10,6),(NULL,10,7),(NULL,10,8),(NULL,10,9),(NULL,10,10),(NULL,10,11),(NULL,10,28),(NULL,11,1),(NULL,11,2),(NULL,11,3),(NULL,11,4),(NULL,11,5),(NULL,11,6),(NULL,11,7),(NULL,11,8),(NULL,11,9),(NULL,11,10),(NULL,11,11),(NULL,11,28),(NULL,12,1),(NULL,12,2),(NULL,12,3),(NULL,12,4),(NULL,12,5),(NULL,12,6),(NULL,12,7),(NULL,12,8),(NULL,12,9),(NULL,12,10),(NULL,12,11),(NULL,12,28),(NULL,13,1),(NULL,13,2),(NULL,13,3),(NULL,13,4),(NULL,13,5),(NULL,13,6),(NULL,13,7),(NULL,13,8),(NULL,13,9),(NULL,13,10),(NULL,13,11),(NULL,13,28),(NULL,14,1),(NULL,14,2),(NULL,14,3),(NULL,14,4),(NULL,14,5),(NULL,14,6),(NULL,14,7),(NULL,14,8),(NULL,14,9),(NULL,14,10),(NULL,14,11),(NULL,14,28),(NULL,15,1),(NULL,15,2),(NULL,15,3),(NULL,15,4),(NULL,15,5),(NULL,15,6),(NULL,15,7),(NULL,15,8),(NULL,15,9),(NULL,15,10),(NULL,15,11),(NULL,15,28),(NULL,16,1),(NULL,16,2),(NULL,16,3),(NULL,16,4),(NULL,16,5),(NULL,16,6),(NULL,16,7),(NULL,16,8),(NULL,16,9),(NULL,16,10),(NULL,16,11),(NULL,16,28),(NULL,17,1),(NULL,17,2),(NULL,17,3),(NULL,17,4),(NULL,17,5),(NULL,17,6),(NULL,17,7),(NULL,17,8),(NULL,17,9),(NULL,17,10),(NULL,17,11),(NULL,17,28),(NULL,18,1),(NULL,18,2),(NULL,18,3),(NULL,18,4),(NULL,18,5),(NULL,18,6),(NULL,18,7),(NULL,18,8),(NULL,18,9),(NULL,18,10),(NULL,18,11),(NULL,18,28),(NULL,19,1),(NULL,19,2),(NULL,19,3),(NULL,19,4),(NULL,19,5),(NULL,19,6),(NULL,19,7),(NULL,19,8),(NULL,19,9),(NULL,19,10),(NULL,19,11),(NULL,19,28),(NULL,20,1),(NULL,20,2),(NULL,20,3),(NULL,20,4),(NULL,20,5),(NULL,20,6),(NULL,20,7),(NULL,20,8),(NULL,20,9),(NULL,20,10),(NULL,20,11),(NULL,20,28),(NULL,21,1),(NULL,21,2),(NULL,21,3),(NULL,21,4),(NULL,21,5),(NULL,21,6),(NULL,21,7),(NULL,21,8),(NULL,21,9),(NULL,21,10),(NULL,21,11),(NULL,21,28),(NULL,22,1),(NULL,22,2),(NULL,22,3),(NULL,22,4),(NULL,22,5),(NULL,22,6),(NULL,22,7),(NULL,22,8),(NULL,22,9),(NULL,22,10),(NULL,22,11),(NULL,22,28),(NULL,23,1),(NULL,23,2),(NULL,23,3),(NULL,23,4),(NULL,23,5),(NULL,23,6),(NULL,23,7),(NULL,23,8),(NULL,23,9),(NULL,23,10),(NULL,23,11),(NULL,23,28),(NULL,24,1),(NULL,24,2),(NULL,24,3),(NULL,24,4),(NULL,24,5),(NULL,24,6),(NULL,24,7),(NULL,24,8),(NULL,24,9),(NULL,24,10),(NULL,24,11),(NULL,24,28),(NULL,25,1),(NULL,25,2),(NULL,25,3),(NULL,25,4),(NULL,25,5),(NULL,25,6),(NULL,25,7),(NULL,25,8),(NULL,25,9),(NULL,25,10),(NULL,25,11),(NULL,25,28),(NULL,26,1),(NULL,26,2),(NULL,26,3),(NULL,26,4),(NULL,26,5),(NULL,26,6),(NULL,26,7),(NULL,26,8),(NULL,26,9),(NULL,26,10),(NULL,26,11),(NULL,26,28),(NULL,27,1),(NULL,27,2),(NULL,27,3),(NULL,27,4),(NULL,27,5),(NULL,27,6),(NULL,27,7),(NULL,27,8),(NULL,27,9),(NULL,27,10),(NULL,27,11),(NULL,27,28),(NULL,28,1),(NULL,28,2),(NULL,28,3),(NULL,28,4),(NULL,28,5),(NULL,28,6),(NULL,28,7),(NULL,28,8),(NULL,28,9),(NULL,28,10),(NULL,28,11),(NULL,28,28),(NULL,29,1),(NULL,29,2),(NULL,29,3),(NULL,29,4),(NULL,29,5),(NULL,29,6),(NULL,29,7),(NULL,29,8),(NULL,29,9),(NULL,29,10),(NULL,29,11),(NULL,29,28),(NULL,30,1),(NULL,30,2),(NULL,30,3),(NULL,30,4),(NULL,30,5),(NULL,30,6),(NULL,30,7),(NULL,30,8),(NULL,30,9),(NULL,30,10),(NULL,30,11),(NULL,30,28),(NULL,31,1),(NULL,31,2),(NULL,31,3),(NULL,31,4),(NULL,31,5),(NULL,31,6),(NULL,31,7),(NULL,31,8),(NULL,31,9),(NULL,31,10),(NULL,31,11),(NULL,32,1),(NULL,32,2),(NULL,32,3),(NULL,32,4),(NULL,32,5),(NULL,32,6),(NULL,32,7),(NULL,32,8),(NULL,32,9),(NULL,32,10),(NULL,32,11),(NULL,33,1),(NULL,33,2),(NULL,33,3),(NULL,33,4),(NULL,33,5),(NULL,33,6),(NULL,33,7),(NULL,33,8),(NULL,33,9),(NULL,33,10),(NULL,33,11),(NULL,34,1),(NULL,34,2),(NULL,34,3),(NULL,34,4),(NULL,34,5),(NULL,34,6),(NULL,34,7),(NULL,34,8),(NULL,34,9),(NULL,34,10),(NULL,34,11),(NULL,35,1),(NULL,35,2),(NULL,35,3),(NULL,35,4),(NULL,35,5),(NULL,35,6),(NULL,35,7),(NULL,35,8),(NULL,35,9),(NULL,35,10),(NULL,35,11),(NULL,36,1),(NULL,36,2),(NULL,36,3),(NULL,36,4),(NULL,36,5),(NULL,36,6),(NULL,36,7),(NULL,36,8),(NULL,36,9),(NULL,36,10),(NULL,36,11),(NULL,37,1),(NULL,37,2),(NULL,37,3),(NULL,37,4),(NULL,37,5),(NULL,37,6),(NULL,37,7),(NULL,37,8),(NULL,37,9),(NULL,37,10),(NULL,37,11),(NULL,38,1),(NULL,38,2),(NULL,38,3),(NULL,38,4),(NULL,38,5),(NULL,38,6),(NULL,38,7),(NULL,38,8),(NULL,38,9),(NULL,38,10),(NULL,38,11),(NULL,39,1),(NULL,39,2),(NULL,39,3),(NULL,39,4),(NULL,39,5),(NULL,39,6),(NULL,39,7),(NULL,39,8),(NULL,39,9),(NULL,39,10),(NULL,39,11),(NULL,47,15),(NULL,47,16),(NULL,47,17),(NULL,47,18),(NULL,48,15),(NULL,48,16),(NULL,48,17),(NULL,48,18),(NULL,49,15),(NULL,49,16),(NULL,49,17),(NULL,49,18),(NULL,50,15),(NULL,50,16),(NULL,50,17),(NULL,50,18),(NULL,51,15),(NULL,51,16),(NULL,51,17),(NULL,51,18),(NULL,52,15),(NULL,52,16),(NULL,52,17),(NULL,52,18),(NULL,53,15),(NULL,53,16),(NULL,53,17),(NULL,53,18),(NULL,54,15),(NULL,54,16),(NULL,54,17),(NULL,54,18),(NULL,55,15),(NULL,55,16),(NULL,55,17),(NULL,55,18),(NULL,56,15),(NULL,56,16),(NULL,56,17),(NULL,56,18),(NULL,57,15),(NULL,57,16),(NULL,57,17),(NULL,57,18),(NULL,58,15),(NULL,58,16),(NULL,58,17),(NULL,58,18),(NULL,59,15),(NULL,59,16),(NULL,59,17),(NULL,59,18),(NULL,60,15),(NULL,60,16),(NULL,60,17),(NULL,60,18),(NULL,61,15),(NULL,61,16),(NULL,61,17),(NULL,61,18),(NULL,62,15),(NULL,62,16),(NULL,62,17),(NULL,62,18),(NULL,63,15),(NULL,63,16),(NULL,63,17),(NULL,63,18),(NULL,64,15),(NULL,64,16),(NULL,64,17),(NULL,64,18),(NULL,65,15),(NULL,65,16),(NULL,65,17),(NULL,65,18),(NULL,66,15),(NULL,66,16),(NULL,66,17),(NULL,66,18),(NULL,67,15),(NULL,67,16),(NULL,67,17),(NULL,67,18),(NULL,68,15),(NULL,68,16),(NULL,68,17),(NULL,68,18),(NULL,69,15),(NULL,69,16),(NULL,69,17),(NULL,69,18),(NULL,70,15),(NULL,70,16),(NULL,70,17),(NULL,70,18),(NULL,71,15),(NULL,71,16),(NULL,71,17),(NULL,71,18),(NULL,72,15),(NULL,72,16),(NULL,72,17),(NULL,72,18),('',72,108),(NULL,73,15),(NULL,73,16),(NULL,73,17),(NULL,73,18),(NULL,74,15),(NULL,74,16),(NULL,74,17),(NULL,74,18),(NULL,75,15),(NULL,75,16),(NULL,75,17),(NULL,75,18),(NULL,76,15),(NULL,76,16),(NULL,76,17),(NULL,76,18),(NULL,77,15),(NULL,77,16),(NULL,77,17),(NULL,77,18),(NULL,78,15),(NULL,78,16),(NULL,78,17),(NULL,78,18),(NULL,79,15),(NULL,79,16),(NULL,79,17),(NULL,79,18),(NULL,80,15),(NULL,80,16),(NULL,80,17),(NULL,80,18),(NULL,81,15),(NULL,81,16),(NULL,81,17),(NULL,81,18),(NULL,82,15),(NULL,82,16),(NULL,82,17),(NULL,82,18),(NULL,83,59),(NULL,83,60),(NULL,113,21),(NULL,113,22),(NULL,114,21),(NULL,114,22),(NULL,115,21),(NULL,115,22),(NULL,116,21),(NULL,116,22),(NULL,117,21),(NULL,117,22),(NULL,118,21),(NULL,118,22),(NULL,119,21),(NULL,119,22),(NULL,120,21),(NULL,120,22),(NULL,121,21),(NULL,121,22),(NULL,122,21),(NULL,122,22),(NULL,123,21),(NULL,123,22),(NULL,124,21),(NULL,124,22),(NULL,125,21),(NULL,125,22),(NULL,126,21),(NULL,126,22),(NULL,127,21),(NULL,127,22),(NULL,128,21),(NULL,128,22),(NULL,129,21),(NULL,129,22),(NULL,130,21),(NULL,130,22),(NULL,131,21),(NULL,131,22),(NULL,132,21),(NULL,132,22),(NULL,133,21),(NULL,133,22),(NULL,134,21),(NULL,134,22),(NULL,135,21),(NULL,135,22),(NULL,136,21),(NULL,136,22),(NULL,137,21),(NULL,137,22),(NULL,138,21),(NULL,138,22),(NULL,139,21),(NULL,139,22),(NULL,140,21),(NULL,140,22),(NULL,141,21),(NULL,141,22),(NULL,142,21),(NULL,142,22),(NULL,143,21),(NULL,143,22),(NULL,144,21),(NULL,144,22),(NULL,145,21),(NULL,145,22),(NULL,146,21),(NULL,146,22),(NULL,147,21),(NULL,147,22),(NULL,148,21),(NULL,148,22),(NULL,149,21),(NULL,149,22),(NULL,150,21),(NULL,150,22),(NULL,151,21),(NULL,151,22),(NULL,152,21),(NULL,152,22),(NULL,153,21),(NULL,153,22),(NULL,154,21),(NULL,154,22),(NULL,155,21),(NULL,155,22),(NULL,156,21),(NULL,156,22),(NULL,157,21),(NULL,157,22),(NULL,158,21),(NULL,158,22),(NULL,159,21),(NULL,159,22),(NULL,160,21),(NULL,160,22),(NULL,161,21),(NULL,161,22),(NULL,162,29),(NULL,163,29),(NULL,164,29),(NULL,165,29),(NULL,166,29),(NULL,167,29),(NULL,168,29),(NULL,169,29),(NULL,170,29),(NULL,171,29),(NULL,172,29),(NULL,173,29),(NULL,174,29),(NULL,175,29),(NULL,176,29),(NULL,177,29),(NULL,178,29),(NULL,179,29),(NULL,180,29),(NULL,181,29),(NULL,182,29),(NULL,183,29),(NULL,184,29),(NULL,185,29),(NULL,186,29),(NULL,187,29),(NULL,188,29),(NULL,189,29),(NULL,190,29),(NULL,191,29),(NULL,192,29),(NULL,193,29),(NULL,194,29),(NULL,195,29),(NULL,196,29),(NULL,197,29),(NULL,198,29),(NULL,199,29),(NULL,200,29),(NULL,201,29),(NULL,202,29),(NULL,203,29),(NULL,204,29),(NULL,205,29),(NULL,206,29),(NULL,207,29),(NULL,208,29),(NULL,209,29),(NULL,210,29),(NULL,211,29),(NULL,212,29),(NULL,213,29),('Malgré une écoute attentive et des questions pertinentes, Marc Robert a besoin de temps et de pratique pour assimiler les connaissances de base en SQL.',256,26),('Marc-Robert est volontaire et intéressé par le module de développement Web. Il a encore des difficultés à intégrer toutes les notions de ce module mais ne recule pas devant les efforts nécessaires à son apprentissage. \r\nLa pratique lui apportera une bonne prise en main des outils et des éléments et lui permettra de continuer sur une bonne courbe d\'apprentissage.',256,27),('Bon apprentissage, stagiaire attentif et participatif.',257,26),('Encore quelques difficultés pour lier la théorie qu’elle comprend bien et la pratique mais une bonne courbe d’apprentissage.',258,26),('Saloua assimile correctement les informations. Certaines pratiques la mettent encore un peu en difficulté, comme l\'algorithmie, mais elle parvient à comprendre et trouver les solutions adaptées à la réalisation des exercices. Elle a besoin de pratiquer pour compléter son assimilation des particularités du Javascript.',258,27),('Bon travail, questions pertinentes et compétences justifiées.',259,26),('David a bien assimilé les notions de bases de ce module et parvient à en extraire des réalisations intéressantes. Doit continuer à pratiquer pour confirmer ses acquis. Bon apprentissage.',259,27),('Bon apprentissage, nécessite encore de la pratique pour compléter ses acquis.',260,26),('Bonne assimilation des rudiments du développement Web, Mouhamed a besoin de pratiquer pour parfaire son apprentissage. Il n\'hésite pas à tester des choses et n\'a pas peur de se casser les dents sur des exercices. Il a encore besoin de pratiquer le Javascript et le CSS mais il est en bonne voie.',260,27),('Bon travail, attentive et persévérante, bonne assimilation.',261,26),('Bonne assimilation du module, Alizée semble plutôt à l\'aise avec les rudiments du développement Web et les logiques algorithmiques. Bon travail',261,27),('Bon travail, une bonne écoute, une bonne participation.',262,26),('Bon apprentissage, malgré quelques incompréhensions, Montasser parvient à intégrer les notions du développement Web et à réaliser les exercices.\r\nBon travail.',262,27),('Très discret, un bon profil pour un bon apprentissage.',263,26),('Très discret, Rémy assimile bien, reproduit et produit des choses pertinentes. Bon apprentissage du module, il est relativement à l\'aise sur le développement Web.',263,27),('Bon travail, de bonnes interventions, apprentissage à la hauteur de ses interventions.',264,26),('Très impliqué dans l\'apprentissage de ce module, Sébastien fait preuve d\'une bonne assimilation des notions du développement Web. Il n\'hésite pas à tester, essayer, recommencer jusqu\'à parvenir à un travail qui le satisfait. Les bonnes pratiques sont assimilées, il ne lui reste plus que de l\'expérience et de la pratique pour parfaire son apprentissage.',264,27),('Bon apprentissage, beaucoup de questions qui portent leurs fruits. Doit pratiquer pour compléter ses acquis.',265,26),('Bonne compréhension du module et des rudiments du développement Web, Antoine a bien assimilé les notions et doit encore pratiquer pour parfaire son apprentissage.',265,27),('Absent 2 jours sur 3, impossible donc d\'évaluer Max-Charles sur ce module.',266,26),('Max-Charles a été inspiré par le module de Développement Web et a su en assimiler les rudiment assez facilement. Il en est même devenu \"meneur\" et aide ses camarades dans les pratiques approfondies de certains éléments liés notamment au Javascript et au CSS. Bon travail, bon apprentissage, attention tout de même à ne pas trop se compliquer le travail. L\'expérience et la pratique lui permettront d\'obtenir un peu plus de rigueur sur son développement.',266,27),('Bon apprentissage, reste assez discret, doit pratiquer.',267,26),('Jordan a bien assimilé les notions de bases du développement Web même si certains points techniques, concernant surtout le Javascript, le mettent encore en défaut. Son apprentissage est efficace, il aura besoin de pratiquer pour le compléter et gagner en aisance.',267,27),(NULL,268,26),(NULL,268,27),(NULL,276,30),(NULL,277,30),(NULL,278,30),(NULL,279,30),(NULL,280,30),(NULL,281,30),(NULL,282,30),(NULL,283,30),(NULL,284,30),(NULL,285,30),(NULL,286,30),(NULL,287,30),('',288,38),('',288,39),('',288,40),('',288,41),('',288,42),('',288,43),('',288,44),('',288,45),('',288,46),('Bonne compréhension des bases du langage mais il manque à appliquer les aspects plus avancés (exception, API)',288,47),('',288,48),('',288,49),(NULL,288,67),('',289,38),('',289,39),('',289,40),('',289,41),('',289,42),('',289,43),('',289,44),('',289,45),('',289,46),('Bon travail mais réalisé en collaboration avec Lilian Marmiesse',289,47),('',289,48),('',289,49),('',290,38),('',290,39),('',290,40),('',290,41),('',290,42),('',290,43),('',290,44),('',290,45),('',290,46),('Bonne compréhension des bases du langage mais il manque à appliquer les aspects plus avancés (exception, API)',290,47),('',290,48),('',290,49),('',291,38),('',291,39),('',291,40),('',291,41),('',291,42),('',291,43),('',291,44),('',291,45),('',291,46),('Bonne maîtrise du langage et de la programmation objet',291,47),('',291,48),('',291,49),('',292,38),('',292,39),('',292,40),('',292,41),('',292,42),('',292,43),('',292,44),('',292,45),('',292,46),('Bonne maîtrise du langage et de la programmation objet',292,47),('',292,48),('',292,49),('',293,38),('',293,39),('',293,40),('',293,41),('',293,42),('',293,43),('',293,44),('Travail trop faible (avec quelques erreurs) comparé aux autres stagiaires',293,45),('',293,46),('Bonne maîtrise du langage et de la programmation objet',293,47),('',293,48),('',293,49),('',294,38),('',294,39),('',294,40),('',294,41),('',294,42),('',294,43),('',294,44),('',294,45),('',294,46),('Bonne compréhension des bases du langage mais il manque à appliquer les aspects plus avancés (exception, API)',294,47),('',294,48),('',294,49),('',295,38),('',295,39),('',295,40),('',295,41),('',295,42),('',295,43),('',295,44),('',295,45),('',295,46),('Bonne compréhension des bases du langage mais il manque à appliquer les aspects plus avancés (exception, API)',295,47),('',295,48),('',295,49),('',296,38),('',296,39),('',296,40),('',296,41),('',296,42),('',296,43),('',296,44),('',296,45),('',296,46),('Bonne compréhension des bases du langage mais il manque à appliquer les aspects plus avancés (exception, API)',296,47),('',296,48),('',296,49),('',297,38),('',297,39),('',297,40),('',297,41),('',297,42),('',297,43),('',297,44),('',297,45),('',297,46),('Bonne compréhension du langage et de l’utilisation des API',297,47),('',297,48),('',297,49),('',298,38),('',298,39),('',298,40),('',298,41),('',298,42),('',298,43),('',298,44),('',298,45),('',298,46),('Très bon travail',298,47),('',298,48),('',298,49),('',299,38),('',299,39),('',299,40),('',299,41),('',299,42),('',299,43),('',299,44),('',299,45),('',299,46),('Bonne compréhension du langage et de l’utilisation des API',299,47),('',299,48),('',299,49),('',300,38),('',300,39),('',300,40),('',300,41),('',300,42),('',300,43),('',300,44),('',300,45),('',300,46),('Bonne maîtrise du langage et de la programmation objet',300,47),('',300,48),('',300,49),('',301,38),('',301,39),('',301,40),('',301,41),('',301,42),('',301,43),('',301,44),('',301,45),('',301,46),('Bonne compréhension des bases du langage mais il manque à appliquer les aspects plus avancés (exception, API)',301,47),('',301,48),('',301,49),('',302,38),('',302,39),('',302,40),('',302,41),('',302,42),('',302,43),('',302,44),('',302,45),('',302,46),('Bonne maîtrise du langage et de la programmation objet',302,47),('',302,48),('',302,49),('',303,38),('',303,39),('',303,40),('',303,41),('',303,42),('',303,43),('',303,44),('Non évaluable car arrivée le dernier jour',303,45),('',303,46),('Bonne compréhension du langage et de l’utilisation des API',303,47),('',303,48),('',303,49),('',304,38),('',304,39),('',304,40),('',304,41),('',304,42),('',304,43),('',304,44),('',304,45),('',304,46),('Bonne compréhension des bases du langage mais il manque à appliquer les aspects plus avancés (exception, API)',304,47),('',304,48),('',304,49),('',305,38),('',305,39),('',305,40),('',305,41),('',305,42),('',305,43),('',305,44),('Module non évaluable à cause d\'une mauvaise manipulation sur le fichier d\'évaluation.',305,45),('',305,46),('Bonne compréhension des bases du langage mais il manque à appliquer les aspects plus avancés (exception, API)',305,47),('',305,48),('',305,49),('',306,38),('',306,39),('',306,40),('',306,41),('',306,42),('',306,43),('',306,44),('',306,45),('',306,46),('Bonne compréhension des bases du langage mais il manque à appliquer les aspects plus avancés (exception, API)',306,47),('',306,48),('',306,49),('',307,38),('',307,39),('',307,40),('',307,41),('',307,42),('',307,43),('',307,44),('',307,45),('',307,46),('Bonne compréhension des bases du langage mais il manque à appliquer les aspects plus avancés (exception, API)',307,47),('',307,48),('',307,49),('',308,38),('',308,39),('',308,40),('',308,41),('',308,42),('',308,43),('',308,44),('',308,45),('',308,46),('Très bonne compréhension de la programmation Objet',308,47),('',308,48),('',308,49),('',309,38),('',309,39),('',309,40),('',309,41),('',309,42),('',309,43),('',309,44),('',309,45),('',309,46),('Bonne maîtrise du langage et de la programmation objet',309,47),('',309,48),('',309,49),('',310,38),('',310,39),('',310,40),('',310,41),('',310,42),('',310,43),('',310,44),('',310,45),('',310,46),('Bonne maîtrise du langage et de la programmation objet',310,47),('',310,48),('',310,49),('',311,38),('',311,39),('',311,40),('',311,41),('',311,42),('',311,43),('',311,44),('Travail founi trop faible (avec quelques erreurs) comparé aux autres stagiaires',311,45),('',311,46),('Bonne maîtrise du langage et de la programmation objet',311,47),('',311,48),('',311,49),('',312,38),('',312,39),('',312,40),('',312,41),('',312,42),('',312,43),('',312,44),('',312,45),('',312,46),('Bonne maîtrise du langage et de la programmation objet',312,47),('',312,48),('',312,49),('',313,38),('',313,39),('',313,40),('',313,41),('',313,42),('',313,43),('',313,44),('',313,45),('',313,46),('Bon travail mais réalisé en collaboration avec Pierre Anras',313,47),('',313,48),('',313,49),('',314,38),('',314,39),('',314,40),('',314,41),('',314,42),('',314,43),('',314,44),('',314,45),('',314,46),('Très bon travail',314,47),('',314,48),('',314,49),('',315,38),('',315,39),('',315,40),('',315,41),('',315,42),('',315,43),('',315,44),('',315,45),('',315,46),('Bonne maîtrise du langage et de la programmation objet',315,47),('',315,48),('',315,49),('',316,38),('',316,39),('',316,40),('',316,41),('',316,42),('',316,43),('',316,44),('',316,45),('',316,46),('Bonne compréhension du langage, Florian manque juste encore un peu de pratique',316,47),('',316,48),('',316,49),('Apprenant sérieux et impliqué. \r\nBonne capacité d\'apprentissage et d\'écoute, volontaire et à l\'écoute des autres apprenants. \r\nBel esprit d\'équipe.',318,50),('Bon travail, sérieux et impliqué.\r\nNicolas participe bien et apprend rapidement les notions de bases.\r\nIl a encore besoin de pratique pour améliorer son code et sa technique.',319,50),('Très belle implication de Benoit avec une bonne capacité d\'apprentissage. \r\nIl aime chercher en testant même si ce qu\'il fait sort du cadre du module mais c\'est pour lui une très bonne méthode qu\'il applique à son apprentissage.\r\nBases bien acquises, bon travail.',320,50),('Michael est très appliqué sur son code et n\'hésite pas à le réviser pour l\'améliorer. \r\nIl a encore besoin de pratique mais il dispose de bon atouts de programmeur. \r\nBonne capacité d\'écoute et d\'apprentissage. Bel esprit de curiosité.',321,50),('Eddy est très compétent et surprenant par ses capacités d\'apprentissage mais il doit apprendre à simplifier et se poser quelques minutes avant de se lancer dans le codage.\r\nIl fait preuve d\'une bonne logique et d\'une belle capacité d\'autocritique.\r\nBon travail.',322,50),('Frédéric a de bonne bases en développement et a su profiter des acquisition de la formation pour les mettre à profit sur ce module.\r\nIl doit apprendre à simplifier ses structures et alléger ses traitements mais cela viendra par la pratique.\r\nBon travail.',323,50),('Etudiante impliquée et appliquée.\r\nTrès autonome, Dulce a besoin de pratique et ne doit pas hésiter à demander de l\'aide lorsqu\'elle bloque trop longtemps sur une difficulté. \r\nBonne courbe d\'apprentissage.',324,50),('Tony apprend bien et acquiert les notions de base assez facilement.\r\nIl doit pratiquer pour appréhender avec plus de rigueur les notions avancées.\r\nTony est relativement discret mais accepte facilement d\'aider ses collègues.',325,50),('',326,38),('',326,39),('',326,51),('',326,52),('',326,53),('',326,54),(NULL,326,66),('',327,38),('',327,39),('',327,51),('',327,52),('',327,53),('',327,54),(NULL,327,66),('',328,38),('Bon travail',328,39),('',328,51),('',328,52),('',328,53),('',328,54),(NULL,328,66),('',329,38),('',329,39),('',329,51),('',329,52),('',329,53),('',329,54),(NULL,329,66),('',330,38),('',330,39),('',330,51),('',330,52),('',330,53),('',330,54),(NULL,330,66),('',331,38),('',331,39),('',331,51),('',331,52),('',331,53),('',331,54),(NULL,331,66),('',332,38),('',332,39),('',332,51),('',332,52),('',332,53),('',332,54),(NULL,332,66),('',333,38),('',333,39),('',333,51),('',333,52),('',333,53),('',333,54),(NULL,333,66),('',334,38),('',334,39),('',334,51),('',334,52),('',334,53),('',334,54),(NULL,334,66),('',335,38),('',335,39),('',335,51),('',335,52),('',335,53),('',335,54),(NULL,335,66),('',336,38),('',336,39),('',336,51),('',336,52),('',336,53),('',336,54),(NULL,336,66),('',337,38),('',337,39),('',337,51),('',337,52),('',337,53),('',337,54),(NULL,337,66),('',341,38),('',341,39),('',341,40),('',342,38),('',342,39),('',342,40),('',343,38),('',343,39),('',343,40),('',344,38),('',344,39),('',344,40),('',345,38),('',345,39),('',345,40),('',346,38),('',346,39),('',346,40),('',347,38),('',347,39),('',347,40),('',348,38),('',348,39),('',348,40),('',349,38),('',349,39),('',349,40),('',350,38),('',350,39),('',350,40),(NULL,351,38),(NULL,351,39),(NULL,351,40),(NULL,351,41),(NULL,351,42),(NULL,351,43),(NULL,351,45),(NULL,351,46),(NULL,351,48),(NULL,351,68),(NULL,351,69),(NULL,351,70),(NULL,351,71),(NULL,351,72),(NULL,351,73),(NULL,351,74),(NULL,351,75),(NULL,351,76),(NULL,351,77),(NULL,351,91),(NULL,351,92),(NULL,351,93),(NULL,351,94),(NULL,351,95),(NULL,351,96),(NULL,351,97),(NULL,351,98),(NULL,351,99),(NULL,351,100),(NULL,351,101),(NULL,351,102),(NULL,351,103),(NULL,351,104),(NULL,351,105),(NULL,351,106),(NULL,352,38),(NULL,352,39),(NULL,352,40),(NULL,352,41),(NULL,352,42),(NULL,352,43),(NULL,352,45),(NULL,352,46),(NULL,352,48),(NULL,352,68),(NULL,352,69),(NULL,352,70),(NULL,352,71),(NULL,352,72),(NULL,352,73),(NULL,352,74),(NULL,352,75),(NULL,352,76),(NULL,352,77),(NULL,352,91),(NULL,352,92),(NULL,352,93),(NULL,352,94),(NULL,352,95),(NULL,352,96),(NULL,352,97),(NULL,352,98),(NULL,352,99),(NULL,352,100),(NULL,352,101),(NULL,352,102),(NULL,352,103),(NULL,352,104),(NULL,352,105),(NULL,352,106),(NULL,353,38),(NULL,353,39),(NULL,353,40),(NULL,353,41),(NULL,353,42),(NULL,353,43),(NULL,353,45),(NULL,353,46),(NULL,353,48),(NULL,353,68),(NULL,353,69),(NULL,353,70),(NULL,353,71),(NULL,353,72),(NULL,353,73),(NULL,353,74),(NULL,353,75),(NULL,353,76),(NULL,353,77),(NULL,353,91),(NULL,353,92),(NULL,353,93),(NULL,353,94),(NULL,353,95),(NULL,353,96),(NULL,353,97),(NULL,353,98),(NULL,353,99),(NULL,353,100),(NULL,353,101),(NULL,353,102),(NULL,353,103),(NULL,353,104),(NULL,353,105),(NULL,353,106),(NULL,354,38),(NULL,354,39),(NULL,354,40),(NULL,354,41),(NULL,354,42),(NULL,354,43),(NULL,354,45),(NULL,354,46),(NULL,354,48),(NULL,354,68),(NULL,354,69),(NULL,354,70),(NULL,354,71),(NULL,354,72),(NULL,354,73),(NULL,354,74),(NULL,354,75),(NULL,354,76),(NULL,354,77),(NULL,354,91),(NULL,354,92),(NULL,354,93),(NULL,354,94),(NULL,354,95),(NULL,354,96),(NULL,354,97),(NULL,354,98),(NULL,354,99),(NULL,354,100),(NULL,354,101),(NULL,354,102),(NULL,354,103),(NULL,354,104),(NULL,354,105),(NULL,354,106),(NULL,355,38),(NULL,355,39),(NULL,355,40),(NULL,355,41),(NULL,355,42),(NULL,355,43),(NULL,355,45),(NULL,355,46),(NULL,355,48),(NULL,355,68),(NULL,355,69),(NULL,355,70),(NULL,355,71),(NULL,355,72),(NULL,355,73),(NULL,355,74),(NULL,355,75),(NULL,355,76),(NULL,355,77),(NULL,355,91),(NULL,355,92),(NULL,355,93),(NULL,355,94),(NULL,355,95),(NULL,355,96),(NULL,355,97),(NULL,355,98),(NULL,355,99),(NULL,355,100),(NULL,355,101),(NULL,355,102),(NULL,355,103),(NULL,355,104),(NULL,355,105),(NULL,355,106),(NULL,356,38),(NULL,356,39),(NULL,356,40),(NULL,356,41),(NULL,356,42),(NULL,356,43),(NULL,356,45),(NULL,356,46),(NULL,356,48),(NULL,356,68),(NULL,356,69),(NULL,356,70),(NULL,356,71),(NULL,356,72),(NULL,356,73),(NULL,356,74),(NULL,356,75),(NULL,356,76),(NULL,356,77),(NULL,356,91),(NULL,356,92),(NULL,356,93),(NULL,356,94),(NULL,356,95),(NULL,356,96),(NULL,356,97),(NULL,356,98),(NULL,356,99),(NULL,356,100),(NULL,356,101),(NULL,356,102),(NULL,356,103),(NULL,356,104),(NULL,356,105),(NULL,356,106),(NULL,357,38),(NULL,357,39),(NULL,357,40),(NULL,357,41),(NULL,357,42),(NULL,357,43),(NULL,357,45),(NULL,357,46),(NULL,357,48),(NULL,357,68),(NULL,357,69),(NULL,357,70),(NULL,357,71),(NULL,357,72),(NULL,357,73),(NULL,357,74),(NULL,357,75),(NULL,357,76),(NULL,357,77),(NULL,357,91),(NULL,357,92),(NULL,357,93),(NULL,357,94),(NULL,357,95),(NULL,357,96),(NULL,357,97),(NULL,357,98),(NULL,357,99),(NULL,357,100),(NULL,357,101),(NULL,357,102),(NULL,357,103),(NULL,357,104),(NULL,357,105),(NULL,357,106),(NULL,358,38),(NULL,358,39),(NULL,358,40),(NULL,358,41),(NULL,358,42),(NULL,358,43),(NULL,358,45),(NULL,358,46),(NULL,358,48),(NULL,358,68),(NULL,358,69),(NULL,358,70),(NULL,358,71),(NULL,358,72),(NULL,358,73),(NULL,358,74),(NULL,358,75),(NULL,358,76),(NULL,358,77),(NULL,358,91),(NULL,358,92),(NULL,358,93),(NULL,358,94),(NULL,358,95),(NULL,358,96),(NULL,358,97),(NULL,358,98),(NULL,358,99),(NULL,358,100),(NULL,358,101),(NULL,358,102),(NULL,358,103),(NULL,358,104),(NULL,358,105),(NULL,358,106),(NULL,359,38),(NULL,359,39),(NULL,359,40),(NULL,359,41),(NULL,359,42),(NULL,359,43),(NULL,359,45),(NULL,359,46),(NULL,359,48),(NULL,359,68),(NULL,359,69),(NULL,359,70),(NULL,359,71),(NULL,359,72),(NULL,359,73),(NULL,359,74),(NULL,359,75),(NULL,359,76),(NULL,359,77),(NULL,359,91),(NULL,359,92),(NULL,359,93),(NULL,359,94),(NULL,359,95),(NULL,359,96),(NULL,359,97),(NULL,359,98),(NULL,359,99),(NULL,359,100),(NULL,359,101),(NULL,359,102),(NULL,359,103),(NULL,359,104),(NULL,359,105),(NULL,359,106),(NULL,360,38),(NULL,360,39),(NULL,360,40),(NULL,360,41),(NULL,360,42),(NULL,360,43),(NULL,360,45),(NULL,360,46),(NULL,360,48),(NULL,360,68),(NULL,360,69),(NULL,360,70),(NULL,360,71),(NULL,360,72),(NULL,360,73),(NULL,360,74),(NULL,360,75),(NULL,360,76),(NULL,360,77),(NULL,360,91),(NULL,360,92),(NULL,360,93),(NULL,360,94),(NULL,360,95),(NULL,360,96),(NULL,360,97),(NULL,360,98),(NULL,360,99),(NULL,360,100),(NULL,360,101),(NULL,360,102),(NULL,360,103),(NULL,360,104),(NULL,360,105),(NULL,360,106),(NULL,361,38),(NULL,361,39),(NULL,361,40),(NULL,361,41),(NULL,361,42),(NULL,361,43),(NULL,361,45),(NULL,361,46),(NULL,361,48),(NULL,361,68),(NULL,361,69),(NULL,361,70),(NULL,361,71),(NULL,361,72),(NULL,361,73),(NULL,361,74),(NULL,361,75),(NULL,361,76),(NULL,361,77),(NULL,361,91),(NULL,361,92),(NULL,361,93),(NULL,361,94),(NULL,361,95),(NULL,361,96),(NULL,361,97),(NULL,361,98),(NULL,361,99),(NULL,361,100),(NULL,361,101),(NULL,361,102),(NULL,361,103),(NULL,361,104),(NULL,361,105),(NULL,361,106),(NULL,362,38),(NULL,362,39),(NULL,362,40),(NULL,362,41),(NULL,362,42),(NULL,362,43),(NULL,362,45),(NULL,362,46),(NULL,362,48),(NULL,362,68),(NULL,362,69),(NULL,362,70),(NULL,362,71),(NULL,362,72),(NULL,362,73),(NULL,362,74),(NULL,362,75),(NULL,362,76),(NULL,362,77),(NULL,362,91),(NULL,362,92),(NULL,362,93),(NULL,362,94),(NULL,362,95),(NULL,362,96),(NULL,362,97),(NULL,362,98),(NULL,362,99),(NULL,362,100),(NULL,362,101),(NULL,362,102),(NULL,362,103),(NULL,362,104),(NULL,362,105),(NULL,362,106),(NULL,363,38),(NULL,363,39),(NULL,363,40),(NULL,363,41),(NULL,363,42),(NULL,363,43),(NULL,363,45),(NULL,363,46),(NULL,363,48),(NULL,363,68),(NULL,363,69),(NULL,363,70),(NULL,363,71),(NULL,363,72),(NULL,363,73),(NULL,363,74),(NULL,363,75),(NULL,363,76),(NULL,363,77),(NULL,363,91),(NULL,363,92),(NULL,363,93),(NULL,363,94),(NULL,363,95),(NULL,363,96),(NULL,363,97),(NULL,363,98),(NULL,363,99),(NULL,363,100),(NULL,363,101),(NULL,363,102),(NULL,363,103),(NULL,363,104),(NULL,363,105),(NULL,363,106),(NULL,365,38),(NULL,365,39),(NULL,365,40),(NULL,365,41),(NULL,365,42),(NULL,365,43),(NULL,365,45),(NULL,365,46),(NULL,365,48),(NULL,365,68),(NULL,365,69),(NULL,365,70),(NULL,365,71),(NULL,365,72),(NULL,365,73),(NULL,365,74),(NULL,365,75),(NULL,365,76),(NULL,365,77),(NULL,365,91),(NULL,365,92),(NULL,365,93),(NULL,365,94),(NULL,365,95),(NULL,365,96),(NULL,365,97),(NULL,365,98),(NULL,365,99),(NULL,365,100),(NULL,365,101),(NULL,365,102),(NULL,365,103),(NULL,365,104),(NULL,365,105),(NULL,365,106),(NULL,366,38),(NULL,366,39),(NULL,366,40),(NULL,366,41),(NULL,366,42),(NULL,366,43),(NULL,366,45),(NULL,366,46),(NULL,366,48),(NULL,366,68),(NULL,366,69),(NULL,366,70),(NULL,366,71),(NULL,366,72),(NULL,366,73),(NULL,366,74),(NULL,366,75),(NULL,366,76),(NULL,366,77),(NULL,366,91),(NULL,366,92),(NULL,366,93),(NULL,366,94),(NULL,366,95),(NULL,366,96),(NULL,366,97),(NULL,366,98),(NULL,366,99),(NULL,366,100),(NULL,366,101),(NULL,366,102),(NULL,366,103),(NULL,366,104),(NULL,366,105),(NULL,366,106),(NULL,367,38),(NULL,367,39),(NULL,367,40),(NULL,367,41),(NULL,367,42),(NULL,367,43),(NULL,367,45),(NULL,367,46),(NULL,367,48),(NULL,367,68),(NULL,367,69),(NULL,367,70),(NULL,367,71),(NULL,367,72),(NULL,367,73),(NULL,367,74),(NULL,367,75),(NULL,367,76),(NULL,367,77),(NULL,367,91),(NULL,367,92),(NULL,367,93),(NULL,367,94),(NULL,367,95),(NULL,367,96),(NULL,367,97),(NULL,367,98),(NULL,367,99),(NULL,367,100),(NULL,367,101),(NULL,367,102),(NULL,367,103),(NULL,367,104),(NULL,367,105),(NULL,367,106),(NULL,368,38),(NULL,368,39),(NULL,368,40),(NULL,368,41),(NULL,368,42),(NULL,368,43),(NULL,368,45),(NULL,368,46),(NULL,368,48),(NULL,368,68),(NULL,368,69),(NULL,368,70),(NULL,368,71),(NULL,368,72),(NULL,368,73),(NULL,368,74),(NULL,368,75),(NULL,368,76),(NULL,368,77),(NULL,368,91),(NULL,368,92),(NULL,368,93),(NULL,368,94),(NULL,368,95),(NULL,368,96),(NULL,368,97),(NULL,368,98),(NULL,368,99),(NULL,368,100),(NULL,368,101),(NULL,368,102),(NULL,368,103),(NULL,368,104),(NULL,368,105),(NULL,368,106),(NULL,369,38),(NULL,369,39),(NULL,369,40),(NULL,369,41),(NULL,369,42),(NULL,369,43),(NULL,369,45),(NULL,369,46),(NULL,369,48),(NULL,369,68),(NULL,369,69),(NULL,369,70),(NULL,369,71),(NULL,369,72),(NULL,369,73),(NULL,369,74),(NULL,369,75),(NULL,369,76),(NULL,369,77),(NULL,369,91),(NULL,369,92),(NULL,369,93),(NULL,369,94),(NULL,369,95),(NULL,369,96),(NULL,369,97),(NULL,369,98),(NULL,369,99),(NULL,369,100),(NULL,369,101),(NULL,369,102),(NULL,369,103),(NULL,369,104),(NULL,369,105),(NULL,369,106),(NULL,370,38),(NULL,370,39),(NULL,370,40),(NULL,370,41),(NULL,370,42),(NULL,370,43),(NULL,370,45),(NULL,370,46),(NULL,370,48),(NULL,370,68),(NULL,370,69),(NULL,370,70),(NULL,370,71),(NULL,370,72),(NULL,370,73),(NULL,370,74),(NULL,370,75),(NULL,370,76),(NULL,370,77),(NULL,370,91),(NULL,370,92),(NULL,370,93),(NULL,370,94),(NULL,370,95),(NULL,370,96),(NULL,370,97),(NULL,370,98),(NULL,370,99),(NULL,370,100),(NULL,370,101),(NULL,370,102),(NULL,370,103),(NULL,370,104),(NULL,370,105),(NULL,370,106),(NULL,371,38),(NULL,371,39),(NULL,371,40),(NULL,371,41),(NULL,371,42),(NULL,371,43),(NULL,371,45),(NULL,371,46),(NULL,371,48),(NULL,371,68),(NULL,371,69),(NULL,371,70),(NULL,371,71),(NULL,371,72),(NULL,371,73),(NULL,371,74),(NULL,371,75),(NULL,371,76),(NULL,371,77),(NULL,371,91),(NULL,371,92),(NULL,371,93),(NULL,371,94),(NULL,371,95),(NULL,371,96),(NULL,371,97),(NULL,371,98),(NULL,371,99),(NULL,371,100),(NULL,371,101),(NULL,371,102),(NULL,371,103),(NULL,371,104),(NULL,371,105),(NULL,371,106),(NULL,372,38),(NULL,372,39),(NULL,372,40),(NULL,372,41),(NULL,372,42),(NULL,372,43),(NULL,372,45),(NULL,372,46),(NULL,372,48),(NULL,372,68),(NULL,372,69),(NULL,372,70),(NULL,372,71),(NULL,372,72),(NULL,372,73),(NULL,372,74),(NULL,372,75),(NULL,372,76),(NULL,372,77),(NULL,372,91),(NULL,372,92),(NULL,372,93),(NULL,372,94),(NULL,372,95),(NULL,372,96),(NULL,372,97),(NULL,372,98),(NULL,372,99),(NULL,372,100),(NULL,372,101),(NULL,372,102),(NULL,372,103),(NULL,372,104),(NULL,372,105),(NULL,372,106),(NULL,373,38),(NULL,373,39),(NULL,373,40),(NULL,373,41),(NULL,373,42),(NULL,373,43),(NULL,373,45),(NULL,373,46),(NULL,373,48),(NULL,373,68),(NULL,373,69),(NULL,373,70),(NULL,373,71),(NULL,373,72),(NULL,373,73),(NULL,373,74),(NULL,373,75),(NULL,373,76),(NULL,373,77),(NULL,373,91),(NULL,373,92),(NULL,373,93),(NULL,373,94),(NULL,373,95),(NULL,373,96),(NULL,373,97),(NULL,373,98),(NULL,373,99),(NULL,373,100),(NULL,373,101),(NULL,373,102),(NULL,373,103),(NULL,373,104),(NULL,373,105),(NULL,373,106),(NULL,374,38),(NULL,374,39),(NULL,374,40),(NULL,374,41),(NULL,374,42),(NULL,374,43),(NULL,374,45),(NULL,374,46),(NULL,374,48),(NULL,374,68),(NULL,374,69),(NULL,374,70),(NULL,374,71),(NULL,374,72),(NULL,374,73),(NULL,374,74),(NULL,374,75),(NULL,374,76),(NULL,374,77),(NULL,374,91),(NULL,374,92),(NULL,374,93),(NULL,374,94),(NULL,374,95),(NULL,374,96),(NULL,374,97),(NULL,374,98),(NULL,374,99),(NULL,374,100),(NULL,374,101),(NULL,374,102),(NULL,374,103),(NULL,374,104),(NULL,374,105),(NULL,374,106),(NULL,375,38),(NULL,375,39),(NULL,375,40),(NULL,375,41),(NULL,375,42),(NULL,375,43),(NULL,375,45),(NULL,375,46),(NULL,375,48),(NULL,375,68),(NULL,375,69),(NULL,375,70),(NULL,375,71),(NULL,375,72),(NULL,375,73),(NULL,375,74),(NULL,375,75),(NULL,375,76),(NULL,375,77),(NULL,375,91),(NULL,375,92),(NULL,375,93),(NULL,375,94),(NULL,375,95),(NULL,375,96),(NULL,375,97),(NULL,375,98),(NULL,375,99),(NULL,375,100),(NULL,375,101),(NULL,375,102),(NULL,375,103),(NULL,375,104),(NULL,375,105),(NULL,375,106),('',376,79),('',376,80),('Le thème des triggers a été juste abordé, donc non-évalué.',376,81),('',377,79),('',377,80),('Le thème des triggers a été juste abordé, donc non-évalué.',377,81),('',378,79),('',378,80),('Le thème des triggers a été juste abordé, donc non-évalué.',378,81),('',379,79),('',379,80),('Le thème des triggers a été juste abordé, donc non-évalué.',379,81),('',380,79),('',380,80),('Le thème des triggers a été juste abordé, donc non-évalué.',380,81),('',381,82),('',381,83),('',381,84),('',382,82),('',382,83),('',382,84),('',383,82),('',383,83),('',383,84),('',384,85),('',384,86),('',384,87),('',384,88),('',384,89),('',384,90),('',385,85),('',385,86),('',385,87),('',385,88),('',385,89),('',385,90),('',386,85),('',386,86),('',386,87),('',386,88),('',386,89),('',386,90),('',387,85),('',387,86),('',387,87),('',387,88),('',387,89),('',387,90),('',388,85),('',388,86),('',388,87),('',388,88),('',388,89),('',388,90),('',389,85),('',389,86),('',389,87),('',389,88),('',389,89),('',389,90),('',391,107),('',392,107),('',393,107),('',394,107),('',395,107),('',396,107),('',397,107),('',398,107),('',399,107),('',400,107),('',401,107),('',402,107),('',403,107),('',404,107),('',405,107),('',406,107),('',407,107),('',408,107),('',409,107),('',410,107),('',411,107),('',412,107),('',413,107),('',414,107),('',415,107),('',416,107),('',417,107),('',418,107),('',419,107),('',420,107),('',421,107),('',422,107),('',423,107),('',424,107),('',425,107),('',426,107),('',427,107),('',428,107),('',429,107),('',430,107),('',431,107),('',432,107),('',433,107),('',434,107),('',435,107),('',436,107),('',437,107),('',438,107),('',439,107),('',440,107),('',441,85),('',441,86),('',441,87),('',441,88),('',441,89),('',441,90),('',442,85),('',442,86),('',442,87),('',442,88),('',442,89),('',442,90),('',442,114),('',444,108),('',445,108),('',446,108),('',447,108),('',449,108),('',450,108),('',451,108),('',452,108),('',453,108),('',454,108),('',455,108),('',457,108),('',458,108),('',459,108),('',460,108),('',461,108),('',462,108),('',463,108),('',464,108),('',465,109),('',466,109),(NULL,467,109),('',468,109),('',469,109),('',470,109),('',471,109),('',472,109),('',473,110),('',473,111),('',473,112),('',474,113),('',485,85),('',485,86),('',485,87),(NULL,485,88),('',485,89),('',486,85),('',486,86),('',486,87),('',486,89),('',487,85),('',487,86),('',487,87),('',487,89),('',488,85),('',488,86),('',488,87),('',488,89),('',489,115),('',490,115),('',491,115),('',492,115),('',493,115),('',494,115),('',495,116),('',495,117),('',495,118),('',495,119),('Approche de la conception cohérente, doit encore travailler le fond de la normalisation.',496,120),('Bonne compréhension des principes de base.\r\nDoit être plus stricte sur la constitution de sa structure HTML.',496,121),('Compréhension globale correcte nécessitant d\'être approfondie sur des cas pratiques',497,120),('Correct, doit encore travailler la structure HTML pour l\'acquérir pleinement',497,121),('Bonne compréhension des règles de bases de la conception, à compléter sur des cas pratiques.',498,120),('De nature curieuse, présente une bonne acquisition des principes fondamentaux et parvient à appliquer des points non abordés. Doit s\'appliquer sur la rigueurs des éléments importants à mettre en place.',498,121),('Acuisition des fondamentaux correcte, à approfondir sur les cas pratiques',499,120),('Principes fondamentaux compris, doit s\'appliquer sur son travail personnel à être plus rigouraux sur la construction de la structure et les liens avec le CSS',499,121),('Bonne compréhension, à pratiquer dans la suite du module pour valider ses acquis',500,120),('Bonne courbe d\'apprentissage, fais force d\'une curiosité intéressante qui lui permet d\'obtenir des résultats satisfaisants sur la structure et le design. ',500,121),('Bonne compréhension, doit approfondir certains points complexes',501,120),('Bonne acquisition des fondamentaux, doit continuer à pratiquer pour que ces notions deviennent des automatismes, attention à une certaine \"facilité\" à se laisser déconcentrer. ',501,121),('Bonne compréhension, obtient de bons résultats mais attention à ne pas être trop pointilleux au risque de casser le rythme d\'apprentissage',502,120),('Bonne compréhension globale, doit pratiquer pour mettre en ordre toutes les notions abordées et relâcher un peu la pression sur la réalisation des exercices',502,121),(NULL,503,123),(NULL,503,124),(NULL,503,125),(NULL,503,126),(NULL,503,127),(NULL,503,128),(NULL,504,122),(NULL,504,123),(NULL,504,124),(NULL,504,125),(NULL,504,126),(NULL,504,127),(NULL,504,128),(NULL,505,122),(NULL,505,123),(NULL,505,124),(NULL,505,125),(NULL,505,126),(NULL,505,127),(NULL,505,128),(NULL,506,122),(NULL,506,123),(NULL,506,124),(NULL,506,125),(NULL,506,126),(NULL,506,127),(NULL,506,128),(NULL,507,122),(NULL,507,123),(NULL,507,124),(NULL,507,125),(NULL,507,126),(NULL,507,127),(NULL,507,128),(NULL,508,122),(NULL,508,123),(NULL,508,124),(NULL,508,125),(NULL,508,126),(NULL,508,127),(NULL,508,128),(NULL,509,122),(NULL,509,123),(NULL,509,124),(NULL,509,125),(NULL,509,126),(NULL,509,127),(NULL,509,128),(NULL,510,122),(NULL,510,123),(NULL,510,124),(NULL,510,125),(NULL,510,126),(NULL,510,127),(NULL,510,128),(NULL,511,122),(NULL,511,123),(NULL,511,124),(NULL,511,125),(NULL,511,126),(NULL,511,127),(NULL,511,128),(NULL,512,122),(NULL,512,123),(NULL,512,124),(NULL,512,125),(NULL,512,126),(NULL,512,127),(NULL,512,128),(NULL,513,122),(NULL,513,123),(NULL,513,124),(NULL,513,125),(NULL,513,126),(NULL,513,127),(NULL,513,128),(NULL,514,122),(NULL,514,123),(NULL,514,124),(NULL,514,125),(NULL,514,126),(NULL,514,127),(NULL,514,128),(NULL,515,122),(NULL,515,123),(NULL,515,124),(NULL,515,125),(NULL,515,126),(NULL,515,127),(NULL,515,128),(NULL,516,122),(NULL,516,123),(NULL,516,124),(NULL,516,125),(NULL,516,126),(NULL,516,127),(NULL,516,128),(NULL,517,122),(NULL,517,123),(NULL,517,124),(NULL,517,125),(NULL,517,126),(NULL,517,127),(NULL,517,128),(NULL,518,122),(NULL,518,123),(NULL,518,124),(NULL,518,125),(NULL,518,126),(NULL,518,127),(NULL,518,128);
/*!40000 ALTER TABLE `participer` ENABLE KEYS */;
UNLOCK TABLES;

--
-- Table structure for table `periodeformation`
--

DROP TABLE IF EXISTS `periodeformation`;
/*!40101 SET @saved_cs_client     = @@character_set_client */;
/*!50503 SET character_set_client = utf8mb4 */;
CREATE TABLE `periodeformation` (
  `pf_id` int NOT NULL AUTO_INCREMENT,
  `pf_datedebut` date NOT NULL,
  `pf_datefin` date NOT NULL,
  `pf_duree` int NOT NULL,
  `promo_id` int NOT NULL,
  `resp_id` int DEFAULT NULL,
  `statpf_id` int NOT NULL DEFAULT '1',
  PRIMARY KEY (`pf_id`),
  KEY `FK_periodeformation_promo_id` (`promo_id`),
  KEY `FK_PERFOR_RESP` (`resp_id`),
  KEY `FK_PF_STATPF` (`statpf_id`),
  CONSTRAINT `FK_PERFOR_RESP` FOREIGN KEY (`resp_id`) REFERENCES `responsablePedago` (`resp_id`),
  CONSTRAINT `FK_periodeformation_promo_id` FOREIGN KEY (`promo_id`) REFERENCES `promotion` (`promo_id`),
  CONSTRAINT `FK_PF_STATPF` FOREIGN KEY (`statpf_id`) REFERENCES `statutpf` (`statpf_id`)
) ENGINE=InnoDB AUTO_INCREMENT=48 DEFAULT CHARSET=utf8mb3 COMMENT='Table contenant les périodes de formations ';
/*!40101 SET character_set_client = @saved_cs_client */;

--
-- Dumping data for table `periodeformation`
--

LOCK TABLES `periodeformation` WRITE;
/*!40000 ALTER TABLE `periodeformation` DISABLE KEYS */;
INSERT INTO `periodeformation` VALUES (1,'2017-09-22','2017-12-15',0,9,2,2),(2,'2017-05-16','2017-05-24',80,11,1,2),(4,'2017-09-01','2018-02-28',450,5,2,2),(5,'2017-09-01','2018-06-30',0,4,2,2),(6,'2017-09-01','2018-06-30',0,3,2,2),(7,'2017-09-01','2018-06-30',0,2,2,2),(8,'2017-09-01','2018-06-30',0,1,2,2),(9,'2016-09-01','2017-02-28',450,5,1,2),(10,'2018-01-30','2018-02-16',0,10,1,2),(11,'2017-10-02','2018-05-18',0,8,2,2),(12,'2017-10-02','2018-05-18',0,7,2,2),(13,'2018-09-13','2018-11-30',0,12,2,2),(14,'2018-11-19','2019-02-01',294,13,2,2),(15,'2018-09-01','2019-02-28',0,5,2,2),(16,'2018-09-01','2019-02-28',0,4,2,2),(17,'2018-09-01','2019-02-28',0,3,2,2),(18,'2018-09-01','2019-02-28',0,2,2,2),(19,'2018-09-01','2019-02-28',0,1,2,2),(20,'2018-12-17','2019-03-14',0,18,2,2),(21,'2019-04-24','2019-05-01',0,18,2,3),(22,'2018-10-11','2019-01-04',0,16,2,2),(23,'2019-04-12','2019-04-13',0,16,2,2),(24,'2019-05-06','2019-07-29',0,17,2,2),(25,'2019-09-12','2019-11-29',0,14,2,2),(27,'2019-10-01','2019-10-25',0,20,2,2),(28,'2019-10-01','2019-10-02',0,21,2,2),(29,'2019-10-21','2019-10-23',0,22,7,2),(30,'2019-11-19','2019-11-21',0,22,7,2),(31,'2019-12-02','2019-12-06',0,22,7,2),(32,'2019-09-23','2020-07-10',0,3,2,2),(33,'2019-12-02','2020-11-27',0,14,8,2),(34,'2020-02-10','2020-06-26',0,23,6,2),(36,'2020-11-23','2020-11-27',35,22,7,2),(37,'2021-02-04','2021-02-18',0,24,6,2),(38,'2021-03-29','2021-04-02',0,25,7,2),(39,'2021-05-10','2021-05-26',0,28,6,2),(40,'2021-06-01','2021-06-03',0,26,6,2),(41,'2021-10-06','2021-10-08',21,29,7,2),(42,'2021-11-08','2021-11-10',0,22,7,2),(43,'2021-11-15','2021-11-19',0,22,7,2),(44,'2021-11-24','2021-11-30',0,25,7,2),(45,'2022-04-25','2022-04-26',14,30,6,1),(46,'2022-09-05','2023-06-30',0,31,9,1),(47,'2023-09-18','2024-12-20',0,22,7,1);
/*!40000 ALTER TABLE `periodeformation` ENABLE KEYS */;
UNLOCK TABLES;

--
-- Table structure for table `personne`
--

DROP TABLE IF EXISTS `personne`;
/*!40101 SET @saved_cs_client     = @@character_set_client */;
/*!50503 SET character_set_client = utf8mb4 */;
CREATE TABLE `personne` (
  `pers_id` int NOT NULL AUTO_INCREMENT,
  `pers_nom` varchar(50) NOT NULL,
  `pers_prenom` varchar(50) NOT NULL,
  `pers_email` varchar(250) DEFAULT NULL,
  `us_id` int DEFAULT NULL,
  PRIMARY KEY (`pers_id`),
  KEY `FK_PERS_USER` (`us_id`),
  CONSTRAINT `FK_PERS_USER` FOREIGN KEY (`us_id`) REFERENCES `userAuth` (`us_id`)
) ENGINE=InnoDB AUTO_INCREMENT=559 DEFAULT CHARSET=latin1;
/*!40101 SET character_set_client = @saved_cs_client */;

--
-- Dumping data for table `personne`
--

LOCK TABLES `personne` WRITE;
/*!40000 ALTER TABLE `personne` DISABLE KEYS */;
INSERT INTO `personne` VALUES (1,'LECUONA','Patrice',NULL,NULL),(2,'MALDONADO','Michel','mmaldo@gmail.com',NULL),(3,'LABASSE','Sylvain','labasse@gmail.com',17),(4,'GILLET','Michel','michel@devatom.net',1),(8,'AVINIO','Enzo',NULL,19),(9,'BARRE','Florian',NULL,NULL),(10,'BERTHET','Eric','berthet.e@gmail.com',NULL),(11,'BLOUIN','Guillaume','g.blouin@epsi.fr',NULL),(12,'BOUTEMY','Anthony',NULL,NULL),(13,'CARRE','Maxence',NULL,NULL),(14,'DA SILVA','Séverine',NULL,NULL),(15,'DADOT','Loïc',NULL,NULL),(16,'DE SOUSA','Rodolphe',NULL,NULL),(17,'DELHOPITAL','Nathalie',NULL,NULL),(18,'DUPIN','Antoine',NULL,NULL),(19,'DUPRAT','Mickael','mickael.duprat64@gmail.com',NULL),(20,'FEITAMA','Vianelle',NULL,NULL),(21,'GAUTHIER','David',NULL,NULL),(22,'GELINAUD','Axel',NULL,NULL),(23,'GUERINET','Charlie',NULL,NULL),(24,'JALLET','Benoit','bjallet@gmail.com',NULL),(25,'JEAN','Pauline',NULL,NULL),(26,'KERANOVIC','Elmin',NULL,NULL),(27,'LACOURREGE','Matthieu',NULL,NULL),(28,'LOSTIS','Pierre Bruce',NULL,NULL),(29,'MARQUET','Arthur',NULL,NULL),(30,'MENDY','Bénédicte',NULL,NULL),(31,'MICHAUD','Camille',NULL,NULL),(32,'MOYEN','Alexis',NULL,NULL),(33,'PUIG-PICH','Kevin',NULL,NULL),(34,'RAYNAUD','Yann',NULL,NULL),(35,'SAVARY','Alexandre',NULL,NULL),(36,'SOUMAILLE','Lucas',NULL,NULL),(37,'VIC','Valentin',NULL,NULL),(38,'BRU','Driss',NULL,NULL),(39,'CASEZ','Pierre',NULL,NULL),(40,'COREAU','Jonathan',NULL,NULL),(41,'LAUVERJON','Rodolphe',NULL,NULL),(42,'MASSIAS','Bastien',NULL,NULL),(43,'MASSIEU-SAAD','Meriem',NULL,NULL),(44,'NOIRAULT','Emmanuelle',NULL,NULL),(45,'PENAUD','Karine',NULL,NULL),(46,'TOMASIAN-BERANGER','Max',NULL,NULL),(47,'VISITEUR','Visiteur',NULL,2),(48,'DUMARQUE','Morgane','morgane.dumarque@bordeaux-epsi.fr',12),(49,'ANGLES','Magali',NULL,NULL),(50,'ETUDIANT','Etudiant','michel@devatom.net',18),(51,'DUCHEIN','Jean-Charles',NULL,NULL),(63,'AMOYEL','Alan','',NULL),(64,'ANDRE-LEBESGUE','Maxime','',NULL),(65,'ARRAUD','Allan','',NULL),(66,'AUDEMAR','Axel','',NULL),(67,'AUDY','Maxime','',NULL),(68,'BENNIC','Erwan','',NULL),(69,'BERTIN','Maxime','',NULL),(70,'BERTRAND','Quentin','',NULL),(71,'BIRAC','Lucas','',NULL),(72,'BORGES','Adrien','',NULL),(73,'BOUCHE','Sébastien','',NULL),(74,'CICIRELLO','Andrea','',NULL),(75,'DAMHEC','Donovan','',NULL),(76,'DESALBRES','Rémi','',NULL),(77,'DIOURI','Ismail','',NULL),(78,'DULUC','Corentin','',NULL),(79,'FAREEA','Matahi','',NULL),(80,'GENEVEE','Damien','',NULL),(81,'GIRAUD','Aurélien','',NULL),(82,'GONZALEZ','Benjamin','',NULL),(83,'GRISSIGNON','Josias Jemuel','',NULL),(84,'HEROIN','Alexis','',NULL),(85,'KONE','Abdul','',NULL),(86,'LABORDE','Matthieu','',NULL),(87,'LAGARDE - MARTIAL','Julien','',NULL),(88,'LEMERY','Joffrey','joffrey.lemery@ynov.com',NULL),(89,'LINOSSIER','Thibault','',NULL),(90,'MARTIN','Anthony','',NULL),(91,'OLIVIER','Thomas','',NULL),(92,'PICCOLI','Fantin','',NULL),(93,'PINTO','Levy','',NULL),(94,'RICHE','Florian','',NULL),(95,'RODRIGUES','Matthieu','',NULL),(96,'ROUILLON','Thibault','',NULL),(97,'SYLVA','Laurence Kapaty','',NULL),(98,'VITTEAU','Clement','',NULL),(99,'ALVES','Rafael','',NULL),(100,'BALIA','Pierre','',NULL),(101,'BARBAZANGE','Clément','',NULL),(102,'BOUGON','Emeric','',NULL),(103,'BRAY','Coline','',NULL),(104,'CHAPELAIN','Julien','',NULL),(105,'CHEPEAU','Vianney','',NULL),(106,'COURAUD','Maxime','',NULL),(107,'DECOUDIER','Adam','',NULL),(108,'DESTOUESSE','Adrien','',NULL),(109,'FAGOAGA','Guillaume','',NULL),(110,'FLABBEE','Alexis','',NULL),(111,'GRAFFIN','Anselme','',NULL),(112,'GRENIER DE NABINAUD','Pierre','',NULL),(113,'GUIROY','Kenny','',NULL),(114,'HARY','Yann','',NULL),(115,'JOURDAIN JASNAULT','Nathanaël','',NULL),(116,'KERMES','Jordan','',NULL),(117,'LE MINOUX','Loïc','',NULL),(118,'LORIAUX','Clément','',NULL),(119,'LOUBIOU','Rémi','',NULL),(120,'MAINSARD','Alexandre','',NULL),(121,'MARTY','Florian','',NULL),(122,'MERCIER','Victor','',NULL),(123,'MESTREAU','Marine','',NULL),(124,'MOURET','Jérôme','',NULL),(125,'NDONG NZE MICHONET','Marc Térence','',NULL),(126,'NOUARA','Nassim','',NULL),(127,'RIBAILLE','Hugo','',NULL),(128,'VAN LOO','Antoine','',NULL),(129,'ALTEMIR','Alexandre','',NULL),(130,'AMROUNE','Sofiane','',NULL),(131,'ARMENGOL','Cyril','',NULL),(132,'BERTHELLOT','Laura','',NULL),(133,'BREHERET','Alexis','',NULL),(134,'CHALAUX','Florian','',NULL),(135,'CHENU','Quentin','',NULL),(136,'CHIES','Bastien','',NULL),(137,'CLEMENCEAU','Cedric','',NULL),(138,'COHEN','Maxime','',NULL),(139,'COUMET','Pierre','',NULL),(140,'COURDENT','Loup-Paolo','',NULL),(141,'DA ROCHA DE CARVALHO','Remi','',NULL),(142,'DORET','Quentin','',NULL),(143,'DURAND','Robin','',NULL),(144,'FLEURY','Martin','',NULL),(145,'FORTIN','Meihdi','',NULL),(146,'GALY','Pierre','',NULL),(147,'GBEDO','Yann','',NULL),(148,'GUDOLLE','Antoine','',NULL),(149,'GUEQUIERE','Thomas','',NULL),(150,'KROELL','Maxime','',NULL),(151,'LAI','Ariihau','',NULL),(152,'LE NADAN','Gwenael','',NULL),(153,'LEBON','Pierre','',NULL),(154,'LEROUX','Hugo','',NULL),(155,'LHUILLIER','Marine','',NULL),(156,'MALIN','Arnaud','',NULL),(157,'MARCHAL','Sébastien','',NULL),(158,'MONTAGNE','François','',NULL),(159,'MOREAU','Theo','',NULL),(160,'MOUAT','Karl','',NULL),(161,'NDOYE','Moustapha','',NULL),(162,'NOEL','Jordan','',NULL),(163,'PINAUDEAU','TRISTAN','',NULL),(164,'PITH','Daravuth','',NULL),(165,'POINTET','Damien','',NULL),(166,'PROST','Thomas','',NULL),(167,'RAGOUT','Valentin','',NULL),(168,'REMAZEILLES-GEILER','Mathilde','',NULL),(169,'RENE','Vince','',NULL),(170,'RIBETTE','Steven','',NULL),(171,'SAULIERE','Paul','',NULL),(172,'SICAIRE','Loïc','',NULL),(173,'THURINGER','Mathilde','',NULL),(174,'TIXIER','Pierre','',NULL),(175,'TUIHAGI','Enzo','',NULL),(176,'VALEYE','Romain','',NULL),(177,'VILLENEUVE','Thibaut','',NULL),(178,'ABOMNES','Gauthier','',NULL),(179,'AMBLARD','Victor','',NULL),(180,'BAILLIN','Simon','',NULL),(181,'BATBY','Alex','',NULL),(182,'BELARD','Mélanie','',NULL),(183,'BELLEDENT','Yann','',NULL),(184,'BONNORON','Nathan','',NULL),(185,'BRETHEAU','Yann','',NULL),(186,'CAVARD','Antoine','',NULL),(187,'CHEVALLIER-PICHON','Maxime','',NULL),(188,'COUET','Olivier','',NULL),(189,'DELPECH','Jeremy','',NULL),(190,'DESHAIES','Julien','',NULL),(191,'DONZELLI','Corentin','',NULL),(192,'DURADE','Romain','',NULL),(193,'EGUIMENDIA','Benjamin','',NULL),(194,'EL JARRARI','Younes','',NULL),(195,'FALCOZ-VIGNE','Alexandre','',NULL),(196,'FOCONE','Romain','',NULL),(197,'FOUCHER','Benoit','',NULL),(198,'FRUHAUF','Gabriel','',NULL),(199,'GARRALON','Morgan','',NULL),(200,'GERON','Alexis','',NULL),(201,'GIMENO','Grégoire','',NULL),(202,'GIRARDOT','Tiphaine','',NULL),(203,'GUIMARD','Paul','',NULL),(204,'HEBLES','Quentin','',NULL),(205,'JEANNOT','Léopold','',NULL),(206,'JUDE','Franck','',NULL),(207,'KEMEL','Kevin','',NULL),(208,'LALANNE','Pierre-Louis','',NULL),(209,'LARRANG','Damien','',NULL),(210,'LE GUERN','Pierre-Yves','',NULL),(211,'LEMONNIER','Marius','',NULL),(212,'METAYER','Sylvain','',NULL),(213,'MIHINDOU KOMBILA','Ben Espoir Yan','',NULL),(214,'MOULINIER','Valentin','',NULL),(215,'NICAUDIE','Mathieu','',NULL),(216,'OLLOMO','Jean-Yves','',NULL),(217,'POMMIER','Laurent','',NULL),(218,'RAIMOND','Morgan','',NULL),(219,'RICOCHON','Jan','',NULL),(220,'ROCHARD','Maxime','',NULL),(221,'ROZAS','Saphira','',NULL),(222,'SANSU','Valentin','',NULL),(223,'SCARTONI','Logan','',NULL),(224,'SEBRECHT','Nicolas','',NULL),(225,'SIBILLY','Yannick','',NULL),(226,'SUNDA','Emmanuel','',NULL),(227,'SUNER','Arthur','',NULL),(228,'TEAMOTUAITAU','Eric','',NULL),(229,'VILLENEUVE','Michael','',NULL),(230,'BARTHES','Raphaël','',NULL),(231,'BASSE','Kévin','',NULL),(232,'BEAUPUY','Jérémy','',NULL),(233,'BENEAT','Hugo','',NULL),(234,'BENMESSAOUD','Raya','',NULL),(235,'BUIREL','Guillaume','',NULL),(236,'CAMPORA','Hugo','',NULL),(237,'CANTORNE','Julien','',NULL),(238,'CHARPENTIER','Quentin','',NULL),(239,'COURBIN','Francis','',NULL),(240,'DAVID','Benjamin','',NULL),(241,'DEBICI','Sébastien','',NULL),(242,'ERNOUF','Valentin','',NULL),(243,'FABRE','Tristan','',NULL),(244,'FARIS','Yassine','',NULL),(245,'FILLON','Adrien','',NULL),(246,'GRACIANNETTE','Olivier','',NULL),(247,'LACOSTE','Valentin','',NULL),(248,'LAHILLONNE','Louis-Adrien','',NULL),(249,'LAMBERT','Frédéric','',NULL),(250,'LOUA','Cyndi','',NULL),(251,'LOUSTAU','Clément','',NULL),(252,'MAGNIER','Stefan','',NULL),(253,'MARIN','Alexis','',NULL),(254,'MIGEREL','Thomas','',NULL),(255,'MOKNINE','Bastien','',NULL),(256,'MONTOUX','Richard','',NULL),(257,'MONTUS','Paul','',NULL),(258,'MOREAU','Corentin','',NULL),(259,'NAIBO','Gael','',NULL),(260,'PAIRAULT','Marie','',NULL),(261,'RADANIELINA','Fenohasina','',NULL),(262,'RAKOTOMANGA','Antoine','',NULL),(263,'RAYNAUD','Johann','',NULL),(264,'ROUX','Tony','',NULL),(265,'RUIZ','Simon','',NULL),(266,'SASSUS-BOURDA','Pierre','',NULL),(267,'SLAYKI','Mehdi','',NULL),(268,'SOUBRIÉ','Thomas','',NULL),(269,'TANDÉ','Yann','',NULL),(270,'THORPE','Ryon','',NULL),(271,'VIBERT','Kévin','',NULL),(272,'ANTOINE','Marc robert','antoine.marc-robert@hotmail.com',NULL),(273,'AOUDJIT','Massyl','',NULL),(274,'AYARI','Saloua','saloua.ayari@yahoo.com',NULL),(275,'CHATELIN','David','ChatelinD@hotmail.fr',NULL),(276,'DRAME','Mouhamed','drame.mouha@yahoo.com',NULL),(277,'DUTHU','Alizée','alizee.duthu@gmail.com',NULL),(278,'HAMMAMI','Montasser','montasser33800@gmail.com',NULL),(279,'MASOUNAVE','Rémy','remy.masounave@gmail.com',NULL),(280,'MINVIELLE','Sébastien','sebastien.minvielle@gmail.com',NULL),(281,'NGOUA ASSOUMOU','Antoine','antoine.ngoua@gmail.com',NULL),(282,'PHILIPPE','Max-charles','max-philippe@hotmail.fr',NULL),(283,'TROADEC','Jordan','troadec.jordan@ymail.com',NULL),(284,'TEST','Test','michel@devatom.net',NULL),(285,'BERTHELLOT','Elsa','elsa.berthellot@ecoles-wis.net',NULL),(286,'DRAVIGNEY','Thomas','thomas.dravigney@ecoles-wis.net',NULL),(287,'LAINE','Romain','romain.laine@ecoles-wis.net',NULL),(288,'PITEAU','Chloé','chloe.piteau@ecoles-wis.net',NULL),(289,'SCHMUTZ','Félix','felix.schmutz@ecoles-wis.net',NULL),(290,'STOLBOWSKY','Alizée','alizee.stolbowsky@ecoles-wis.net',NULL),(291,'WAX','Marie','marie.wax@ecoles-wis.net',NULL),(292,'BARBEAU','Morgane','morgane.barbeau@ecoles-wis.net',NULL),(293,'CASTAGNA','Caroline','caroline.castagna@ecoles-wis.net',NULL),(294,'CORS','Marvin','marvin.cors@ecoles-wis.net',NULL),(295,'GELIN','Sébastien','sebastien.gelin@ecoles-wis.net',NULL),(296,'GERVAIS','Pierre','pierre.gervais@ecoles-wis.net',NULL),(297,'GORIAUX','Paul-François','p.goriaux@ecoles-wis.net',NULL),(298,'HELAIN','Samuel','samuel.helain@ecoles-wis.net',NULL),(299,'MAGNAC','Léo','leo.magnac@ecoles-wis.net',NULL),(300,'MAILLET','Nicolas','nicolas.maillet@ecoles-wis.net',NULL),(301,'MARIE','Charles-Antoine','c.marie@ecoles-wis.net',NULL),(302,'MOUGAS','Yanis','yanis.mougas@ecoles-wis.net',NULL),(303,'NYUNDU','Marie-Agnès','marieagnes.nyundu@ecoles-wis.net',NULL),(304,'GAYERIE','David','david.gayerie@free.fr',NULL),(305,'DJEMAM','Nidal',NULL,NULL),(306,'MASSET','Anthony',NULL,NULL),(307,'GOT','Patrice',NULL,NULL),(308,'AMANT','David','',20),(309,'ANRAS','Pierre','',NULL),(310,'BENQUET','Emeline','',NULL),(311,'BILLARD','Benjamin','',NULL),(312,'BONNAT','Jonathan','',NULL),(313,'BOUCHET','Kateryna','',NULL),(314,'BERNARD','Jérémy','',NULL),(315,'BOUILLET','Mélissa','',NULL),(316,'BOUMANS','Jimmy','',NULL),(317,'BRISAC','Aurélien','',NULL),(318,'CHANGEY','Elodie','',NULL),(319,'DAGUSE','Tristan','',NULL),(320,'DE LEMOS','Yann','',NULL),(321,'DORVILLE','Mathieu','',NULL),(322,'DOUCET','Maxime','',NULL),(323,'DUBARRY','Fleur','',NULL),(324,'ECKLY','Damien','',NULL),(325,'GONZALES','Benjamin','',NULL),(326,'GRONDIN','Mélissa','',NULL),(327,'HAMON','Glenn','',NULL),(328,'HILAIRE','Sirika','',NULL),(329,'LAERA','Jérémie','',NULL),(330,'LAURIN','Maxime','',NULL),(331,'LE MEUR','Benjamin','',NULL),(332,'LEPERA','Soren','',NULL),(333,'MARMIESSE','Lilian','',NULL),(334,'PICHERIT','Etienne','',NULL),(335,'REBUZZI','Stéphanie','',NULL),(336,'REDIEN','Florian','',NULL),(337,'SAUVEUR','Robin','',NULL),(338,'JACQUOT','David','david.jacquot40@gmail.com',NULL),(340,'CHAUVIN','Nicolas','nicolas@avalone-fr.com',21),(342,'BA','David','',NULL),(343,'LEMAYRIE','Nicolas','',NULL),(344,'ANSEL','Benoît','',NULL),(345,'KOLB','Michael','',NULL),(346,'MAGALHAES','Eddy','',NULL),(347,'GUERACAGUE','Frédéric','',NULL),(348,'CADIC','Dulce','',NULL),(349,'NGO','Tony','',NULL),(351,'LAPORTE','Amélie','',NULL),(352,'PONTNEAU','Loïc','',NULL),(353,'BERNARD','Guillaume','',NULL),(354,'SASSONIA','Victor','',NULL),(355,'CHEVALLET','Mélissa','',NULL),(356,'CISSE','Awa','',NULL),(357,'CAPELLE','Romain','',NULL),(358,'LEONARD','Kévin','',NULL),(359,'DOTTEL','Rubina','',NULL),(360,'HERRERA','Kelly','',NULL),(361,'DUMEAUX','Laurent','',NULL),(362,'PELLIOZOTTI','Jérémy','',NULL),(363,'ROUCHAUD	','Pilippe',NULL,NULL),(366,'TEST2','Test','',NULL),(367,'BRETON','Victor','victor.breton02@gmail.com',NULL),(368,'CHINI','Olivier','chiniolivier@yahoo.fr',NULL),(369,'CLERJUSTE','Emilien','e.clairjuste@gmail.com',NULL),(370,'DE ALMEIDA ORLANDO','Fernanda','kastrupf@gmail.com',NULL),(371,'HENRY','Didier','henryd.pro@gmail.com',NULL),(372,'LABECOT','Rémy','remylabecot@gmail.com',NULL),(373,'LEBERT','Claire','lebertclaire@yahoo.fr',NULL),(374,'LEGRAND','Vincent','vincent.legrand31@gmail.com',NULL),(375,'PEREZ','Elsa','epstrand@gmail.com',NULL),(376,'SALGUEIRO','Georgina','georsalgueiro@gmail.com',NULL),(377,'ALPHA','Patrick Olivier','p.alpha@epsi.fr',NULL),(378,'ARNOUX','Laurent','laurent.arnoux2@epsi.fr',NULL),(379,'BREYSACHER','Anaëlle','anaelle.breysacher@epsi.fr',NULL),(380,'CARRALOU','Alexandre','alexandre.carralou@epsi.fr',NULL),(381,'COURTIAU','Maxime','maxime.courtiau@epsi.fr',NULL),(382,'DEVES','Julien','julien.deves@epsi.fr',NULL),(383,'DUPOUY','Frédéric','frederic.dupouy@epsi.fr',NULL),(384,'GADIAGA','Libasse','libasse.gadiaga@epsi.fr',NULL),(385,'HAUSWALD','Tristan','tristan.hauswald@epsi.fr',NULL),(386,'LOISEAU','Kévin','kevin.loiseau@epsi.fr',NULL),(387,'LOPP','Janeka','janeka.lopp@epsi.fr',NULL),(388,'MBAYE','Seynabou','seynabou.mbaye@epsi.fr',NULL),(389,'NICAUD','Jonathan','jonathan.nicaud@epsi.fr',NULL),(391,'PIERRES','Adeline','adeline.pierres@epsi.fr',NULL),(392,'RICHARD','Florian','florian.richard@epsi.fr',NULL),(393,'ROUX','Kénan','kenan.roux@epsi.fr',NULL),(394,'SARADIN','Eric','eric.saradin@epsi.fr',NULL),(395,'SARRAT','Manon','manon.sarrat1@epsi.fr',NULL),(396,'SARR','Pierre','pierre.sarr@epsi.fr',NULL),(397,'SOTERAS','Lucas','lucas.soteras@epsi.fr',NULL),(398,'TOREILLES','Gauthier','gauthier.torreilles@epsi.fr',NULL),(399,'TOUCHARD','Pierre-Louis','p.touchard@epsi.fr',NULL),(400,'TUHAUD','Mickaël','mickael.tuhaud@epsi.fr',NULL),(401,'VANDAELE','Alexandre','alexandre.vandaele@epsi.fr',NULL),(402,'GEFFRAY','Frédéric','fred.geffray@gmail.com',NULL),(403,'NZEKA','Gilbert','pro@gilbertnzeka.com',NULL),(404,'BENSMAINI','Ilyas','ilyas@thebigpixel.fr',NULL),(405,'DUPUIS','Victorien','',NULL),(406,'D\'HUVE','Lena','',NULL),(407,'RICHARD','Paule','',NULL),(408,'FERCHAUD','Jérôme','',NULL),(409,'VILLATE','Jérémy','',NULL),(410,'ADMINISTRATEUR','Administrateur',NULL,4),(411,'OZTURK','Maryline','',NULL),(412,'RAMOND','Dominique','',NULL),(413,'FLEYS','Josiane','',NULL),(414,'RIBOULET','Guillaume','',NULL),(415,'LESAULT','Karelle','',NULL),(416,'FREITAS','José-avelino','',NULL),(417,'PICAU','Caroline','',NULL),(418,'DEFONTAINE','Alexandre','',NULL),(419,'BONNAUD','Hervé','',NULL),(421,'PERREIRA','Carlos','',NULL),(422,'VINCENT','Jean-Frédéric','',NULL),(423,'ACAR','Hayri','',NULL),(424,'AGOSTINI','Jules','',NULL),(425,'PEYNEAU','Angèle',NULL,NULL),(426,'VERDOIS','Thomas',NULL,NULL),(427,'BERGON','Felix','felix.bergon@esme.fr',NULL),(428,'BONIN','Terence','terence.bonin@esme.fr',NULL),(429,'BURGELIN','Gregoire','gregoire.burgelin@esme.fr',NULL),(430,'CERVELLI','Francois','francois.cervelli@esme.fr',NULL),(431,'CHANCEL','Emma','emma.chancel@esme.fr',NULL),(432,'CHATTELARD','Vincent','vincent.chattelard@esme.fr',NULL),(433,'CHRETIEN','Vincent','vincent.chretien@esme.fr',NULL),(434,'DE CLERCK','Paul','paul.de-clerck@esme.fr',NULL),(435,'DE FONROCQUE','Valentin','valentin.de-fonrocque@esme.fr',NULL),(436,'DEPLANQUE','Andreas','andreas.deplanque@esme.fr',NULL),(437,'DEYDIER','Jean-Baptiste','jean-baptiste.deydier@esme.fr',NULL),(438,'DIEZ','Daniel','daniel.diez@esme.fr',NULL),(439,'DUFLOT','Alexandre','alexandre.duflot@esme.fr',NULL),(440,'GRAND','Violine','violine.grand@esme.fr',NULL),(441,'GRANGE','Paul','paul.grange@esme.fr',NULL),(442,'GUILLONNEAU','Pierre','pierre.guillonneau@esme.fr',NULL),(443,'KULECZKA','Aurelien','aurelien.kuleczka@esme.fr',NULL),(444,'LAFFITE','Paul','paul.laffite@esme.fr',NULL),(445,'LASNE','Mathilde','mathilde.lasne@esme.fr',NULL),(446,'LE BOSSE','Gautier','gautier.le-bosse@esme.fr',NULL),(447,'LEBON','Arthur','arthur.lebon@esme.fr',NULL),(448,'LEDOUX','Pierre','pierre.ledoux@esme.fr',NULL),(449,'LEFEBVRE','Clement','clement.lefebvre@esme.fr',NULL),(450,'MANEVY','Clemence','clemence.manevy@esme.fr',NULL),(451,'MARCKERT','Nicolas','nicolas.marckert@esme.fr',NULL),(452,'MARROCQ','Louis','louis.marrocq@esme.fr',NULL),(453,'MASSON','Alexandre','alexandre.masson@esme.fr',NULL),(454,'MERIGUET','Edouard','edouard.meriguet@esme.fr',NULL),(455,'MICHAUX','Clement','clement.michaux@esme.fr',NULL),(456,'MOINOT','Soline','soline.moinot@esme.fr',NULL),(457,'MOURGUES','Charles','charles.mourgues@esme.fr',NULL),(458,'MUTHUSAMIMUDAH','Dean','dean.muthusamimudah@esme.fr',NULL),(459,'NENY','Paul','paul.neny@esme.fr',NULL),(460,'NOGUES','Robin','robin.nogues@esme.fr',NULL),(461,'NUNES','Emmanuelle','emmanuelle.nunes@esme.fr',NULL),(462,'PANIER DES TOUCHES','Maxime','maxime.panier-des-touches@esme.fr',NULL),(463,'PARIS--LE BAIL','Mael','mael.paris-le-bail@esme.fr',NULL),(464,'PELARD','Gabin','gabin.pelard@esme.fr',NULL),(465,'PERRAULT','Charles','charles.perrault@esme.fr',NULL),(466,'PINEAU','Melisande','melisande.pineau@esme.fr',NULL),(467,'PINO','Mattias','mattias.pino@esme.fr',NULL),(468,'RAOUI','Hamza','hamza.raoui@esme.fr',NULL),(469,'RIBEIRO','Maxime','maxime.ribeiro@esme.fr',NULL),(470,'ROM','Thibault','thibault.rom@esme.fr',NULL),(471,'RUMEAU','Sylvain','sylvain.rumeau@esme.fr',NULL),(472,'SAVIOT','Marie','marie.saviot@esme.fr',NULL),(473,'SEIGLAN','Maxime','maxime.seiglan@esme.fr',NULL),(474,'SPITALE','Valentin','valentin.spitale@esme.fr',NULL),(475,'VERDIER','Mael','mael.verdier@esme.fr',NULL),(476,'WAUTERS DE BESTERFELD','Marina','marina.wauters-de-besterfeld@esme.fr',NULL),(477,'CLARTE','Bruno',NULL,NULL),(478,'WATSON','Karen',NULL,NULL),(479,'BENNE','Sophie','',NULL),(480,'BOUCHETARA','Nor','',NULL),(481,'FOUILLADE','Céline','celine.fouillade@maif.fr',NULL),(482,'SOMOZA','Christophe','christophe.somoza@maif.fr',NULL),(484,'BENAYOUN','Elie','elie.benayoun@ynov.com',NULL),(485,'BLIN','Jean-Christophe','jeanchristophe.blin@ynov.com',NULL),(486,'BURLE','Clelia','clelia.burle@ynov.com',NULL),(487,'CARGNELLI','Arthur','arthur.cargnelli@ynov.com',NULL),(489,'DUART','Quentin','quentin.duart@ynov.com',NULL),(490,'FERNANDEZ','Julien','julien.fernandez64@ynov.com',NULL),(491,'FLAMANT','Cédric','cedric.flamant@ynov.com',NULL),(492,'GERMAIN','Maxim','maxim.germain@ynov.com',NULL),(493,'GIRALT','Benjamin','benjamin.giralt@ynov.com',NULL),(494,'GUILLOT','Axel','axel.guillot@ynov.com',NULL),(495,'HAMEL','Hugo','hugo.hamel@ynov.com',NULL),(497,'MAHEVAS','Lilian','lilian.mahevas@ynov.com',NULL),(498,'NICOLLEAU','Antoine','antoine.nicolleau@ynov.com',NULL),(499,'ROUGAGNOU','Boris','boris.rougagnou@ynov.com',NULL),(500,'THIBAULT','Peïo','peio.thibault@ynov.com',NULL),(501,'TRIJEAN','Julien','julien.trijean@ynov.com',NULL),(502,'VACCARO','Adrien','adrien.vaccaro@ynov.com',NULL),(503,'VERGÉ','Romain','romain.verge@ynov.com',NULL),(504,'WILFART','Louis-Armand','louisarmand.wilfart@ynov.com',NULL),(505,'ALCOCER','Gilles','gilles.alcocer@st.com',NULL),(506,'ARCUCCI','Franck','franck.arcucci@st.com',NULL),(507,'GIRAUD','Guylaine','guylaine.giraud@st.com',NULL),(508,'LAVINA','Jean-christophe','jean-christophe.lavina@st.com',NULL),(509,'LEBLANC','Sébastien','sebastien.leblanc@st.com',NULL),(510,'LOUBOUTIN','Nicolas','nicolas.louboutin@st.com',NULL),(511,'PINSON-LEROUX','Jean-noel','jean-noel.pinson-leroux@st.com',NULL),(512,'PRESTY','Jean-luc','jean-luc.presty@st.com',NULL),(513,'FAURE','Eric','infos@eric-faure.fr',NULL),(514,'NOBIS','Cédric','cedric.nobis@live.fr',NULL),(515,'COULON','Mathieu','mathieu.coulon@univ-avignon.fr',NULL),(516,'AVELLANEDA','Martial','martial.avellaneda@univ-amu.fr',NULL),(517,'SATRE','Stéphanie','satre@mmsh.univ-aix.fr',NULL),(518,'ZEVACO','Didier','didier.zevaco@osupytheas.fr',NULL),(519,'CORNILLAUX','Emilie','emilie.cornillaux@openedition.org',NULL),(520,'CHENTOUF','Sara','sara.chentouf-beneddra@univ-amu.fr',NULL),(521,'PORTRON','Arthur','arthur.portron@univ-amu.fr',NULL),(522,'SANOU','Isaac','isaac-wilfried.sanou@lis-lab.fr',NULL),(523,'CASANOVA-Enault','laure','laure.casanova@univ-avignon.fr',NULL),(524,'PERIS','Antoine','antoine.peris@univ-avignon.fr',NULL),(525,'FRADET','Cécile','cecile.fradet@maif.fr',NULL),(526,'LOURY','Antoine','antoine.loury@maif.fr',NULL),(527,'JUMEL','Alexandre','alexandre.jumel@maif.fr',NULL),(528,'RUELLAN','Yann','yann.ruellan@maif.fr',NULL),(529,'BAIXAS','Arnaud','arnaud.baixas@st.com',NULL),(530,'GRANDJOUAN','Gilles','gilles.grandjouan@st.com',NULL),(531,'LEFORT','Loic','loic.lefort@st.com',NULL),(532,'VAILLAND','Stéphane','stephane.vailland@st.com',NULL),(533,'DIMEGLIO','Bruno','bruno.dimeglio@st.com',NULL),(534,'RANDAZZO-ROU','Salvatore','salvatore.randazzo-rou@st.com',NULL),(535,'GANGAI','Elora','ELORA.GANGAI@assurance-maladie.fr',NULL),(536,'ABOUKAID','Ilyas','ilyas.aboukaid@edu.ece.fr',NULL),(537,'ADAM','Youssouf erda','youssouferda.adam@edu.ece.fr',NULL),(538,'ELEMINE','Mohamed','mohamed.elemine@edu.ece.fr',NULL),(539,'FANE','Diatigui','diatigui.fane@edu.ece.fr',NULL),(540,'LECLERCQ','Emyl','emyl.leclercq@edu.ece.fr',NULL),(541,'MILLET--GARBARINI','Quentin','quentin.milletgarbarini@edu.ece.fr',NULL),(542,'PORQUET','Greg','greg.porquet@edu.ece.fr',NULL),(543,'BESNARD','Delphine','delphine.besnard@maif.fr',NULL),(544,'CHEVRIER','Gilles','gilles.chevrier@maif.fr',NULL),(545,'COURTEL','Carole','carole.COURTEL@maif.fr',NULL),(546,'DELAHAY','Cécile','cecile.DELAHAY@maif.fr',NULL),(547,'DELPECH','Ludovic','ludovic.delpech@maif.fr',NULL),(548,'ELHAIK','Fleur','fleur.elhaik@maif.fr',NULL),(549,'ESPAGNET','Ophélie','ophelie.espagnet@maif.fr',NULL),(550,'GABET','Elsa','elsa.gabet@maif.fr',NULL),(551,'GAGNAIRE','Sandrine','sandrine.gagnaire@maif.fr',NULL),(552,'LEBARGY','Nadège','nadege.lebargy@maif.fr',NULL),(553,'PERHIRIN','Nicolas','nicolas.perhirin@maif.fr',NULL),(554,'POUPELIN','Patrick','patrick.poupelin@maif.fr',NULL),(555,'ROUSSELET','Lydie','lydie.rousselet@maif.fr',NULL),(556,'SORIA','Laila','laila.soria@maif.fr',NULL),(557,'SORIN','Aurélien','Aurelien.SORIN@maif.fr',NULL),(558,'WARGNIER','Liza','liza.wargnier@maif.fr',NULL);
/*!40000 ALTER TABLE `personne` ENABLE KEYS */;
UNLOCK TABLES;

--
-- Table structure for table `promotion`
--

DROP TABLE IF EXISTS `promotion`;
/*!40101 SET @saved_cs_client     = @@character_set_client */;
/*!50503 SET character_set_client = utf8mb4 */;
CREATE TABLE `promotion` (
  `promo_id` int NOT NULL AUTO_INCREMENT,
  `promo_libelle` varchar(50) NOT NULL,
  `eco_id` int NOT NULL,
  PRIMARY KEY (`promo_id`),
  KEY `FK_promotion_eco_id` (`eco_id`),
  CONSTRAINT `FK_promotion_eco_id` FOREIGN KEY (`eco_id`) REFERENCES `ecole` (`eco_id`)
) ENGINE=InnoDB AUTO_INCREMENT=32 DEFAULT CHARSET=utf8mb3 COMMENT='Table contenant les promotions suivant les formtions';
/*!40101 SET character_set_client = @saved_cs_client */;

--
-- Dumping data for table `promotion`
--

LOCK TABLES `promotion` WRITE;
/*!40000 ALTER TABLE `promotion` DISABLE KEYS */;
INSERT INTO `promotion` VALUES (1,'B1',1),(2,'B2',1),(3,'B3',1),(4,'I4',1),(5,'I5',1),(6,'WIS1',2),(7,'WIS2',2),(8,'WIS3',2),(9,'U\'DEV',3),(10,'POEI CAP GEMINI',5),(11,'POEI CGI',4),(12,'U\'DEV 2',3),(13,'POE SQLi',6),(14,'U\'DEV 3',3),(15,'SOGETI',8),(16,'MASTER CLASS',7),(17,'POE APSIDE',9),(18,'POE SOGETI',10),(19,'POE CHEOPS',11),(20,'test',12),(21,'ee',12),(22,'MAIF',13),(23,'Ingé1',14),(24,'E1',15),(25,'STMicro',13),(26,'CPF',8),(27,'CFA',16),(28,'CPF',16),(29,'CNRS',13),(30,'CPAM',17),(31,'Bacchelor B1',18);
/*!40000 ALTER TABLE `promotion` ENABLE KEYS */;
UNLOCK TABLES;

--
-- Table structure for table `rattacher`
--

DROP TABLE IF EXISTS `rattacher`;
/*!40101 SET @saved_cs_client     = @@character_set_client */;
/*!50503 SET character_set_client = utf8mb4 */;
CREATE TABLE `rattacher` (
  `mod_id` int NOT NULL,
  `pf_id` int NOT NULL,
  `ratt_chrono` int NOT NULL DEFAULT '1',
  PRIMARY KEY (`mod_id`,`pf_id`),
  KEY `FK_RATT_PF` (`pf_id`),
  CONSTRAINT `FK_RATT_MOD` FOREIGN KEY (`mod_id`) REFERENCES `module` (`mod_id`),
  CONSTRAINT `FK_RATT_PF` FOREIGN KEY (`pf_id`) REFERENCES `periodeformation` (`pf_id`)
) ENGINE=InnoDB DEFAULT CHARSET=latin1;
/*!40101 SET character_set_client = @saved_cs_client */;

--
-- Dumping data for table `rattacher`
--

LOCK TABLES `rattacher` WRITE;
/*!40000 ALTER TABLE `rattacher` DISABLE KEYS */;
INSERT INTO `rattacher` VALUES (1,1,1),(2,1,2),(3,1,3),(4,1,4),(5,1,5),(6,1,6),(7,1,7),(8,1,8),(9,1,9),(10,1,10),(11,1,11),(12,5,1),(15,8,1),(16,8,2),(17,8,3),(18,8,4),(20,7,1),(21,6,1),(22,6,2),(23,2,1),(25,5,1),(26,10,0),(27,10,1),(28,1,12),(29,5,2),(30,11,1),(31,5,3),(32,5,4),(33,5,5),(34,5,6),(35,5,7),(36,5,8),(37,5,9),(38,13,4),(38,20,4),(38,24,1),(38,25,8),(39,13,5),(39,20,5),(39,24,2),(39,25,9),(40,13,6),(40,24,3),(41,13,8),(41,25,4),(42,13,9),(42,25,5),(43,13,10),(43,25,6),(44,13,11),(45,13,2),(45,25,7),(46,13,3),(46,25,13),(47,13,12),(48,13,7),(48,25,11),(49,13,1),(50,14,1),(51,20,6),(52,20,7),(53,20,8),(54,20,9),(55,18,1),(59,17,1),(60,17,2),(61,8,5),(66,20,10),(67,13,13),(68,25,2),(69,25,12),(70,25,3),(71,25,15),(72,25,16),(73,25,17),(74,25,18),(75,25,19),(76,25,1),(77,25,14),(78,28,1),(79,29,1),(80,29,2),(81,29,3),(82,30,1),(83,30,2),(84,30,3),(85,31,1),(85,36,1),(85,43,1),(86,31,2),(86,36,2),(86,43,2),(87,31,3),(87,36,3),(87,43,3),(88,31,4),(88,36,4),(89,31,5),(89,36,5),(89,43,5),(90,31,6),(90,36,6),(91,33,1),(92,33,2),(93,33,3),(94,33,4),(95,33,5),(96,33,6),(97,33,7),(98,33,8),(99,33,9),(100,33,10),(101,33,11),(102,33,12),(103,33,13),(104,33,14),(105,33,15),(106,33,16),(107,34,1),(108,37,1),(109,38,1),(110,39,1),(111,39,2),(112,39,3),(113,40,1),(114,42,1),(115,44,1),(116,45,1),(117,45,2),(118,45,3),(119,45,4),(120,46,1),(121,46,2),(122,47,1),(123,47,2),(124,47,3),(125,47,4),(126,47,5),(127,47,6),(128,47,7);
/*!40000 ALTER TABLE `rattacher` ENABLE KEYS */;
UNLOCK TABLES;

--
-- Table structure for table `rattrapage`
--

DROP TABLE IF EXISTS `rattrapage`;
/*!40101 SET @saved_cs_client     = @@character_set_client */;
/*!50503 SET character_set_client = utf8mb4 */;
CREATE TABLE `rattrapage` (
  `rat_id` int NOT NULL AUTO_INCREMENT,
  `rat_fichiersujet` varchar(250) NOT NULL,
  `rat_md5ficsujet` varchar(250) NOT NULL,
  `rat_valdelai` tinyint unsigned NOT NULL DEFAULT '1',
  `rat_unitdelai` char(1) NOT NULL DEFAULT 'h',
  `rat_daterecupsujet` datetime DEFAULT NULL,
  `rat_fichierretouretudiant` varchar(250) DEFAULT NULL,
  `rat_md5retetudiant` varchar(250) DEFAULT NULL,
  `rat_dateretouretudiant` datetime DEFAULT NULL,
  `etu_id` int NOT NULL,
  `mod_id` int NOT NULL,
  `statr_id` int NOT NULL,
  PRIMARY KEY (`rat_id`),
  KEY `FK_RAT_ETUD` (`etu_id`),
  KEY `FK_RAT_MOD` (`mod_id`),
  KEY `FK_RATT_STATR` (`statr_id`),
  CONSTRAINT `FK_RAT_ETUD` FOREIGN KEY (`etu_id`) REFERENCES `etudiant` (`etu_id`),
  CONSTRAINT `FK_RAT_MOD` FOREIGN KEY (`mod_id`) REFERENCES `module` (`mod_id`),
  CONSTRAINT `FK_RATT_STATR` FOREIGN KEY (`statr_id`) REFERENCES `statutrattrapage` (`statr_id`)
) ENGINE=InnoDB AUTO_INCREMENT=2 DEFAULT CHARSET=latin1;
/*!40101 SET character_set_client = @saved_cs_client */;

--
-- Dumping data for table `rattrapage`
--

LOCK TABLES `rattrapage` WRITE;
/*!40000 ALTER TABLE `rattrapage` DISABLE KEYS */;
INSERT INTO `rattrapage` VALUES (1,'rat_RO_i4_20181001.pdf','50c8fbfc50b72b79016ff1b7333d9be0',24,'h','2018-01-23 10:14:00','rendu_ETUDIANT_Etudiant_20180123_101703.jar','9ea0b7e2f02a36eb4ddbfe64e14d2a81','2018-01-23 10:17:03',40,12,2);
/*!40000 ALTER TABLE `rattrapage` ENABLE KEYS */;
UNLOCK TABLES;

--
-- Table structure for table `responsablePedago`
--

DROP TABLE IF EXISTS `responsablePedago`;
/*!40101 SET @saved_cs_client     = @@character_set_client */;
/*!50503 SET character_set_client = utf8mb4 */;
CREATE TABLE `responsablePedago` (
  `resp_id` int NOT NULL AUTO_INCREMENT,
  `pers_id` int NOT NULL,
  PRIMARY KEY (`resp_id`,`pers_id`),
  KEY `FK_RESP_PERS` (`pers_id`),
  CONSTRAINT `FK_RESP_PERS` FOREIGN KEY (`pers_id`) REFERENCES `personne` (`pers_id`)
) ENGINE=InnoDB AUTO_INCREMENT=10 DEFAULT CHARSET=latin1;
/*!40101 SET character_set_client = @saved_cs_client */;

--
-- Dumping data for table `responsablePedago`
--

LOCK TABLES `responsablePedago` WRITE;
/*!40000 ALTER TABLE `responsablePedago` DISABLE KEYS */;
INSERT INTO `responsablePedago` VALUES (1,1),(6,4),(9,47),(2,49),(7,477),(8,480);
/*!40000 ALTER TABLE `responsablePedago` ENABLE KEYS */;
UNLOCK TABLES;

--
-- Table structure for table `statuteval`
--

DROP TABLE IF EXISTS `statuteval`;
/*!40101 SET @saved_cs_client     = @@character_set_client */;
/*!50503 SET character_set_client = utf8mb4 */;
CREATE TABLE `statuteval` (
  `statev_id` int NOT NULL AUTO_INCREMENT,
  `statev_libelle` varchar(50) NOT NULL,
  `statev_impactmoyenne` tinyint(1) NOT NULL DEFAULT '1',
  PRIMARY KEY (`statev_id`)
) ENGINE=InnoDB AUTO_INCREMENT=6 DEFAULT CHARSET=latin1;
/*!40101 SET character_set_client = @saved_cs_client */;

--
-- Dumping data for table `statuteval`
--

LOCK TABLES `statuteval` WRITE;
/*!40000 ALTER TABLE `statuteval` DISABLE KEYS */;
INSERT INTO `statuteval` VALUES (1,'Présent',1),(2,'Absent justifié',0),(3,'Absent non justifié',1),(4,'Non évalué',0),(5,'Non rendu',1);
/*!40000 ALTER TABLE `statuteval` ENABLE KEYS */;
UNLOCK TABLES;

--
-- Table structure for table `statutmemoire`
--

DROP TABLE IF EXISTS `statutmemoire`;
/*!40101 SET @saved_cs_client     = @@character_set_client */;
/*!50503 SET character_set_client = utf8mb4 */;
CREATE TABLE `statutmemoire` (
  `statm_id` int NOT NULL AUTO_INCREMENT,
  `statm_libelle` varchar(50) NOT NULL,
  PRIMARY KEY (`statm_id`)
) ENGINE=InnoDB AUTO_INCREMENT=7 DEFAULT CHARSET=latin1;
/*!40101 SET character_set_client = @saved_cs_client */;

--
-- Dumping data for table `statutmemoire`
--

LOCK TABLES `statutmemoire` WRITE;
/*!40000 ALTER TABLE `statutmemoire` DISABLE KEYS */;
INSERT INTO `statutmemoire` VALUES (1,'En attente de sujet'),(2,'Sujet validé'),(3,'Tuteur désigné'),(4,'En suivi'),(5,'Finalisé'),(6,'Validé');
/*!40000 ALTER TABLE `statutmemoire` ENABLE KEYS */;
UNLOCK TABLES;

--
-- Table structure for table `statutpf`
--

DROP TABLE IF EXISTS `statutpf`;
/*!40101 SET @saved_cs_client     = @@character_set_client */;
/*!50503 SET character_set_client = utf8mb4 */;
CREATE TABLE `statutpf` (
  `statpf_id` int NOT NULL AUTO_INCREMENT,
  `statpf_libelle` varchar(50) NOT NULL,
  PRIMARY KEY (`statpf_id`)
) ENGINE=InnoDB AUTO_INCREMENT=4 DEFAULT CHARSET=latin1;
/*!40101 SET character_set_client = @saved_cs_client */;

--
-- Dumping data for table `statutpf`
--

LOCK TABLES `statutpf` WRITE;
/*!40000 ALTER TABLE `statutpf` DISABLE KEYS */;
INSERT INTO `statutpf` VALUES (1,'En Cours'),(2,'Terminée'),(3,'En Prévision');
/*!40000 ALTER TABLE `statutpf` ENABLE KEYS */;
UNLOCK TABLES;

--
-- Table structure for table `statutrattrapage`
--

DROP TABLE IF EXISTS `statutrattrapage`;
/*!40101 SET @saved_cs_client     = @@character_set_client */;
/*!50503 SET character_set_client = utf8mb4 */;
CREATE TABLE `statutrattrapage` (
  `statr_id` int NOT NULL AUTO_INCREMENT,
  `statr_libelle` varchar(50) NOT NULL,
  PRIMARY KEY (`statr_id`)
) ENGINE=InnoDB AUTO_INCREMENT=7 DEFAULT CHARSET=latin1;
/*!40101 SET character_set_client = @saved_cs_client */;

--
-- Dumping data for table `statutrattrapage`
--

LOCK TABLES `statutrattrapage` WRITE;
/*!40000 ALTER TABLE `statutrattrapage` DISABLE KEYS */;
INSERT INTO `statutrattrapage` VALUES (1,'En cours'),(2,'Terminé'),(3,'Validé'),(4,'Annulé'),(5,'Expiré'),(6,'Non validé');
/*!40000 ALTER TABLE `statutrattrapage` ENABLE KEYS */;
UNLOCK TABLES;

--
-- Table structure for table `tuteur`
--

DROP TABLE IF EXISTS `tuteur`;
/*!40101 SET @saved_cs_client     = @@character_set_client */;
/*!50503 SET character_set_client = utf8mb4 */;
CREATE TABLE `tuteur` (
  `tut_id` int NOT NULL AUTO_INCREMENT,
  `pers_id` int NOT NULL,
  PRIMARY KEY (`tut_id`,`pers_id`),
  KEY `FK_TUTEUR_PERS` (`pers_id`),
  CONSTRAINT `FK_TUTEUR_PERS` FOREIGN KEY (`pers_id`) REFERENCES `personne` (`pers_id`)
) ENGINE=InnoDB DEFAULT CHARSET=latin1;
/*!40101 SET character_set_client = @saved_cs_client */;

--
-- Dumping data for table `tuteur`
--

LOCK TABLES `tuteur` WRITE;
/*!40000 ALTER TABLE `tuteur` DISABLE KEYS */;
/*!40000 ALTER TABLE `tuteur` ENABLE KEYS */;
UNLOCK TABLES;

--
-- Table structure for table `typeevaluation`
--

DROP TABLE IF EXISTS `typeevaluation`;
/*!40101 SET @saved_cs_client     = @@character_set_client */;
/*!50503 SET character_set_client = utf8mb4 */;
CREATE TABLE `typeevaluation` (
  `type_id` int NOT NULL AUTO_INCREMENT,
  `type_libelle` varchar(50) NOT NULL,
  PRIMARY KEY (`type_id`)
) ENGINE=InnoDB AUTO_INCREMENT=7 DEFAULT CHARSET=latin1;
/*!40101 SET character_set_client = @saved_cs_client */;

--
-- Dumping data for table `typeevaluation`
--

LOCK TABLES `typeevaluation` WRITE;
/*!40000 ALTER TABLE `typeevaluation` DISABLE KEYS */;
INSERT INTO `typeevaluation` VALUES (1,'Devoir'),(2,'Projet'),(3,'Contrôle Continu'),(4,'Examen Blanc'),(5,'TP'),(6,'Autres');
/*!40000 ALTER TABLE `typeevaluation` ENABLE KEYS */;
UNLOCK TABLES;

--
-- Table structure for table `uniteenseignement`
--

DROP TABLE IF EXISTS `uniteenseignement`;
/*!40101 SET @saved_cs_client     = @@character_set_client */;
/*!50503 SET character_set_client = utf8mb4 */;
CREATE TABLE `uniteenseignement` (
  `unit_id` int NOT NULL AUTO_INCREMENT,
  `unit_libelle` varchar(100) NOT NULL,
  PRIMARY KEY (`unit_id`)
) ENGINE=InnoDB AUTO_INCREMENT=54 DEFAULT CHARSET=latin1;
/*!40101 SET character_set_client = @saved_cs_client */;

--
-- Dumping data for table `uniteenseignement`
--

LOCK TABLES `uniteenseignement` WRITE;
/*!40000 ALTER TABLE `uniteenseignement` DISABLE KEYS */;
INSERT INTO `uniteenseignement` VALUES (1,'Développement d\'application Objet'),(2,'Réseaux & Systèmes'),(3,'SGBD Oracle'),(4,'Projet S.I. & Recherche Opérationnelle'),(5,'Environnement Juridique et Financier'),(6,'Anglais'),(7,'Techniques d\'Expression et Communication'),(8,'Gestion et Performance de solution d\'infrastrucure'),(9,'Conception & Développement S.I.'),(10,'Sécurité Informatique'),(11,'Virtualisation'),(12,'Données & Objets Connectés'),(13,'Conception d\'IHM web & nomade'),(14,'Administration Réseaux'),(15,'Systèmes'),(16,'Administration de Bases de Données'),(17,'Environnement Economique et Juridique'),(18,'Stage en entreprise'),(19,'Préparation Epreuves écrites'),(20,'Méthodes & Techniques Informatiques'),(21,'Apprendre à développer'),(22,'Développement d\'applications web'),(23,'Infrastructure Systèmes et Réseaux'),(24,'Bases de Données'),(25,'Mathématiques pour l\'informatique'),(26,'Communication & Techniques d\'expression'),(27,'Business Intelligence & Big Data'),(28,'Stage ou Alternance en entreprise'),(29,'Sécurité Informatique & Systèmes d\'information'),(30,'Sécurité Infrastructure'),(31,'Virtualisation & Cloud Computing'),(32,'Intelligence Artificielle'),(33,'Mobilité & Systèmes embarqués'),(34,'Business Intelligence'),(35,'Mathématique & Recherche Opérationnelle'),(36,'Méthodes de gestion de projet'),(37,'Stratégie Financière'),(38,'Management des systèmes d\'information'),(39,'Management des ressources'),(40,'Management de Projet'),(41,'Management de la Sécurité Informatique'),(42,'Managment du Cloud Computing'),(43,'Big Data & L\'Internet des Objets'),(44,'Management des environnements nomades'),(45,'Réalité Augmentée'),(46,'Développement en Temps Réel'),(47,'Réseau & Télécommunication'),(48,'Management d\'un projet ERP'),(49,'Prise en main ERP SAP'),(50,'Mémoire Professionnel'),(51,'Active Learning & Innovation'),(52,'Ateliers Dév. Professionnel & Active Learning'),(53,'Learning by doing');
/*!40000 ALTER TABLE `uniteenseignement` ENABLE KEYS */;
UNLOCK TABLES;

--
-- Table structure for table `userAuth`
--

DROP TABLE IF EXISTS `userAuth`;
/*!40101 SET @saved_cs_client     = @@character_set_client */;
/*!50503 SET character_set_client = utf8mb4 */;
CREATE TABLE `userAuth` (
  `us_id` int NOT NULL AUTO_INCREMENT,
  `us_login` varchar(50) NOT NULL,
  `us_password` varchar(100) NOT NULL,
  `us_isadmin` tinyint(1) NOT NULL DEFAULT '0',
  PRIMARY KEY (`us_id`)
) ENGINE=InnoDB AUTO_INCREMENT=23 DEFAULT CHARSET=latin1;
/*!40101 SET character_set_client = @saved_cs_client */;

--
-- Dumping data for table `userAuth`
--

LOCK TABLES `userAuth` WRITE;
/*!40000 ALTER TABLE `userAuth` DISABLE KEYS */;
INSERT INTO `userAuth` VALUES (1,'The_Legacy','sat@niKm',0),(2,'Consult','C0nsulT',0),(4,'Administrateur','@dmDev@tom',1),(12,'m.dumarque','1234',1),(16,'ee','ee',0),(17,'slabasse','pJ-Z3q1:',0),(18,'etudiant','etudiant',0),(19,'e.avinio','1234',0),(20,'d.amant','damant',0),(21,'nchauvin','nchauvin',1);
/*!40000 ALTER TABLE `userAuth` ENABLE KEYS */;
UNLOCK TABLES;
/*!40103 SET TIME_ZONE=@OLD_TIME_ZONE */;

/*!40101 SET SQL_MODE=@OLD_SQL_MODE */;
/*!40014 SET FOREIGN_KEY_CHECKS=@OLD_FOREIGN_KEY_CHECKS */;
/*!40014 SET UNIQUE_CHECKS=@OLD_UNIQUE_CHECKS */;
/*!40101 SET CHARACTER_SET_CLIENT=@OLD_CHARACTER_SET_CLIENT */;
/*!40101 SET CHARACTER_SET_RESULTS=@OLD_CHARACTER_SET_RESULTS */;
/*!40101 SET COLLATION_CONNECTION=@OLD_COLLATION_CONNECTION */;
/*!40111 SET SQL_NOTES=@OLD_SQL_NOTES */;

-- Dump completed on 2024-07-22 10:31:22
